SUPP_ID,SUPP_NAME,COUNTRY_NAME,SUPP_CITY,SUPP_ADDR,DEBAR_FROM_DATE,DEBAR_TO_DATE,DEBAR_REASON,SUPP_ELIG_STAT,INELIGIBLY_STATUS,LAST_REFRESH_DATE
323480,BMR CONSULTORIA Y CONSTRUCCIÓN S.A.C.,Peru,ANCASH,"CALLE BILBAO MZ. U LOTE 19, A.H., VILLA ESPANA, CHIMBOTE",2016-02-02,2999-12-31,"Procurement Guidelines, 1.14(a)(ii)",DEBARRED,Ongoing,2026-09-23T05:00:01.779Z
323491,CONSORCIO ROPRUCSA,Peru,CERCADO DE LIMA,"JR. CONDESUYO 549,A 3ER PISO",2016-02-05,2999-12-31,"Procurement Guidelines, 1.14(a)(ii)",DEBARRED,Ongoing,2026-09-23T05:00:01.779Z
326447,"SOFTWARE DEVELOPMENT & IT SOLUTION JOINT STOCK COMPANY (CADPRO., JSC.)",Viet Nam,HANOI,"NO. 11, CHAU LONG STREET, TRUC BACH WARD, BA DINH DISTRICT",2019-02-25,2028-11-24,"Jan. 2011 Proc. Guidelines, Para. 1.16(a)(ii), (iii), and (v)(bb)",DEBARRED,,2026-09-23T05:00:01.779Z
326920,ASTRA BIOPHARMACEUTICALS LIMITED,Bangladesh,DHAKA-1207,"43/2, RING ROAD, SHYAMOLI",2016-09-13,2999-12-31,"Procurement Guidelines, 1.14(a)(i)",DEBARRED,Ongoing,2026-09-23T05:00:01.779Z
325977,PSL ENGINEERING PRIVATE LIMITED,India,NEW DELHI-110020,"B-10/1, OKHLA INDUSTRIAL ESTATE, PHASE-II",2016-04-06,2999-12-31,Controlled Affiliate of a Sanctioned Entity.,DEBARRED,Ongoing,2026-09-23T05:00:01.779Z
325978,AIRSERCO PRIVATE LIMITED,India,NEW DELHI- 110020,"B-10/1, OKHLA INDUSTRIAL ESTATE, PHASE-II",2016-04-06,2999-12-31,Controlled Affiliate of a Sanctioned Entity.,DEBARRED,Ongoing,2026-09-23T05:00:01.779Z
325980,PSL ENGINEERING PVT. LTD.,India,NEW DELHI-110020,"159, OKHLA INDUSTRIAL ESTATE, PHASE-III",2016-04-06,2999-12-31,Controlled Affiliate of a Sanctioned Entity.,DEBARRED,Ongoing,2026-09-23T05:00:01.779Z
325954,FEDDERS ELECTRIC & ENGINEERING LTD.,India,NEW DELHI- 110020,"B-10/1, OKHLA INDUSTRIAL ESTATE, PHASE-II",2016-04-06,2999-12-31,Controlled Affiliate of a Sanctioned Entity.,DEBARRED,Ongoing,2026-09-23T05:00:01.779Z
325955,LLOYD ELECTRICAL & ENGINEERING LIMITED,India,"RAJASTHAN, PIN-301 019","A-146 (B&C), RIICO INDUSTRIAL AREA, BHIWADI, DISTT. ALWAR",2016-04-06,2999-12-31,Controlled Affiliate of a Sanctioned Entity.,DEBARRED,Ongoing,2026-09-23T05:00:01.779Z
325976,REGAL INFORMATION TECHNOLOGY PRIVATE LIMITED,India,NEW DELHI -110020,"159, OKHLA INDUSTRIAL ESTATE, PHASE-III,",2016-04-06,2999-12-31,Controlled Affiliate of a Sanctioned Entity.,DEBARRED,Ongoing,2026-09-23T05:00:01.779Z
325979,LLOYD INFOTECH (INDIA) PRIVATE LIMITED,India,NEW DELHI -110020,"159, OKHLA INDUSTRIAL ESTATE, PHASE-III,",2016-04-06,2999-12-31,Controlled Affiliate of a Sanctioned Entity.,DEBARRED,Ongoing,2026-09-23T05:00:01.779Z
327429,MR. PABLO MAXIMILIANO KANTT,Argentina,BUENOS AIRES,"C/O CENTRO PRODUCTIVO DE DISEÑO S.A., MEXICO 337, CP 1097, CABA",2016-10-18,2999-12-31,"Procurement Guidelines, 1.15(a)(ii)",DEBARRED,Ongoing,2026-09-23T05:00:01.779Z
324625,"THANG LOI GROUP CO., LTD.",Viet Nam,NAM ĐỊNH,"ĐƯỜNG 57A, THỊ TRẤN LÂM, HUYỆN Ý YÊN",2016-04-05,2999-12-31,"2010 Procurement Guidelines, 1.14(a)(ii)",DEBARRED,Ongoing,2026-09-23T05:00:01.779Z
323589,DESARROLLO CON INGENIERÍA CONTRATISTAS GENERALES S.A. (DISA-CGSA),Peru,JUNÍN,"CALLE SAN MARCOS NO. 508, URB. SAN ANTONIO, HUANCAYO",2016-02-09,2999-12-31,"Procurement Guidelines,1.16(a)(ii); Procurement Guidelines,1.14(a)(ii)",DEBARRED,Ongoing,2026-09-23T05:00:01.779Z
326305,"JIANGXI HENGJIAN ROAD AND BRIDGE ENGINEERING CO., LTD.",China,"JIANGXI PROVINCE, ZIP CODE: 334200","MIAOPU, YINCHENG COUNTY, DEXING CITY, SHANGRAO",2016-08-05,2999-12-31,"Procurement Guidelines, 1.14(a)(ii)",DEBARRED,Ongoing,2026-09-23T05:00:01.779Z
326448,TIGER IT BANGLADESH LTD.,Bangladesh,"DHAKA, 1213","HOUSE 21, ROAD 28, BLOCK-K, BANANI MODEL TOWN",2019-04-24,2028-10-23,"May 2010 Procurement Guidelines, Paras. 1.14(a)(i), (iii), and (v)(bb)",DEBARRED,,2026-09-23T05:00:01.779Z
323273,JUYDAM-TAMIRCHI LLC,Uzbekistan,FERGANA CITY,"DASHNAYA 8, FERGANA REGION",2018-06-13,2999-12-31,"Jan. 2011 Procurement Guidelines, Paras. 1.16(a)(ii) & 1.16(a)(iii)",DEBARRED,Ongoing,2026-09-23T05:00:01.779Z
326684,ESKE S.A.C.,Peru,LIMA 34,"JIRON VICTOR MANTILLA NO. 237, 245 SURQUILLO",2016-08-26,2999-12-31,"Procurement Guidelines, 1.14(a)(ii)",DEBARRED,Ongoing,2026-09-23T05:00:01.779Z
324395,CONSORCIO OCONGATE,Peru,LIMA,"C/O ROPRUCSA CONTRATISTAS GENERALES S.A. (ROPRUCSA S.A.), AV. NARANJAL NO. 543, URBANIZACION NARANJAL, DISTRITO DE LOS OLIVOS 39",2016-05-24,2999-12-31,"Procurement Guidelines, 1.14(a)(ii)",DEBARRED,Ongoing,2026-09-23T05:00:01.779Z
324394,J&R CONTRATISTAS GENERALES S.R.L. (J&R S.R.L.),Peru,LIMA,"AVENIDA NICOLÁS DE PIÉROLA 611-OF. 64, DISTRITO DE CERCADO DE LIMA",2016-03-22,2999-12-31,"Procurement Guidelines, 1.14(a)(ii)",DEBARRED,Ongoing,2026-09-23T05:00:01.779Z
326155,MR. NGO DUNG TOAN,Viet Nam,HÀ NAM,"DIRECTOR, AN HOA LIMITED COMPANY, 231 TRUÒNG CHINH, HAI BÀ TRUNG, PHÛ LÝ",2016-07-26,2999-12-31,"Procurement Guidelines, 1.14(a)(ii)",DEBARRED,Ongoing,2026-09-23T05:00:01.779Z
329716,GEORGE C. BENSON,United States,FORT MYERS,"16520 SOUTH TAMIAMI TRAIL, SUITE 18",2016-11-14,2027-09-19,Cross-Debarment: IDB,DEBARRED,,2026-09-23T05:00:01.779Z
329717,REGIONAL COMMUNICATIONS LIMITED,St. Lucia,CASTRIES,"NOBLE HOUSE, 6 BRAZIL STREET, WEST INDIES",2016-11-14,2027-09-19,Cross-Debarment: IDB,DEBARRED,,2026-09-23T05:00:01.779Z
329718,CELLUCIAN LIMITED,St. Lucia,CASTRIES,"NOBLE HOUSE, 6 BRAZIL STREET, WEST INDIES",2016-11-14,2027-09-19,Cross-Debarment: IDB,DEBARRED,,2026-09-23T05:00:01.779Z
329186,MR. IYKE AMBROSE,Nigeria,LAGOS,"10 OBANLE ARO AVENUE, OFF COKER ROAD, ILUPEJU",2017-01-24,2999-12-31,"Consultant Guidelines, 1.22(a)(i)",DEBARRED,Ongoing,2026-09-23T05:00:01.779Z
327426,CENTRO PRODUCTIVO DE DISENO S.A.,Argentina,BUENOS AIRES,"MEXICO 337, CP 1097, CABA",2016-10-18,2999-12-31,"Procurement Guidelines, 1.15(a)(ii)",DEBARRED,Ongoing,2026-09-23T05:00:01.779Z
327428,MR. PABLO MAXIMILIANO KANTT,Argentina,BUENOS AIRES,"CALLE PATERA 62, 4TO PISO OF. B",2016-10-18,2999-12-31,"Procurement Guidelines, 1.15(a)(ii)",DEBARRED,Ongoing,2026-09-23T05:00:01.779Z
328481,MR. JAIME SALAZAR ESPINOZA,Peru,JUNIN,"C/O DESARROLLO CON INGENIERÍA CONTRATISTAS GENERALES S.A. (DISA-CGSA), CALLE SAN MARCOS NO. 508, URB. SAN ANTONIO, HUANCAYO",2016-12-27,2999-12-31,"Procurement Guidelines, 1.14(a)(ii)",DEBARRED,Ongoing,2026-09-23T05:00:01.779Z
327405,ZANOTTA SUDAMERICANA S.A.,Argentina,BUENOS AIRES,"C/O CENTRO PRODUCTIVO DE DISEÑO S.A., MEXICO 337, CP 1097, CABA",2016-10-18,2999-12-31,"Procurement Guidelines, 1.15(a)(ii)",DEBARRED,Ongoing,2026-09-23T05:00:01.779Z
328289,MR. PEWEE FLOMO,Liberia,MONROVIA,"TOPOE AVENUE, GAYE TOWN, OLD ROAD, SINKOR",2016-12-27,2999-12-31,"Consultant Guidelines, 1.22(a)(ii)",DEBARRED,Ongoing,2026-09-23T05:00:01.779Z
327427,MR. PABLO MAXIMILIANO KANTT,Argentina,BUENOS AIRES,"AV. GRAL ORTIZ DE OCAMPO 2635, 4D, CP 1425, CABA",2016-10-18,2999-12-31,"Procurement Guidelines, 1.15(a)(ii)",DEBARRED,Ongoing,2026-09-23T05:00:01.779Z
329180,BEST SCAN SOLUTIONS LIMITED,Nigeria,LAGOS,"10 OBANLE ARO AVENUE, OFF COKER ROAD, ILUPEJU",2017-01-24,2999-12-31,"Consultant Guidelines, 1.22(a)(i)",DEBARRED,Ongoing,2026-09-23T05:00:01.779Z
306144,MR. SANJAY GUPTA,Nepal,KATHMANDU,"1535 BHATBHATENI, G.P.O. BOXES 3868 AND 10807",2014-01-02,2999-12-31,"Procurement Guidelines, 1.14(a)(ii)",DEBARRED,Ongoing,2026-09-23T05:00:01.779Z
308485,DIVIARQ,Bolivia,SANTA CRUZ DE LA SIERRA,"CALLE PEDRO ALMARÁZ NO. 3380 Ó 3379, BARRIO CHACARILLA",2014-06-25,2999-12-31,"Procurement Guidelines, 1.15(a)(ii)",DEBARRED,Ongoing,2026-09-23T05:00:01.779Z
308516,MR. PETER LEE,China,"NANCHANG, 330046",NO. 88 ERQI NORTH ROAD,2014-04-18,2999-12-31,"Procurement Guidelines, 1.14(a)(ii)",DEBARRED,Ongoing,2026-09-23T05:00:01.779Z
307093,L’ENTREPRISE GÉNÉRALE DE CONSTRUCTION RIJAVOLA,Madagascar,ANTANANARIVO 101,LOT IVL 58 AP BIS ANDOHATAPENAKA- III,2014-06-03,2999-12-31,"Procurement Guidelines, 1.14(a)(ii)",DEBARRED,Ongoing,2026-09-23T05:00:01.779Z
165988,ATLAS MEDICINE CONCERN PVT. LTD.,Nepal,KATHMANDU,"1535 BHATBHATENI, G.P.O. BOXES 3868 AND 10807",2014-01-02,2999-12-31,"Procurement Guidelines, 1.14(a)(ii)",DEBARRED,Ongoing,2026-09-23T05:00:01.779Z
306871,HARJIT SINGH,Canada,"QUEBEC, K0G 1J0","904, ROUTE FLYNN KEMPTVILLE",2014-03-31,2999-12-31,"Consultant Guidelines, 1.25(a)(ii)",DEBARRED,Ongoing,2026-09-23T05:00:01.779Z
306872,COMPUAIDS INC.,Canada,"OTTAWA, ONTARIO, K1Z 8P8",201-290 PICTON AVENUE,2014-03-31,2999-12-31,Controlled Affiliate of a Sanctioned Entity.,DEBARRED,Ongoing,2026-09-23T05:00:01.779Z
308022,MEDTECHNICA PLUS CJSC,Armenia,7 YEREVAN 0025,HERATSI STR.,2014-12-30,2999-12-31,"Procurement Guidelines, 1.14(a)(ii)",DEBARRED,Ongoing,2026-09-23T05:00:01.779Z
307014,MR. YUSRI YUSUF,Indonesia,KECAMATAN SYIAH KUALA BANDA ACEH 23115,"KEUMANG BANDA ACEH OFFICE, JALAN KAYEE ADANG NO. 11 LAMNYONG (PEURADA UTAMA), DESA LAMGUGUP",2014-02-11,2999-12-31,"Procurement Guidelines, 1.14(a)(ii); 1.14(a)(iv)",DEBARRED,Ongoing,2026-09-23T05:00:01.779Z
306432,LAXMINARAYAN MALLICK,India,"CDA CUTTACK, 753014",PLOT NO. 2D – 221/10 SECTOR - 11,2014-03-25,2999-12-31,"Procurement Guidelines, 1.14(a)(ii)",DEBARRED,Ongoing,2026-09-23T05:00:01.779Z
308496,CONSTRUCTORA ROMERO ARTEAGA,Bolivia,SANTA CRUZ DE LA SIERRA,B/. 3 PASOS AL FRENTE 4TO. ANILLO NO. 2546,2014-05-28,2999-12-31,"Procurement Guidelines, 1.15(a)(ii)",DEBARRED,Ongoing,2026-09-23T05:00:01.779Z
306050,SERVEMTEC LTDA,Brazil,"SÃO JOSÉ DE RIBAMAR, MARANHÃO","RUA 18, QD. 35, CASA 80, VILÁGIO COHATRAC V, CEP 65.052-090",2014-01-02,2999-12-31,"Procurement Guidelines, 1.15(a)(ii)",DEBARRED,Ongoing,2026-09-23T05:00:01.779Z
308342,M/S. FAMY CARE LIMITED,India,MUMBAI – 400 001,"BRADY HOUSE, 3RD FLOOR, 12/14, VEER NARIMAN ROAD, FORT",2017-05-23,2999-12-31,"Procurement Guidelines, 1.14(a)(ii)",DEBARRED,Ongoing,2026-09-23T05:00:01.779Z
305394,PROGRESSIVE CONSTRUCTIONS LIMITED,India,ANDHRA PRADESH,"7TH FLOOR, RAGHAVA NORTH BLOCK, RAGHAVA RATNA TOWERS, CHIRAG ALI LANE, ABIDS, HYDERABAD, 500 001",2013-11-26,2999-12-31,"Procurement Guidelines, 1.14(a)(ii)",DEBARRED,Ongoing,2026-09-23T05:00:01.779Z
308117,SAVOIR SOFT SOLUTIONS PVT. LTD.,India,"NOIDA, UTTAR PRADESH","D-3, SECTOR 59",2014-03-19,2999-12-31,"Consultant Guidelines, 1.22(a)(ii)",DEBARRED,Ongoing,2026-09-23T05:00:01.779Z
306951,L’ENTREPRISE GÉNÉRALE DE CONSTRUCTION ERLINE,Madagascar,ANTANANARIVO 101,LOT II A 119 SA NANISANA,2014-05-28,2999-12-31,"Procurement Guidelines, 1.14(a)(ii)",DEBARRED,Ongoing,2026-09-23T05:00:01.779Z
306071,A.R. DOS SANTOS,Brazil,"SÃO LUIS, MARANHÃO","RUA 07, QDA 14, NO. 21, VILÁGIO COHATRAC IV, CEP 65.054-330",2014-01-02,2999-12-31,"Procurement Guidelines, 1.15(a)(ii)",DEBARRED,Ongoing,2026-09-23T05:00:01.779Z
307237,OSTEK CONSTRUCTION ELECTRIC AUTOMATION SYSTEM TECHNOLOGIES LTD,Turkiye,"KIZILAY, ANKARA",MEŞRUTIYET CAD. HATAY SK. NO: 20/7,2014-02-11,2999-12-31,"Procurement Guidelines, 1.14(a)(ii)",DEBARRED,Ongoing,2026-09-23T05:00:01.779Z
63857,L’ENTREPRISE GÉNÉRALE DE CONSTRUCTION TSIMANAVAKA,Madagascar,101 ANTANANARIVO,LOT IVO 69 K 43 BIS ANTOHOMADINIKA ATSIMO,2014-05-28,2999-12-31,"Procurement Guidelines, 1.14(a)(ii)",DEBARRED,Ongoing,2026-09-23T05:00:01.779Z
112998,MR. JONAS GYLLENSVAAN,United States,,,2001-03-30,2999-12-31,Consultant Guidelines 1.25(a)(i) & (ii),DEBARRED,Permanent,2026-09-23T05:00:01.779Z
113513,DEVELOPMENT AND RELIEF CORPORATION B.V.,Netherlands,4153 BW BEESD,INDUSTRIEWEG 24,2013-09-09,2999-12-31,"2004 Procurement Guidelines, para. 1.14(a)(i)",DEBARRED,Ongoing,2026-09-23T05:00:01.779Z
112854,CASE TECHNOLOGY,United Kingdom,"WATFORD, HERTFORDSHIRE",,1999-06-25,2999-12-31,Procurement Guidelines 1.15(a)(i),DEBARRED,Permanent,2026-09-23T05:00:01.779Z
309783,MR. VALERIY RUSHCHAK,Ukraine,79000 LVIV,OKRUZHNA STR. 51/10,2014-09-19,2999-12-31,"Procurement Guidelines, 1.14(a)(ii)",DEBARRED,Ongoing,2026-09-23T05:00:01.779Z
112904,DATABAS & NATVERKSIDEER,Sweden,STOCKHOLM,,2001-03-30,2999-12-31,Consultant Guidelines 1.25(a)(i),DEBARRED,Permanent,2026-09-23T05:00:01.779Z
113414,SWAAN CONSULTING AB,Sweden,STOCKHOLM,,2001-03-30,2999-12-31,Consultant Guidelines 1.25(a)(i) & (ii),DEBARRED,Permanent,2026-09-23T05:00:01.779Z
189690,URALKOTLOSERVICE PKF ZAO,Russian Federation,SVERDLOVSK OBLAST,"2 BRUSNITSYN, STREET, APT. 14, 623700, BEREZOVSKY",2011-11-29,2999-12-31,"Procurement Guidelines, 1.15(a)(ii)",DEBARRED,Ongoing,2026-09-23T05:00:01.779Z
186137,MR. YANG LIN,China,"100195, BEIJING","C/O SUITE 617 EAST PLAZA, NO. 15 NORTH ROAD, WEST 4TH RING ROAD, HAI DIAN DISTRICT",2011-05-11,2999-12-31,Procurement Guidelines 1.14(a)(ii),DEBARRED,Ongoing,2026-09-23T05:00:01.779Z
112857,CONSULTANTS FOR INTERNATIONAL DEVELOPMENT P.L.C.,United Kingdom,LONDON,,2000-02-11,2999-12-31,Procurement Guidelines 1.15(a)(i) & (ii),DEBARRED,Permanent,2026-09-23T05:00:01.779Z
113691,WEST END ASSOCIATES LTD.,United Kingdom,ISLE OF MAN,,2000-02-11,2999-12-31,Procurement Guidelines 1.15(a)(i) & (ii),DEBARRED,Permanent,2026-09-23T05:00:01.779Z
112929,INFOTEK & CO.,United Kingdom,LONDON,,2000-02-11,2999-12-31,Procurement Guidelines 1.15(a)(i) & (ii),DEBARRED,Permanent,2026-09-23T05:00:01.779Z
112947,LABH SINGH GILL,United Kingdom,WARWICKSHIRE,,2000-02-11,2999-12-31,Procurement Guidelines 1.15(a)(i) & (ii),DEBARRED,Permanent,2026-09-23T05:00:01.779Z
113342,PRODUCTIONSEKONOMI I STOCKHOLM AB,Sweden,STOCKHOLM,,2001-03-30,2999-12-31,Consultant Guidelines 1.25(a)(i),DEBARRED,Permanent,2026-09-23T05:00:01.779Z
312039,"HUBEI HENGDA STEEL STRUCTURE CO., LTD.",China,,,2015-07-02,2999-12-31,"Procurement Guidelines, 1.14(a)(ii)",DEBARRED,Ongoing,2026-09-23T05:00:01.779Z
309327,JYC IMPORT EXPORT,Bolivia,COCHABAMBA,"CALLE 6 NO. 151 ZONA KAMI, QUILLACOLLO",2014-05-15,2999-12-31,"Procurement Guidelines, 1.14(a)(iii)",DEBARRED,Ongoing,2026-09-23T05:00:01.779Z
309328,MR. JHONNY CHOQUE ROJAS,Bolivia,COCHABAMBA,"CALLE 6 NO. 151 ZONA KAMI, QUILLACOLLO",2014-05-15,2999-12-31,"Procurement Guidelines, 1.14(a)(iii)",DEBARRED,Ongoing,2026-09-23T05:00:01.779Z
309329,MS. CORINA RAMIREZ RODRIGUEZ,Bolivia,COCHABAMBA,"CALLE 6 NO. 151 ZONA KAMI, QUILLACOLLO",2014-05-15,2999-12-31,"Procurement Guidelines, 1.14(a)(iii)",DEBARRED,Ongoing,2026-09-23T05:00:01.779Z
309784,PRIVATE ENTERPRISE (PE) RABMER,Ukraine,81400 LVIVSKA OBLAST,"26, PL. RYNOK, SAMBIR",2014-06-03,2999-12-31,"Procurement Guidelines, 1.14(a)(ii)",DEBARRED,Ongoing,2026-09-23T05:00:01.779Z
309044,GROUPE DEC S.A./ DEC GROUP INC.,Benin,COTONOU,"CARRE 3775 QUARTIER FIDJROSSE-KPOTA, BP:131 GODOMEY",2014-07-15,2999-12-31,"Procurement Guidelines, 1.14(a)(ii)",DEBARRED,Ongoing,2026-09-23T05:00:01.779Z
309045,COMSATEL,Bolivia,LA PAZ,"C. REYES ORTIZ NRO.73 EDIF. TORRES GUNDLACH, PISO 4, OF. 404 ZONA: CENTRAL",2014-04-29,2999-12-31,"Procurement Guidelines, 1.14(a)(iii)",DEBARRED,Ongoing,2026-09-23T05:00:01.779Z
309047,MR. SAMUEL CÁRDENAS COLQUE,Bolivia,LA PAZ,"C. REYES ORTIZ NRO. 73, EDIF. TORRES GUNDLACH, PISO 4, OF. 404, ZONA: CENTRAL",2014-04-29,2999-12-31,"Procurement Guidelines, 1.14(a)(iii)",DEBARRED,Ongoing,2026-09-23T05:00:01.779Z
152306,STEEVE LABERGE,Canada,"QUEBEC, J8N 1J1",19 BELVEDERE VAL-DES-MONTS,2014-07-02,2999-12-31,"Consultant Guidelines, 1.25(a)(ii)",DEBARRED,Ongoing,2026-09-23T05:00:01.779Z
316890,LIMITED LIABILITY COMPANY MANUFACTURING AND COMMERCIAL FIRM “ROMA LLC”,Ukraine,"ZAPORIZHZHIA, 69037","39, 40-RICHCHIA RADIANSKOYI UKRAYINY STR.",2015-03-10,2999-12-31,"Procurement Guidelines, 1.14(a)(ii)-(iii)",DEBARRED,Ongoing,2026-09-23T05:00:01.779Z
314961,N.C. SANITORS & SERVICE CORPORATION,Liberia,"PAYNESVILLE, MONROVIA",OPPOSITE LIBERIA BROADCASTING SYSTEM,2014-12-16,2027-12-15,"Procurement Guidelines, 1.14(a)(i)-(ii)",DEBARRED,,2026-09-23T05:00:01.779Z
316826,MR. LUIS SANCHEZ SANTUR,Peru,LIMA,"CALLE ATENAS NÚMERO 380, URBANIZACÍON SAN ROQUE – LOS OLIVOS",2015-03-11,2999-12-31,"Consultant Guidelines, 1.22(a)(ii)",DEBARRED,Ongoing,2026-09-23T05:00:01.779Z
317497,PROJECT CONSTRUCTION S.A.C.,Peru,LIMA,"CALLE RICARDO ÁNGULO 834, URB. CORPAC-SAN ISIDRO",2015-06-23,2999-12-31,"Procurement Guidelines, 1.14(a)(ii)",DEBARRED,Ongoing,2026-09-23T05:00:01.779Z
317498,ANGEL ZAMBRANO NAVARRO,Peru,LIMA,"CALLE RICARDO ÁNGULO 834, URB. CORPAC-SAN ISIDRO",2015-04-14,2999-12-31,"Procurement Guidelines, 1.14(a)(ii)",DEBARRED,Ongoing,2026-09-23T05:00:01.779Z
317648,"SHANDONG HUALONG LANDSCAPING ENGINEERING CO., LTD.",China,SHANDONG PROVINCE,"ROOM #2312, 23RD FLOOR, TOWER 2, 61 HAIER ROAD, QINGDAO",2015-04-21,2999-12-31,"Procurement Guidelines, 1.14(a)(ii)",DEBARRED,Ongoing,2026-09-23T05:00:01.779Z
316628,MR. LUDWIG ATAHUALPA HUERTA,Peru,PROVINCIA Y DEPARTAMENTO DE LIMA,"CALLE BAHIA MZ. U LOTE N. 7A, URB. SOL DE LA MOLINA II ETAPA, DISTRITO DE LA MOLINA",2015-02-25,2999-12-31,"Procurement Guidelines, 1.14(a)(ii)",DEBARRED,Ongoing,2026-09-23T05:00:01.779Z
319342,"SOLUCIONES ENERGÉTICAS, S. A.",Spain,MADRID 28021,"AVENIDA REAL DE PINTO, 146",2015-07-10,2999-12-31,"Procurement Guidelines, 1.14(a)(i)",DEBARRED,Ongoing,2026-09-23T05:00:01.779Z
319200,MR. NIKOLAI GEORGIEVITCH OBRADOVITCH,Sweden,181 38 LIDINGÖ,LAST KNOWN ADDRESS: LARSBERGSVÄGEN 17 LGH 1806,2015-10-30,2999-12-31,"Consultant Guidelines, 1.22(a)(i)",DEBARRED,Ongoing,2026-09-23T05:00:01.779Z
319320,"XINJINZHU MUNICIPAL LANDSCAPING ENGINEERING CO., LTD.",China,"ZHENGZHOU, HENAN PROVINCE, 450002","15TH FLOOR, TAIHONG YANGGUANG BUILDING, INTERSECTION OF ZHONGZHOU AVENUE AND XINYUAN ROAD",2015-07-14,2999-12-31,"Procurement Guidelines, 1.14(a)(ii)",DEBARRED,Ongoing,2026-09-23T05:00:01.779Z
320899,CONSTRUCTORA ARTEAGA S.R.L. (CONARTE S.R.L.),Bolivia,LA PAZ,"CALLE 9 N° 455 EDIFICIO: EL ZODIACO, PISO: 2, OFICINA: 201, ZONA: OBRAJES",2017-06-16,2999-12-31,"Procurement Guidelines, 1.14(a)(ii)-(iii)",DEBARRED,Ongoing,2026-09-23T05:00:01.779Z
322603,MR. NGUYEN PHUONG QUY,Viet Nam,HANOI,"TOWER CENTER OFFICE BUILDING,NO. 83A LY THUONG KIET STREET,DISTRICT HOAN KIEM",2015-12-15,2026-12-14,"Consult. Guidelines, 1.22(a)(ii); Proc. Guidelines, 1.14(a)(ii)-(iii)",DEBARRED,,2026-09-23T05:00:01.779Z
323086,KUVASOY TAMIR KURLISH LLC,Uzbekistan,TASHKENT CITY,"125 NEMAT BERK STREET, MIRZO ULUGBEK DISTRICT",2018-06-13,2999-12-31,"Jan. 2011 Procurement Guidelines, Paras. 1.16(a)(ii) & 1.16(a)(iii)",DEBARRED,Ongoing,2026-09-23T05:00:01.779Z
322778,FAR KURLISH MONTAJ INVEST,Uzbekistan,FERGANA REGION,"3A SH. RASHIDOV STREET, FERGANA DISTRICT",2017-06-13,2999-12-31,"Procurement Guidelines, 1.16(a)(ii)-(iii)-(iv)",DEBARRED,Ongoing,2026-09-23T05:00:01.779Z
321259,ECOGRAPH LLC,Mongolia,ULANBATAAR,"BUILDING OF MONGOL ENGINEER CO. LTD., KHOROO 20, BAYANGOL DISTRICT",2015-10-15,2999-12-31,"Consultant Guidelines, 1.22(a)(ii)",DEBARRED,Ongoing,2026-09-23T05:00:01.779Z
321732,"HUNAN CONSTRUCTION GROUP CO., LTD.",China,"CHANGSHA, HUNAN 410007","LAST KNOWN ADDRESS: 70 NORTH CHEZHAN ROAD, WAN XIANG XIN TIAN BUILDING, FURONG DISTRICT",2016-01-14,2999-12-31,"Procurement Guidelines, 1.14(a)(ii)",DEBARRED,Ongoing,2026-09-23T05:00:01.779Z
319343,MR. MANUEL MONTARROSO,Spain,MADRID 28021,"AVENIDA REAL DE PINTO, 146",2015-07-10,2999-12-31,"Procurement Guidelines, 1.14(a)(i)",DEBARRED,Ongoing,2026-09-23T05:00:01.779Z
320900,"INTERNATIONAL EPIROTIC CONSTRUCTION AND TRADING S.A., D.I.T.E. SA",Greece,IOANNINA-ATHENS 45500,10TH KM. NATIONAL HIGHWAY,2015-09-25,2999-12-31,"Procurement Guidelines, 1.16(a)(ii)",DEBARRED,Ongoing,2026-09-23T05:00:01.779Z
319341,"XINJINZHU MUNICIPAL LANDSCAPING ENGINEERING CO., LTD.",China,"HUANGCHUAN, HENAN PROVINCE, 465150","5TH FLOOR, JINZHU BUILDING, NORTH OF THE NEW BRIDGE",2015-07-14,2999-12-31,"Procurement Guidelines, 1.14(a)(ii)",DEBARRED,Ongoing,2026-09-23T05:00:01.779Z
85420,TIS CONSULTANTS COMPANY LIMITED,Thailand,BANGKOK,"151 TEAM BUILDING, MOO 12, NUANCHAN ROAD, KLONG KUM, BUENG KUM",2011-09-20,2999-12-31,Consultant Guidelines 1.25(a)(i),DEBARRED,Ongoing,2026-09-23T05:00:01.779Z
112922,GURPREET SINGH MALIK,Nigeria,LAGOS,,2000-02-11,2999-12-31,Procurement Guidelines 1.15(a)(i) & (ii),DEBARRED,Permanent,2026-09-23T05:00:01.779Z
118351,"ZHONGKE LIFE SCIENCE & TECHNOLOGY CO., LTD.",China,ZHEJIANG 313200,"NO. 88, ZHIYUAN ROAD, WUKANG TOWN, DEQING COUNTY",2011-07-26,2999-12-31,Procurement Guidelines 1.14(a)(ii),DEBARRED,Ongoing,2026-09-23T05:00:01.779Z
189818,MR. ALLAN MAKABAYI,Uganda,KAMPALA,"P.O. BOX 2100, PLOT 30 KOME CRESCENT, LUZIRA",2011-12-15,2999-12-31,"Procurement Guidelines, 1.14(a)(ii)",DEBARRED,Ongoing,2026-09-23T05:00:01.779Z
322505,OLIVE HEALTH CARE,India,MUMBAI 400 022,"REGISTERED OFFICE: GODREJ COLISEUM, SOMAIYA HOSPITAL ROAD, B-3, 2ND FLOOR, SION (EAST)",2017-07-21,2028-01-20,"May 2010 Procurement Guidelines, Para. 1.14(a)(i) & (ii)",DEBARRED,,2026-09-23T05:00:01.779Z
309326,CUMORAH,Bolivia,COCHABAMBA,"CALLE 6 NO. 151 ZONA KAMI, QUILLACOLLO",2014-12-02,2999-12-31,"Procurement Guidelines, 1.14(a)(iii)",DEBARRED,Ongoing,2026-09-23T05:00:01.779Z
326600,MR. ALEXANDRE ANTONIO PAREJA QUINTANILLA,Peru,PISCO,CALLE PEDEMONTE 110-A,2016-08-23,2999-12-31,"Procurement Guidelines, 1.14(a)(ii)",DEBARRED,Ongoing,2026-09-23T05:00:01.779Z
323167,SOCIÉTÉ GRANDS TRAVAUX MGHAIETH (GTM),Tunisia,TUNIS 1001,"21, KEMAL ATATURK STREET",2016-01-20,2999-12-31,"Proc. Guidelines, 1.14(a)(ii); Proc. Guidelines, 1.15(a)(ii)",DEBARRED,Ongoing,2026-09-23T05:00:01.779Z
321260,MS. TUMENDEMBEREL BAYARMAA,Mongolia,ULANBATAAR,"C/O ECOGRAPH LLC AKA ECOGRAPHY COMPANY, BUILDING OF MONGOL ENGINEER CO. LTD., KHOROO 20, BAYANGOL DISTRICT",2015-10-15,2999-12-31,"Consultant Guidelines, 1.22(a)(ii)",DEBARRED,Ongoing,2026-09-23T05:00:01.779Z
322709,CHUY FRP COMPOSITE LLC,Kyrgyz Republic,"KARA-BALTA CITY, 724411","KOJOMBERDIEVA, 4 STREET",2016-01-05,2999-12-31,"Proc. Guidelines, 1.14(a)(ii); Proc. Guidelines, 1.16(a)(ii)",DEBARRED,Ongoing,2026-09-23T05:00:01.779Z
323389,MR. NABOR MIRANDA GAMBINI,Peru,ANCASH,"PASAJE SR. DE LOS MILAGROS NO. 104, INDEPENDENCIA-HUARAZ",2016-01-28,2999-12-31,"Procurement Guidelines, 1.14(a)(ii)",DEBARRED,Ongoing,2026-09-23T05:00:01.779Z
325552,MINIMIX AGENCIES (MINIMIX),Kenya,NAIROBI,P. O. BOX 11583-00100,2016-06-17,2999-12-31,"Procurement Guidelines, 1.16(a)(ii)",DEBARRED,Ongoing,2026-09-23T05:00:01.779Z
325862,MADHUCON PROJECTS LIMITED,India,"HYDERABAD, TELANGANA, 500033","PLOT NO. 1129/A, MADHUCON HOUSE, ROAD NO. 36, HITECH CITY ROAD, JUBILEE HILLS",2017-10-26,2999-12-31,"1999 Procurement Guidelines, Para. 1.15(a)(ii)",DEBARRED,Ongoing,2026-09-23T05:00:01.779Z
324857,"HUNAN CONSTRUCTION GROUP CO., LTD.",China,HUNAN,"LAST KNOWN ADDRESS: STATION ROAD NO. 70, WAN XIANG XIN TIAN BUSINESS MANSION 5, BUILDING NO. 31, 32F, FURONG DISTRICT, CHANGSHA",2016-01-14,2999-12-31,"Procurement Guidelines, 1.14(a)(ii)",DEBARRED,Ongoing,2026-09-23T05:00:01.779Z
323388,SAN ISIDRO-L S.R.L.,Peru,HUARAZ,"JR. SANTIAGO ANTÚNEZ DE MAYALO NO. 190, INDEPENDENCIA, ANCASH",2016-01-28,2999-12-31,"Procurement Guidelines, 1.14(a)(ii)",DEBARRED,Ongoing,2026-09-23T05:00:01.779Z
323527,MR. NIKOLAI GEORGIEVITCH OBRADOVITCH,Russian Federation,190000 SAINT PETERSBURG,"LAST KNOWN ADDRESS: ANTONIENKO 3, -43",2015-10-30,2999-12-31,"Consultant Guidelines, 1.22(a)(i)",DEBARRED,Ongoing,2026-09-23T05:00:01.779Z
326599,APQ S.A.C.,Peru,"PISCO, ICA","MANZANA D LOTE 18, URBANIZACIÓN BALLESTAS",2016-08-23,2999-12-31,"Procurement Guidelines, 1.14(a)(ii)",DEBARRED,Ongoing,2026-09-23T05:00:01.779Z
326611,MR. PEDRO CESAR LAZO MONTEJO,Peru,LIMA,"AV. TAMARINDO MANZANA H LOTE 30, URBANIZACIÓN LA CAPULLANA, SANTIAGO DE SURCO",2016-08-23,2999-12-31,"Procurement Guidelines, 1.14(a)(ii)",DEBARRED,Ongoing,2026-09-23T05:00:01.779Z
323479,ROPRUCSA CONTRATISTAS GENERALES S.A.,Peru,LIMA,"AV. NARANJAL NO. 543, URBANIZACION NARANJAL, DISTRITO DE LOS OLIVOS 39",2016-02-02,2999-12-31,"Procurement Guidelines, 1.14(a)(ii)",DEBARRED,Ongoing,2026-09-23T05:00:01.779Z
325089,CONSORCIO ROPRUCSA,Peru,LIMA,"C/O ROPRUCSA CONTRATISTA GENERALES S.A., AV. NARANJAL NO. 543, URBANIZACION NARANJAL, DISTRITO DE LOS OLIVOS 39",2016-02-05,2999-12-31,"Procurement Guidelines, 1.14(a)(ii)",DEBARRED,Ongoing,2026-09-23T05:00:01.779Z
325055,"GOLDEN HALL SERVICES CO., LTD.",Cambodia,PHNOM PENH,"LAST KNOWN ADDRESS: #334AE1, STREET 182, SANGKAT TOEK LAAK III, KHAN TOUL KORK",2016-07-19,2999-12-31,"Procurement Guidelines, 1.14(a)(ii)",DEBARRED,Ongoing,2026-09-23T05:00:01.779Z
326154,AN HOA LIMITED COMPANY,Viet Nam,HÀ NAM,"231 TRUÒNG CHINH, HAI BÀ TRUNG, PHÛ LÝ",2016-07-26,2999-12-31,"Procurement Guidelines, 1.14(a)(ii)",DEBARRED,Ongoing,2026-09-23T05:00:01.779Z
324856,"HUNAN CONSTRUCTION GROUP CO., LTD.",China,HUNAN,"LAST KNOWN ADDRESS:23 CHENGNANZHONG ROAD, RONGAN BUILDING 5TH FLOOR, CHANGSHA",2016-01-14,2999-12-31,"Procurement Guidelines, 1.14(a)(ii)",DEBARRED,Ongoing,2026-09-23T05:00:01.779Z
327055,MINIMIX AGENCIES (MINIMIX),Kenya,NAIROBI,"RIVERSIDE CLOSE, OPPOSITE OFFICE PARK, WESTLAND CITY",2016-06-17,2999-12-31,"Procurement Guidelines, 1.16(a)(ii)",DEBARRED,Ongoing,2026-09-23T05:00:01.779Z
325889,SHAILUNG CONSTRUCTION CO. PVT. LTD.,Nepal,LALITPUR,"P.O. BOX 19679, SUNAKOTHI-8, DHOLAHITY",2017-12-18,2999-12-31,"Para. 1.16(a)(i), Jan. 2011 Procurement Guidelines",DEBARRED,Ongoing,2026-09-23T05:00:01.779Z
197464,NOVO HORIZONTE CONST. E CONS. E COMERCIO LTDA,Brazil,"SANTA RITA, MARANHÃO","AV. GENERAL RIVAS, NO. 235 LETRA B LIBERDADE",2012-10-19,2999-12-31,"Procurement Guidelines, 1.15(a)(ii)",DEBARRED,Ongoing,2026-09-23T05:00:01.779Z
197466,CONSTRUTORA RAMOS E FRANÇA LTDA,Brazil,"SANTA RITA, MARANHÃO",AV. GENERAL RIVAS S/N,2012-10-19,2999-12-31,"Procurement Guidelines, 1.15(a)(ii)",DEBARRED,Ongoing,2026-09-23T05:00:01.779Z
197467,CONSTRUTORA RAMOS E FRANÇA LTDA,Brazil,"SANTA RITA, MARANHÃO",RUA CASTELO BRANCO NO. 450 – CENTRO,2012-10-19,2999-12-31,"Procurement Guidelines, 1.15(a)(ii)",DEBARRED,Ongoing,2026-09-23T05:00:01.779Z
197468,SILVA MATOS CONST. E CONS. E COMERCIO LTDA,Brazil,"SANTA RITA, MARANHÃO","AV. IVAR SALDANHA, NO. 105 CENTRO",2012-10-19,2999-12-31,"Procurement Guidelines, 1.15(a)(ii)",DEBARRED,Ongoing,2026-09-23T05:00:01.779Z
197469,SILVA MATOS CONST. E CONS. E COMERCIO LTDA,Brazil,"SANTA RITA, MARANHÃO",AV. GENERAL RIBAS – NO. 105 - ALTO DE FÁTIMA,2012-10-19,2999-12-31,"Procurement Guidelines, 1.15(a)(ii)",DEBARRED,Ongoing,2026-09-23T05:00:01.779Z
197470,SILVA MATOS CONST. E CONS. E COMERCIO LTDA,Brazil,"SANTA RITA, MARANHÃO","AV. GENERAL RIVAS, NO. 235 LETRA B LIBERDADE",2012-10-19,2999-12-31,"Procurement Guidelines, 1.15(a)(ii)",DEBARRED,Ongoing,2026-09-23T05:00:01.779Z
197187,MR. MARCELO CAMPÊLO,Brazil,SÃO LUIS – MARANHÃO,"AVENIDA GUAJAJARAS, NO. 25 – JD. SÃO CRISTOVÃO",2012-10-18,2999-12-31,"Procurement Guidelines, 1.15(a)(ii)",DEBARRED,Ongoing,2026-09-23T05:00:01.779Z
192232,VITAL SUPPLIES AND LOGISTICS LTD,Uganda,KAMPALA,"PLOT 9, NASSER ROAD, FAIR HOUSE, 2ND FLOOR, P.O. BOX 27181",2012-03-20,2999-12-31,"Procurement Guidelines, 1.14(a)(ii)",DEBARRED,Ongoing,2026-09-23T05:00:01.779Z
192662,CONSTRUCTORA KATINGCAR,Guatemala,,"SECTOR 4, LOTE 24, CONDOMINIO LA CUPULA, ZONA 0, JOCOTENANGO, SACATEPEQUEZ",2011-12-28,2999-12-31,"Procurement Guidelines, 1.15(a)(ii)",DEBARRED,Ongoing,2026-09-23T05:00:01.779Z
193105,SERVICIOS DE INGENIERIA Y CONSTRUCCION VARGAS RIOS (CONSTRUCTORA S.I.C.),Bolivia,SANTA CRUZ DE LA SIERRA,"3ER. ANILLO EXTERNO, CALLE GABRIEL JOSE MORENO NO. 300",2012-01-20,2999-12-31,2004 Procurement Guidelines 1.14(a)(ii),DEBARRED,Ongoing,2026-09-23T05:00:01.779Z
193107,CONSTRUCTORA EMCONCIMET,Bolivia,SANTA CRUZ DE LA SIERRA,AV. LA CAMPANA CALLE 12 #29,2012-01-20,2999-12-31,2004 Procurement Guidelines 1.14(a)(ii),DEBARRED,Ongoing,2026-09-23T05:00:01.779Z
193108,CONSTRUCTORA SLIM,Bolivia,SANTA CRUZ DE LA SIERRA,"KM. 42. ANTIGUA CARRETERA COCHABAMABA, URB. EQUIPETROL",2012-01-20,2999-12-31,2004 Procurement Guidelines 1.14(a)(ii),DEBARRED,Ongoing,2026-09-23T05:00:01.779Z
193109,EDWIN DITTER ACARAPI COLQUE,Bolivia,SANTA CRUZ DE LA SIERRA,"KM. 42 ANTIGUA CARRETERA COCHABAMABA, URB. EQUIPETROL",2012-01-20,2999-12-31,2004 Procurement Guidelines 1.14(a)(ii),DEBARRED,Ongoing,2026-09-23T05:00:01.779Z
192743,MR. MEAS SINA,Cambodia,,"#51EO, ST. 366, SANGKAT TOUL SVAY, PREY I, KHAN CHAMKARMORN, CITY PHNOM PENH",2012-04-03,2999-12-31,"Procurement Guidelines, 1.15(a)(ii)",DEBARRED,Ongoing,2026-09-23T05:00:01.779Z
197185,A PONTUAL – MOTORES E MÁQUINAS LTDA,Brazil,"PINHEIRO, MARANHÃO",RUA FREDERICO PEIXOTO S/N,2012-11-13,2999-12-31,"Procurement Guidelines, 1.15(a)(ii)",DEBARRED,Ongoing,2026-09-23T05:00:01.779Z
197186,J.M. COMÉRCIO DE EQUIPAMENTOS LTDA (CURRENTLY D/B/A PICK UP CAR AUTO PEÇAS),Brazil,SÃO LUIS – MARANHÃO,"AVENIDA GUAJAJARAS, 221 – LJ 4 BAIRRO TIRIRICAL",2012-11-06,2999-12-31,"Procurement Guidelines, 1.15(a)(ii)",DEBARRED,Ongoing,2026-09-23T05:00:01.779Z
197820,OAO DUSTLIK,Kyrgyz Republic,,"20 OKTYABARSKY STR., SUZAK VILLAGE, SUZAK DISTRICT, JALAL-ABAD REGION",2012-11-07,2999-12-31,"Procurement Guidelines, 1.15(a)(ii)",DEBARRED,Ongoing,2026-09-23T05:00:01.779Z
197821,MR. VAKHIDJAN ERGASHEV,Kyrgyz Republic,,"20 OKTYABARSKY STR., SUZAK VILLAGE, SUZAK DISTRICT, JALAL-ABAD REGION",2012-11-07,2999-12-31,"Procurement Guidelines, 1.15(a)(ii)",DEBARRED,Ongoing,2026-09-23T05:00:01.779Z
197188,MR. JOSÉ MAGNO DA SILVA GARRIDO,Brazil,SÃO LUIS – MARANHÃO,"AVENIDA GUAJAJARAS, 221 LJ 4 – TIRIRICAL",2012-11-06,2999-12-31,"Procurement Guidelines, 1.15(a)(ii)",DEBARRED,Ongoing,2026-09-23T05:00:01.779Z
195014,CONTACT EURO LLC,Ukraine,"KIEV, 03127","APT. 1, 11 BURMISTENKA STREET",2012-10-11,2999-12-31,"Procurement Guidelines, 1.14(a)(ii)",DEBARRED,Ongoing,2026-09-23T05:00:01.779Z
198424,"AL THUHAT COMPANY, GENERAL CONTRACTING AND TRADE (AL THUHAT)",Iraq,BAGHDAD,"AL KAZIMIYAH, ABDUL MOHSEN AL-KAZIMI SQUARE, DISTRICT: 411 SH/17, BUILDING: 20",2013-01-29,2999-12-31,"Procurement Guidelines, 1.14(a)(ii)",DEBARRED,Ongoing,2026-09-23T05:00:01.779Z
140905,CENNET INŞAAT ITH. IHR. TUR. GIDA SAN. VE TIC. LTD. ŞTI,Turkiye,HOPA,"KASIMOĞLU IŞHANI KAT:4 NO:7, HOPA/ARTVIN",2013-03-07,2999-12-31,"Procurement Guidelines, 1.14(a)(ii)",DEBARRED,Ongoing,2026-09-23T05:00:01.779Z
198425,MR. MOUSA MAHDI MAKAWI,Iraq,BAGHDAD,"AL KAZIMIYAH, ABDUL MOHSEN AL-KAZIMI SQUARE, DISTRICT: 411 SH/17, BUILDING: 20",2013-01-29,2999-12-31,"Procurement Guidelines, 1.14(a)(ii)",DEBARRED,Ongoing,2026-09-23T05:00:01.779Z
201885,L’ENTREPRISE GÉNÉRALE DE CONSTRUCTION SAFIDY,Madagascar,,"LOT VT 77 LD BIS ANDOHANIMANDROSEZA, ANTANANARIVO 101",2013-05-10,2999-12-31,"Proc. Guidelines, 1.14(a)(ii); Proc. Guidelines, 1.15(a)(ii)",DEBARRED,Ongoing,2026-09-23T05:00:01.779Z
200679,CONSTRUCTORA SEDINC,Bolivia,SANTA CRUZ,"AVENIDA MIGUEL ROCA NO. 22, ZONA: BARRIO MAC DONALDS",2014-02-14,2999-12-31,"Procurement Guidelines, 1.15(a)(ii)",DEBARRED,Ongoing,2026-09-23T05:00:01.779Z
200680,MR. LIZANDRO AGUIRRE TABORGA,Bolivia,SANTA CRUZ,"AVENIDA MIGUEL ROCA NO. 22, ZONA: BARRIO MAC DONALDS",2014-02-14,2999-12-31,"Procurement Guidelines, 1.15(a)(ii)",DEBARRED,Ongoing,2026-09-23T05:00:01.779Z
200681,CONSTRUCTORA CONSTRUSAND S.R.L.,Bolivia,MONTERO – SANTA CRUZ,"CALLE BUENOS AIRES # 141, EDIFICIO SANDOVAL, PISO 1, OFICINA 1, ZONA: B/25 DE DECIEMBRE",2014-02-14,2999-12-31,"Procurement Guidelines, 1.15(a)(ii)",DEBARRED,Ongoing,2026-09-23T05:00:01.779Z
200682,MR. RENÉ SANDOVAL SOLIZ,Bolivia,MONTERO – SANTA CRUZ,"CALLE BUENOS AIRES # 141, EDIFICIO SANDOVAL, PISO 1, OFICINA 1, ZONA: B/25 DE DECIEMBRE",2014-02-14,2999-12-31,"Procurement Guidelines, 1.15(a)(ii)",DEBARRED,Ongoing,2026-09-23T05:00:01.779Z
200258,ENTREPRISE GÉNÉRALE DE CONSTRUCTION ANDO,Madagascar,LOT II A 128 SG NANISANA,,2013-02-08,2999-12-31,"Procurement Guidelines, 1.15(a)(ii)",DEBARRED,Ongoing,2026-09-23T05:00:01.779Z
199614,MR. ERICK RODOLFO GONZÁLEZ CHÁVEZ,Guatemala,GUATEMALA CITY,"BOULEVARD SAN CRISTOBAL 12-13, ZONA 8 MIXCO",2013-01-15,2999-12-31,"Procurement Guidelines, 1.15(a)(ii)",DEBARRED,Ongoing,2026-09-23T05:00:01.779Z
304109,MR. RAIMUNDO ROSÁRIO BRANDÃO,Brazil,"SÃO LUÍS, MARANHÃO","CARE OF: GEOMETRICA CONSTRUÇÕES LTDA, RUA DO PASSEIO, 953, SALA 209, CENTRO",2013-10-03,2999-12-31,"Procurement Guidelines, 1.15(a)(ii)",DEBARRED,Ongoing,2026-09-23T05:00:01.779Z
112915,FIRST FUJI LTD.,United Kingdom,ISLE OF MAN,,2000-02-11,2999-12-31,Procurement Guidelines 1.15(a)(i) & (ii),DEBARRED,Permanent,2026-09-23T05:00:01.779Z
113329,OVERSEAS PROJECT SERVICES LTD.,United Kingdom,,,2000-02-24,2999-12-31,Procurement Guidelines 1.15(a)(i) & (ii),DEBARRED,Permanent,2026-09-23T05:00:01.779Z
146328,"CENEDI, CENTRAL DE NEGOCIOS DIVERSOS",Guatemala,GUATEMALA CITY,"BOULEVARD SAN CRISTOBAL 12-13, ZONA 8 MIXCO",2013-01-15,2999-12-31,"Procurement Guidelines, 1.15(a)(ii)",DEBARRED,Ongoing,2026-09-23T05:00:01.779Z
304106,D.A. CONSTRUCTION LIMITED,Nigeria,"GARKI, ABUJA","HOUSE NO. 1, 114 ROAD, OFF II ROAD, 1ST AVENUE (A.P. FILLING STATION END), GWARINPA II, P.O. BOX 4824",2014-05-06,2999-12-31,"Procurement Guidelines, 1.14(a)(ii)",DEBARRED,Ongoing,2026-09-23T05:00:01.779Z
304108,CONSPRIM – CONSTRUTORA PRIMEIRACRUZENSE LTDA,Brazil,"SÃO LUÍS, MARANHÃO","RUA E NO. 03 QUADRA F RESIDENCIAL, PRIMAVERA TURU",2013-09-26,2999-12-31,"Procurement Guidelines, 1.15(a)(ii)",DEBARRED,Ongoing,2026-09-23T05:00:01.779Z
301475,M/S WIJEKAMAL ENGINEERING PVT. LTD.,Sri Lanka,NELUNDENIYA,"E-52, UDUKUMBURA",2013-06-11,2999-12-31,"Procurement Guidelines, 1.14(a)(ii)",DEBARRED,Ongoing,2026-09-23T05:00:01.779Z
301182,MR. ARTURO JAVIER HARO GUTIÉRREZ,Peru,CERCADO DE LIMA,"JIRÓN ALTO DE LA ALIANZA NO. 180, DPTO. 116",2014-03-19,2999-12-31,"Consultant Guidelines, 1.22(a)(ii)",DEBARRED,Ongoing,2026-09-23T05:00:01.779Z
304543,CONSIA CONSULTANTS APS,Denmark,KASTRUP,"LADEGAARDSVEJ 8, DK-2770",2017-03-30,2031-03-29,"2004, 2006, 2010 Consultant Guidelines, Para. 1.22(a)(i)-(ii)",DEBARRED,,2026-09-23T05:00:01.779Z
301534,YAVUZER İNŞAAT MAKINE VE MALZEMELERI SANAYI VE TICARET LTD. ŞTI,Turkiye,ESKIŞCHIR,ISTIKLAL MAHALLESI SANTRAL SOKAK NO:1/ 23,2013-06-18,2999-12-31,"Procurement Guidelines, 1.14(a)(ii)",DEBARRED,Ongoing,2026-09-23T05:00:01.779Z
302020,REEF BUILDING SYSTEMS LIMITED (REEF),Kenya,NAIROBI,"MILIMANI FLATS, MILIMANI ROAD, OFF STATE HOUSE, P.O. BOX 10439-00400 NBI",2013-07-09,2999-12-31,"Procurement Guidelines, 1.14(a)(ii)",DEBARRED,Ongoing,2026-09-23T05:00:01.779Z
304107,GEOMETRICA CONSTRUÇÕES LTDA,Brazil,"SÃO LUÍS, MARANHÃO","RUA DO PASSEIO, 953, SALA 209, CENTRO",2013-10-03,2999-12-31,"Procurement Guidelines, 1.15(a)(ii)",DEBARRED,Ongoing,2026-09-23T05:00:01.779Z
154092,"THE GLOCOMS GROUP, INC.",United States,CHICAGO,,2010-04-01,2999-12-31,Sanctions Procedures 9.04(a),DEBARRED,Ongoing,2026-09-23T05:00:01.779Z
112847,ANA EXPORTS LTD.,United Kingdom,LONDON,,2000-02-11,2999-12-31,Procurement Guidelines 1.15(a)(i) & (ii),DEBARRED,Permanent,2026-09-23T05:00:01.779Z
113328,O-GROUP MANAGEMENT & CONSULTING URBAN PLANNER BV,Netherlands,AMSTERDAM,,2001-03-30,2999-12-31,Consultant Guidelines 1.25(a)(i),DEBARRED,Permanent,2026-09-23T05:00:01.779Z
164366,M/S CONCEPT PHARMACEUTICALS LTD.,India,,"167 C.S.T. ROAD, KALINA, SANTACRUZ (EAST), MUMBAI - 400098",2012-05-30,2999-12-31,"Procurement Guidelines, 1.14(a)(ii)",DEBARRED,Ongoing,2026-09-23T05:00:01.779Z
165624,"GLOBAL ALLIANCE TRADING COMPANY, INC.",Liberia,MONROVIA,63 BENSON STREET,2015-06-19,2999-12-31,"Procurement Guidelines, 1.14(a)(i)-(ii)",DEBARRED,Ongoing,2026-09-23T05:00:01.779Z
166064,BROADWAY ENGINEERING SERVICES LIMITED,Uganda,KAMPALA,"PLOT 636, NBEEBA, MASAKA ROAD, P.O. BOX 22057",2011-10-25,2999-12-31,"Procurement Guidelines, 1.14(a)(i) and 1.14(a)(ii)",DEBARRED,Ongoing,2026-09-23T05:00:01.779Z
166066,AYEMO INVESTMENTS LIMITED,Uganda,KAMPALA,PLOT 1442 NAMUGONGO ROAD P.O.BOX 10916,2011-10-17,2999-12-31,"Procurement Guidelines, 1.14(a)(ii)",DEBARRED,Ongoing,2026-09-23T05:00:01.779Z
165612,VRATSA INVEST GROUP OOD,Bulgaria,,"13B, LOUKASHOV STREET, 3000 VRATSA",2011-11-16,2999-12-31,"Procurement Guidelines, 1.15(a)(ii)",DEBARRED,Ongoing,2026-09-23T05:00:01.779Z
163858,M/S GAYATRI CONSTRUCTION,India,NAVI MUMBAI,"SHOP NO. 14, SHRI GANESH PLAZA, PHASE – 1, KHANDA COLONY,NEW PANWEL",2015-06-16,2999-12-31,"Procurement Guidelines, 1.14(a)(ii)",DEBARRED,Ongoing,2026-09-23T05:00:01.779Z
167057,FEDDERS LLOYD CORPORATION LTD,India,NEW DELHI,"159 OKHLA INDUSTRIAL ESTATE,PHASE III 110020",2016-04-06,2999-12-31,"2004 & 2010 Procurement Guidelines, 1.14(a)(ii)",DEBARRED,Ongoing,2026-09-23T05:00:01.779Z
166884,M/S UDAY PRATAP SHARMA,India,MADHYA PRADESH,"A-46 GOVINDPURI, THATIPUR, GWALIOR 647401",2014-06-10,2999-12-31,"Procurement Guidelines, 1.14(a)(ii)",DEBARRED,Ongoing,2026-09-23T05:00:01.779Z
169551,CONTRANSIMEX NIGERIA LIMITED,Nigeria,,"8, ADEKUNLE FAJUYI WAY, IKEJA, G.R.A., P.O. BOX 6891, IKEJA, LAGOS, NIGERIA",2012-05-30,2999-12-31,"Procurement Guidelines, 1.14(a)(ii)",DEBARRED,Ongoing,2026-09-23T05:00:01.779Z
168676,E.C. DE LUNA CONSTRUCTION CORP.,Philippines,,,2009-01-12,2999-12-31,Procurement Guidelines 1.15(a)(ii),DEBARRED,Permanent,2026-09-23T05:00:01.779Z
168677,EDUARDO C. DE LUNA,Philippines,,,2009-01-12,2999-12-31,Procurement Guidelines 1.15(a)(ii),DEBARRED,Permanent,2026-09-23T05:00:01.779Z
172216,SIMED INTERNATIONAL B.V.,Netherlands,3543 AR UTRECHT,MIDDENWETERING,2015-06-25,2999-12-31,"Procurement Guidelines, 1.15(a)(i); Procurement Guidelines, 1.14(a)(i)",DEBARRED,Ongoing,2026-09-23T05:00:01.779Z
171734,J. MITRA & CO. PRIVATE LIMITED,India,,"A-180 OKHLA INDUSTRIAL AREA PHASE # I, NEW DELHI, 110 020,",2011-11-28,2999-12-31,1999 Procurement Guidelines 1.15(a)(ii),DEBARRED,Ongoing,2026-09-23T05:00:01.779Z
83317,SEYDOU IDANI,Burkina Faso,,,2004-10-25,2999-12-31,Consultant Guidelines 1.25(a)(i),DEBARRED,Permanent,2026-09-23T05:00:01.779Z
102174,"SENG ENTERPRISE CO., LTD.",Cambodia,PHNOM PENH,"NO. 138 STREET 51 CORNER 294, SANGKAT BOEUNG KENG KANG I, KHAN CHMAKAR MORN",2015-02-20,2999-12-31,"Procurement Guidelines, 1.15(a)(i)",DEBARRED,Ongoing,2026-09-23T05:00:01.779Z
110821,NGUYEN XUAN DOAN,Viet Nam,HANOI,"NO. 40, LANE 575, KIM MA, NGOCH KHANH WARD, BA DINH DISTRICT",2011-10-18,2999-12-31,Consultant Guidelines 1.22(a)(ii),DEBARRED,Ongoing,2026-09-23T05:00:01.779Z
112840,AGRIC-CANADA,United Kingdom,,,2000-02-24,2999-12-31,Procurement Guidelines 1.15(a)(i) & (ii),DEBARRED,Permanent,2026-09-23T05:00:01.779Z
112843,"AMANI B.P., LTD.",United Kingdom,LONDON,,1999-04-08,2999-12-31,Procurement Guidelines 1.15(a)(ii),DEBARRED,Permanent,2026-09-23T05:00:01.779Z
112852,ASIA CONSTRUCTION,United States,,,2001-03-05,2999-12-31,Procurement Guidelines 1.15(a)(i),DEBARRED,Permanent,2026-09-23T05:00:01.779Z
112853,ASIA CONSTRUCTION,United States,,,2001-03-05,2999-12-31,Procurement Guidelines 1.15(a)(i),DEBARRED,Permanent,2026-09-23T05:00:01.779Z
112856,COLDLINE INCORPORATED,United States,,,2000-02-11,2999-12-31,Procurement Guidelines 1.15(a)(i) & (ii),DEBARRED,Permanent,2026-09-23T05:00:01.779Z
112858,CORD CONSTRUCTION LTD.,United Kingdom,ISLE OF MAN,,2000-02-11,2999-12-31,Procurement Guidelines 1.15(a)(i) & (ii),DEBARRED,Permanent,2026-09-23T05:00:01.779Z
112899,DACTUS AB,Sweden,STOCKHOLM,,2001-03-30,2999-12-31,Consultant Guidelines 1.25(a)(i) & (ii),DEBARRED,Permanent,2026-09-23T05:00:01.779Z
112902,"DARESLEY HOLDING, INC.",United Kingdom,,BRITISH VIRGIN ISLANDS,2001-03-05,2999-12-31,Consultant Guidelines 1.25(a)(i),DEBARRED,Permanent,2026-09-23T05:00:01.779Z
112905,DAVID RIPER,United States,,,2002-12-19,2999-12-31,Consultant Guidelines 1.25(a)(i),DEBARRED,Permanent,2026-09-23T05:00:01.779Z
112908,DIGIDATA,United States,,,2002-12-19,2999-12-31,Consultant Guidelines 1.25(a)(i),DEBARRED,Permanent,2026-09-23T05:00:01.779Z
112911,EASTERN TRADING LTD.,United Arab Emirates,,,2001-04-30,2999-12-31,Procurement Guidelines 1.15(a)(ii),DEBARRED,Permanent,2026-09-23T05:00:01.779Z
112913,EMKAY ENTERPRISES LTD.,United Kingdom,LONDON,,2000-02-11,2999-12-31,Procurement Guidelines 1.15(a)(i) & (ii),DEBARRED,Permanent,2026-09-23T05:00:01.779Z
112914,ENGINEERING PROJECTS INTERNATIONAL,United Kingdom,LONDON,,2000-02-11,2999-12-31,Procurement Guidelines 1.15(a)(i) & (ii),DEBARRED,Permanent,2026-09-23T05:00:01.779Z
112920,GAP INTERNATIONAL,India,,,2001-04-30,2999-12-31,Procurement Guidelines 1.15(a)(ii),DEBARRED,Permanent,2026-09-23T05:00:01.779Z
112935,INTER EMIRATES & CO.,United Arab Emirates,DUBAI,,2000-02-11,2999-12-31,Procurement Guidelines 1.15(a)(i) & (ii),DEBARRED,Permanent,2026-09-23T05:00:01.779Z
112925,"HARLTON INVESTMENTS, INC.",Ireland,,,2001-03-05,2999-12-31,Consultant Guidelines 1.25(a)(i),DEBARRED,Permanent,2026-09-23T05:00:01.779Z
112937,INTERNATIONAL DEVELOPMENT PROJECTS SERVICES,United Kingdom,LONDON,,2000-02-11,2999-12-31,Consultant Guidelines 1.25(a)(i),DEBARRED,Permanent,2026-09-23T05:00:01.779Z
112939,JAN SUNDQVIST,Sweden,STOCKHOLM,,2003-08-15,2999-12-31,Procurement Guidelines 1.15(a)(ii),DEBARRED,Permanent,2026-09-23T05:00:01.779Z
112942,KAMAL SHARDA,Nigeria,LAGOS,,2000-02-11,2999-12-31,Procurement Guidelines 1.15(a)(i) & (ii),DEBARRED,Permanent,2026-09-23T05:00:01.779Z
112944,KARITEX LIMITED,Nigeria,,,2000-02-24,2999-12-31,Procurement Guidelines 1.15(a)(i) & (ii),DEBARRED,Permanent,2026-09-23T05:00:01.779Z
112945,KNOWLEDGE ENGINEERING,United States,,,2002-12-19,2999-12-31,Consultant Guidelines 1.25(a)(i),DEBARRED,Permanent,2026-09-23T05:00:01.779Z
112948,LABH UNIVERSAL,United Kingdom,COVENTRY,,2000-02-11,2999-12-31,Procurement Guidelines 1.15(a)(i) & (ii),DEBARRED,Permanent,2026-09-23T05:00:01.779Z
112996,MR. CLAES FJELLNER,Sweden,STOCKHOLM,,2001-03-30,2999-12-31,Consultant Guidelines 1.25(a)(i),DEBARRED,Permanent,2026-09-23T05:00:01.779Z
112993,MANDEEP S. SANDHU,United States,,,2000-02-11,2999-12-31,Procurement Guidelines 1.15(a)(i) & (ii),DEBARRED,Permanent,2026-09-23T05:00:01.779Z
112994,MEDIRITE GROUP LTD.,United Kingdom,MIDDLESEX,,2000-02-11,2999-12-31,Procurement Guidelines 1.15(a)(i) & (ii),DEBARRED,Permanent,2026-09-23T05:00:01.779Z
113330,PAVEL ZOLOTARYOV,United States,ROCKVILLE,,2001-03-05,2999-12-31,Consultant Guidelines 1.25(a)(i),DEBARRED,Permanent,2026-09-23T05:00:01.779Z
113325,NORDIC TRUST STIFTELSEN I STOCKHOLM AB,Sweden,STOCKHOLM,,2001-03-30,2999-12-31,Consultant Guidelines 1.25(a)(i),DEBARRED,Permanent,2026-09-23T05:00:01.779Z
113326,NORSK-AGRO LTD.,United Kingdom,LONDON,,2000-02-11,2999-12-31,Procurement Guidelines 1.15(a)(i) & (ii),DEBARRED,Permanent,2026-09-23T05:00:01.779Z
113327,O-GROUP BV,Netherlands,AMSTERDAM,,2001-03-30,2999-12-31,Consultant Guidelines 1.25(a)(i),DEBARRED,Permanent,2026-09-23T05:00:01.779Z
113331,PENMACS CORPORATION,Japan,YOKOHAMA,,1999-10-27,2999-12-31,Consultant Guidelines 1.25(a)(i),DEBARRED,Permanent,2026-09-23T05:00:01.779Z
113332,PIERRE SAVIGNAC,Canada,"VERDUN, QUEBEC",,1999-03-16,2999-12-31,Procurement Guidelines 1.15(a)(ii),DEBARRED,Permanent,2026-09-23T05:00:01.779Z
113333,PRADEEP MENON,United Kingdom,LONDON,,2000-02-11,2999-12-31,Procurement Guidelines 1.15(a)(i) & (ii),DEBARRED,Permanent,2026-09-23T05:00:01.779Z
113341,PRADEEP S. NAIR,United Kingdom,LONDON,,1999-04-08,2999-12-31,Procurement Guidelines 1.15(a)(ii),DEBARRED,Permanent,2026-09-23T05:00:01.779Z
113396,SCAN DISTRIBUTION PTE. LTD.,Singapore,,,2001-04-30,2999-12-31,Procurement Guidelines 1.15(a)(ii),DEBARRED,Permanent,2026-09-23T05:00:01.779Z
113393,RESOURCE DEVELOPMENT LTD.,United Kingdom,ISLE OF MAN,,2000-02-11,2999-12-31,Procurement Guidelines 1.15(a)(i) & (ii),DEBARRED,Permanent,2026-09-23T05:00:01.779Z
113395,SADIN INTERNATIONAL OPERATIONS LTD.,Sweden,STOCKHOLM,,2001-03-30,2999-12-31,Consultant Guidelines 1.25(a)(i),DEBARRED,Permanent,2026-09-23T05:00:01.779Z
113397,SHARDA IMPEX (U.K.) LTD.,United Kingdom,,,2000-02-11,2999-12-31,Procurement Guidelines 1.15(a)(i) & (ii),DEBARRED,Permanent,2026-09-23T05:00:01.779Z
113398,SHARDA IMPEX (U.K.) LTD.,Nigeria,LAGOS,,2000-02-11,2999-12-31,Procurement Guidelines 1.15(a)(i) & (ii),DEBARRED,Permanent,2026-09-23T05:00:01.779Z
113399,SHEREENA AGRICULTURE LTD.,Nigeria,KANO,,2000-02-11,2999-12-31,Procurement Guidelines 1.15(a)(i) & (ii),DEBARRED,Permanent,2026-09-23T05:00:01.779Z
113400,SHIVIND LTD.,United Kingdom,ISLE OF MAN,,2000-02-11,2999-12-31,Procurement Guidelines 1.15(a)(i) & (ii),DEBARRED,Permanent,2026-09-23T05:00:01.779Z
113410,SURENDRA SINGH,India,,,2001-04-30,2999-12-31,Procurement Guidelines 1.15(a)(ii),DEBARRED,Permanent,2026-09-23T05:00:01.779Z
113405,SMAFORETAGARTJANST SRB AB,Sweden,STOCKHOLM,,2003-08-15,2999-12-31,Procurement Guidelines 1.15(a)(ii),DEBARRED,Permanent,2026-09-23T05:00:01.779Z
113411,SURENDRA SINGH,Uzbekistan,,,2001-04-30,2999-12-31,Procurement Guidelines 1.15(a)(ii),DEBARRED,Permanent,2026-09-23T05:00:01.779Z
113687,VIKRAM DEEPAK GURSAHANEY,Nigeria,LAGOS,,2000-02-11,2999-12-31,Procurement Guidelines 1.15(a)(i) & (ii),DEBARRED,Permanent,2026-09-23T05:00:01.779Z
113682,SWEDCON KB,Sweden,STOCKHOLM,,2001-03-30,2999-12-31,Consultant Guidelines 1.25(a)(i),DEBARRED,Permanent,2026-09-23T05:00:01.779Z
113683,SWEDISH URBAN PLANNER & MANAGEMENT,Sweden,STOCKHOLM,,2001-03-30,2999-12-31,Consultant Guidelines 1.25(a)(i),DEBARRED,Permanent,2026-09-23T05:00:01.779Z
113921,"ASIA COMMUNICATIONS CO., LTD",Cambodia,,"#51EO, ST. 366, SANGKAT TOUL SVAY, PREY I, KHAN CHAMKARMORN, CITY PHNOM PENH",2012-04-03,2999-12-31,"Procurement Guidelines, 1.15(a)(ii)",DEBARRED,Ongoing,2026-09-23T05:00:01.779Z
118564,SUGDIYON LIMITED LIABILITY COMPANY,Tajikistan,,"163 KHAKHRINAU STREET, GARAUTY SETTLEMENT, DZHILIKUL DISTRICT, KHATLON PROVINCE",2012-01-04,2999-12-31,"Procurement Guidelines, 1.15(a)(ii)",DEBARRED,Ongoing,2026-09-23T05:00:01.779Z
188885,SUGDIYON-1 CO. LTD.,Tajikistan,,"163 KHAKHRINAU STREET, GARAUTY SETTLEMENT, DZHILIKUL DISTRICT, KHATLON PROVINCE",2015-09-24,2999-12-31,Sanctions Procedures sec. 9.04(c),DEBARRED,Ongoing,2026-09-23T05:00:01.779Z
309999,MS. NANCY MERUBIA YEPES,Bolivia,SANTA CRUZ,"KILOMETRO 6 DOBLE VIA LA GUARDIA, BARRIO EL BAJIO SUR, CALLE 16 DE JUNIO NO. 6810",2014-06-12,2999-12-31,"Procurement Guidelines, 1.14(a)(iii)",DEBARRED,Ongoing,2026-09-23T05:00:01.779Z
309996,EMPRESA CONSTRUCTORA FERNÁNDEZ ESCOBAR,Bolivia,SANTA CRUZ,"KILOMETRO 6 DOBLE VIA LA GUARDIA, BARRIO EL BAJIO SUR, CALLE 16 DE JUNIO NO. 6810",2014-06-12,2999-12-31,"Procurement Guidelines, 1.14(a)(iii)",DEBARRED,Ongoing,2026-09-23T05:00:01.779Z
309997,CONSTRUCCIONES Y SERVICIOS MERUBIA,Bolivia,SANTA CRUZ,"KILOMETRO 6 DOBLE VIA LA GUARDIA, BARRIO EL BAJIO SUR, CALLE 16 DE JUNIO NO. 6810",2014-06-12,2999-12-31,"Procurement Guidelines, 1.14(a)(iii)",DEBARRED,Ongoing,2026-09-23T05:00:01.779Z
309998,MR. WALTER FERNÁNDEZ FERNÁNDEZ,Bolivia,SANTA CRUZ,"KILOMETRO 6 DOBLE VIA LA GUARDIA, BARRIO EL BAJIO SUR, CALLE 16 DE JUNIO NO. 6810",2014-06-12,2999-12-31,"Procurement Guidelines, 1.14(a)(iii)",DEBARRED,Ongoing,2026-09-23T05:00:01.779Z
193340,LAO-ASIE CONSULTANTS GROUP,Lao People's Democratic Republic,VIENTIANE CAPITAL,"HOUSE NO. 184, UNIT 8, BAN SAPHANTHONG-TAI, SYSATTANAK DISTRICT PO BOX 4818",2017-01-31,2999-12-31,"2006 Consultant Guidelines, 1.22(a)(i)",DEBARRED,Ongoing,2026-09-23T05:00:01.779Z
313118,STEVEN NEDERHORST,Netherlands,2450 A B LEIMUIDEN,POST-BOX 80,2014-11-04,2999-12-31,"Consultant Guidelines, 1.25(a)(i)-(ii)",DEBARRED,Ongoing,2026-09-23T05:00:01.779Z
313119,PIONEER CONSTRUCTION LTD,Uganda,KAMPALA,"PLOT 2B, 5TH STREET CLOSE INDUSTRIAL AREA, P.O. BOX 21160",2014-09-30,2999-12-31,"Procurement Guidelines, 1.14(a)(i)-(ii)",DEBARRED,Ongoing,2026-09-23T05:00:01.779Z
313099,"ELMCREST GROUP LIMITED, FORMERLY KNOWN AS LANDMARC LIMITED",United Kingdom,"GATESHEAD, TYNE & WEAR, NE8 1NS","COBURG HOUSE, 1 COBURG STREET",2014-11-04,2999-12-31,Controlled Affiliate of a Sanctioned Entity.,DEBARRED,Ongoing,2026-09-23T05:00:01.779Z
313885,"BAYON WATER PUMP CO., LTD.",Cambodia,PHNOM PENH,"PHUM RUNG CHAK,SANGKAT PHNOM PENH THMEI,KHAN SEN SOK",2014-10-30,2999-12-31,"Procurement Guidelines, 1.14(a)(ii)",DEBARRED,Ongoing,2026-09-23T05:00:01.779Z
311048,"DIAMOND CONSTRUCTION & IMPORT EXPORT CO., LTD.",Cambodia,PHNOM PENH,"190EO, MAO TSE TUNG BLVD, SANGKAT TUMNUP TEK, KHAN CHAMKER",2014-08-26,2999-12-31,"Procurement Guidelines, 1.14(a)(ii)",DEBARRED,Ongoing,2026-09-23T05:00:01.779Z
311329,"C.D.W. CONSTRUCTION CO., LTD",Cambodia,PHNOM PENH,"HOUSE NO. 35B, ST. 476, SANGKAT TOULTOMPOUNG II, KHAN. CHAMKARMORN",2014-07-24,2999-12-31,"Procurement Guidelines, 1.14(a)(ii)",DEBARRED,Ongoing,2026-09-23T05:00:01.779Z
313385,K.R.G. ASSOCIATES,India,PUDUCHERRY 605011,#5 CHELLAN NAGAR,2015-02-10,2999-12-31,"Procurement Guidelines, 1.14(a)(ii)",DEBARRED,Ongoing,2026-09-23T05:00:01.779Z
113276,OOO ARMADA CENTER,Russian Federation,MOSCOW,"15, 5TH DONSKOY PROEZD, BUILDING 6, 117344",2014-05-02,2999-12-31,"May 2004 Consultant Guidelines, para. 1.22(a)(ii)",DEBARRED,Ongoing,2026-09-23T05:00:01.779Z
311049,MR. CHEA VANTHA,Cambodia,PHNOM PENH,"190EO, MAO TSE TUNG BLVD, SANGKAT TUMNUP TEK, KHAN CHAMKER",2014-08-26,2999-12-31,"Procurement Guidelines, 1.14(a)(ii)",DEBARRED,Ongoing,2026-09-23T05:00:01.779Z
300057,"KUOY VUOCH CONSTRUCTION CO., LTD",Cambodia,"PURSAT CITY, PURSAT PROVINCE","PEAL NHEK I VILLAGE, SANGKAT PTEAS PREY",2014-08-19,2999-12-31,"Procurement Guidelines, 1.14(a)(ii)",DEBARRED,Ongoing,2026-09-23T05:00:01.779Z
313120,MR. CHARLES KYENKYA,Uganda,KAMPALA,"PLOT 2B, 5TH STREET CLOSE INDUSTRIAL AREA, P.O. BOX 21160",2014-09-30,2999-12-31,"Procurement Guidelines, 1.14(a)(i)-(ii)",DEBARRED,Ongoing,2026-09-23T05:00:01.779Z
313220,SFC VIETNAM INVESTMENT DEVELOPMENT FOR ENVIRONMENT CORPORATION,Viet Nam,HANOI,"TOWER CENTER OFFICE BUILDING, NO. 83A LY THUONG KIET STREET, DISTRICT HOAN KIEM",2015-12-15,2999-12-31,"Consult. Guidelines, 1.22(a)(ii); Proc. Guidelines, 1.14(a)(ii)-(iii)",DEBARRED,Ongoing,2026-09-23T05:00:01.779Z
311660,MR. KUOY VUOCH,Cambodia,"PURSAT CITY, PURSAT PROVINCE","PEAL NHEK I VILLAGE, SANGKAT PTEAS PREY",2014-08-19,2999-12-31,"Procurement Guidelines, 1.14(a)(ii)",DEBARRED,Ongoing,2026-09-23T05:00:01.779Z
314057,MR. TANG CHI ANH,Viet Nam,HANOI,"ROOM 101, BLOCK 8A, APARTMENT BUILDING OF WATER RESOURCES UNIVERSITY, LANE 95, CHUA BOC STREET, DONG DA DISTRICT",2014-12-03,2999-12-31,"Consultant Guidelines, 1.22(a)(ii)",DEBARRED,Ongoing,2026-09-23T05:00:01.779Z
312040,"SUN TRANSFORMER MANUFACTURING CO., LTD.",China,,,2015-07-02,2999-12-31,"Procurement Guidelines, 1.14(a)(ii)",DEBARRED,Ongoing,2026-09-23T05:00:01.779Z
314087,RISMA LTD.,Kyrgyz Republic,"BATKEN OBLAST, INN","KYZL-KIA TOWN, 126 PERVOMAISKAIA STR.",2015-05-27,2999-12-31,"Procurement Guidelines, 1.14(a)(ii)",DEBARRED,Ongoing,2026-09-23T05:00:01.779Z
310887,SERVICIOS PROFESIONALES DE INGENIERÍA Y COMERCIO ROCHA,Guatemala,ZONA 6 DE MIXCO,"25 CALLE 10-08, COLONIA SAN FRANCISCO I",2014-07-08,2999-12-31,"Procurement Guidelines, 1.14(a)(ii)",DEBARRED,Ongoing,2026-09-23T05:00:01.779Z
314088,MR. YRYSBEK NURDUPOVICH GULMATOV,Kyrgyz Republic,KYZYL-KIYA TOWN,287 KIRGIZSKAYA STREET,2014-11-11,2999-12-31,"Procurement Guidelines, 1.14(a)(ii)",DEBARRED,Ongoing,2026-09-23T05:00:01.779Z
312118,DUTCHMED B.V.,Netherlands,4202 MV GORINCHEM,AVELINGEN WEST 72,2017-06-02,2031-06-01,"May 2004 PGL, Para. 1.14(a)(i); May 2010 PGL, Para. 1.14(a)(v)(bb)",DEBARRED,,2026-09-23T05:00:01.779Z
315236,MODERN SERVIS MMC/MODERN SERVIZ MMC,Azerbaijan,BAKU,"AZ1021, SABAYIL DISTRICT, BADAMDAR BUILDING 9, APT. 17",2014-12-30,2999-12-31,"Procurement Guidelines, 1.14(a)(iii)",DEBARRED,Ongoing,2026-09-23T05:00:01.779Z
315237,ELEQANT-TIKINTI INSAAT MMC/ELEQANT-TIKINTI INSAAT LLC,Azerbaijan,BAKU,"AZ1010, NASIMI DISTRICT, 195, SULEYMAN RAHIMOV STREET, APT. 24/25",2015-05-27,2999-12-31,"Procurement Guidelines, 1.14(a)(iii)",DEBARRED,Ongoing,2026-09-23T05:00:01.779Z
315240,SERGEI SAVCHENKO,Ukraine,"KYIV, 04107","32, PECHENIZ’KA STR.",2016-06-29,2999-12-31,"2004 PG, Para. 1.14(a)(iii)",DEBARRED,Ongoing,2026-09-23T05:00:01.779Z
316109,ICOR INGENIERIA EN CONSTRUCCIONÉS ORLEANS,Bolivia,"ACHACHICALA, LA PAZ","CALLE JUAN DE SAAVEDRA ESQ. C.3. NO. 504, PISO 2, OFICINA 2, ZONA N.",2015-02-06,2999-12-31,"Procurement Guidelines, 1.15(a)(ii)",DEBARRED,Ongoing,2026-09-23T05:00:01.779Z
316627,GABICE S.A.C.,Peru,"LA MOLINA, LIMA 12","C/O MASTERWALL S.A., AV. MELGAREJO 668 URB. SANTA PATRICIA",2015-02-25,2999-12-31,"Procurement Guidelines, 1.14(a)(ii)",DEBARRED,Ongoing,2026-09-23T05:00:01.779Z
315239,BMS CONSULTING LLC,Ukraine,"KYIV, 04107","32, PECHENIZ’KA STR.",2016-06-29,2999-12-31,"2004 PG, Para. 1.14(a)(iii)",DEBARRED,Ongoing,2026-09-23T05:00:01.779Z
318949,M/S. JANATA TRADERS,Bangladesh,DHAKA-1215,"TCB BHAB (7TH FLOOR), 1, KAWRAN BAZAR",2017-12-19,2999-12-31,"Para. 1.14(a)(v)(bb), May 2010 Procurement Guidelines",DEBARRED,Ongoing,2026-09-23T05:00:01.779Z
172914,PT DDC CONSULTANTS,Indonesia,,"JL. MASJID AN'NUR NO. 51A, KEBAYORAN LAMA, JAKARTA SELATAN",2011-04-25,2999-12-31,"Consultant Guidelines, 1.25(a)(ii)",DEBARRED,Ongoing,2026-09-23T05:00:01.779Z
315238,RUSLAN TIKINTI DEMONTAJ MMC/RUSLAN BUILDING DEMONTAGE LLC,Azerbaijan,BAKU,"AZ1021, SABAYIL DISTRICT, BADAMDAR BUILDING 9, APT. 17",2014-12-30,2999-12-31,"Procurement Guidelines, 1.14(a)(iii)",DEBARRED,Ongoing,2026-09-23T05:00:01.779Z
316110,EMPRESA CONSTRUCTORA Y CONSULTORA LAPTUS S.R.L.,Bolivia,TARIJA,"CALLE MUNICIPAL NO. 501, VILLA ABAROA",2015-02-10,2999-12-31,"Procurement Guidelines, 1.15(a)(ii)",DEBARRED,Ongoing,2026-09-23T05:00:01.779Z
318910,"BERKMAN INTERNATIONAL, INC.",Philippines,SAN JUAN CITY,"3RD FLOOR, VAG BUILDING, ORTIGAS AVE., GREENHILLS",2017-06-29,2999-12-31,"2004 CGL, paras.1.22(a)(i); 2006 CGL, paras. 1.22(a)(i)&(ii)",DEBARRED,Ongoing,2026-09-23T05:00:01.779Z
175557,"INTREPRINDEREA MIXTA MOLDO-IRLANDEZA ""ROMANY GAZ GROUP"" S.R.L.",Moldova,,"STR. MUNCESTI, 801, CHISINAU MD-2029",2011-11-08,2999-12-31,"Procurement Guidelines, 1.14(a)(ii)",DEBARRED,Ongoing,2026-09-23T05:00:01.779Z
189687,MR. DMITRY GENNADYEVICH KOSTOUSOV,Russian Federation,SVERDLOVSK OBLAST,"12A GAGARIN STREET, APT. 45, BEREZOVSKY",2011-12-06,2999-12-31,"Procurement Guidelines, 1.15(a)(ii)",DEBARRED,Ongoing,2026-09-23T05:00:01.779Z
175956,SUPREMATECH SOLUTIONS INC.,United States,WILMINGTON,"1201 ORANGE STREET, SUITE 600",2012-12-04,2999-12-31,"Procurement Guidelines, 1.14(a)(ii)",DEBARRED,Ongoing,2026-09-23T05:00:01.779Z
176674,DR. SYMPLICE MBOLA MBASSI,"Congo, Democratic Republic of",KINSHASA,"167, AVENUE NGUNGU, COMMUNE DE KINSHASA",2011-07-13,2999-12-31,Consultant Guidelines 1.22(a)(ii),DEBARRED,Ongoing,2026-09-23T05:00:01.779Z
178080,MAURENCE ANGUH,United States,CHICAGO,40 E. CHICAGO AVENUE # 200,2010-04-01,2999-12-31,"Consultant Guidelines 1.22(a)(ii), 1.25(a)(ii)",DEBARRED,Ongoing,2026-09-23T05:00:01.779Z
186120,MR. VALERI ANGELOV,Bulgaria,,"13B, LOUKASHOV STREET, 3000 VRATSA",2011-11-16,2999-12-31,"Procurement Guidelines, 1.15(a)(ii)",DEBARRED,Ongoing,2026-09-23T05:00:01.779Z
186121,METAL ENGINEERING EOOD,Bulgaria,,"16, ILINDEN STREET, PO BOX 293, 3000 VRATSA",2011-11-16,2999-12-31,"Procurement Guidelines, 1.15(a)(ii)",DEBARRED,Ongoing,2026-09-23T05:00:01.779Z
187263,DR.HANS PETER SCHÖNE,Germany,"RUNGESTRAßE 22/530, D-10179, BERLIN, GERMANY",,2011-08-17,2999-12-31,Consultant Guidelines 1.25(a)(ii),DEBARRED,Ongoing,2026-09-23T05:00:01.779Z
187506,ALAMTECH INTERNATIONAL AND GENERAL SUPPLIER,Sierra Leone,FREETOWN,34A MALAMA THOMAS STREET,2014-11-06,2999-12-31,"October 2006 Procurement Guidelines, para. 1.14(a)(ii)",DEBARRED,Ongoing,2026-09-23T05:00:01.779Z
123940,ASDECON CORPORATION COMPANY LIMITED,Thailand,BANGKOK,"2782, LAO PRAO 130, LAO PRAO ROAD, KLONGCHAN, BANGKAPI",2012-05-30,2999-12-31,"Consultant Guidelines, 1.25",DEBARRED,Ongoing,2026-09-23T05:00:01.779Z
186440,"CABINET DE RECHERCHE, DE FORMATION ET D'EXPERTISE EN SANTÉ","Congo, Democratic Republic of",KINSHASA,"167, AVENUE NGUNGU, COMMUNE DE KINSHASA",2011-07-13,2999-12-31,Consultant Guidelines 1.22(a)(ii),DEBARRED,Ongoing,2026-09-23T05:00:01.779Z
118641,URALKOTLOSERVICE PKF ZAO (TAMBOV),Russian Federation,TAMBOV,"7A SHIROKAYA STREET, 392000",2011-11-29,2999-12-31,"Procurement Guidelines, 1.15(a)(ii)",DEBARRED,Ongoing,2026-09-23T05:00:01.779Z
189691,URALKOTLOSERVICE PKF ZAO (TAMBOV),Russian Federation,TAMBOV,"1 KRASNOARMEISKAYA SQUARE, 392023",2011-11-29,2999-12-31,"Procurement Guidelines, 1.15(a)(ii)",DEBARRED,Ongoing,2026-09-23T05:00:01.779Z
189692,URALKOTLOSERVICE PKF ZAO (TAMBOV),Russian Federation,TAMBOV,"7A SHIROKAYA STREET, 390218",2011-11-29,2999-12-31,"Procurement Guidelines, 1.15(a)(ii)",DEBARRED,Ongoing,2026-09-23T05:00:01.779Z
189693,URALKOTLOSERVICE PKF ZAO (TAMBOV),Russian Federation,YEKATERINBURG,"9/7 KRASNOZNAMENNAYA STREET, 620012",2011-11-29,2999-12-31,"Procurement Guidelines, 1.15(a)(ii)",DEBARRED,Ongoing,2026-09-23T05:00:01.779Z
187377,MR. SEALTIEL OROZCO,Nicaragua,,"CENTRO COMERCIAL SAN FRANCISCO MODULO H-4, MANAGUA, NICARAGUA",2011-08-23,2999-12-31,Procurement Guidelines 1.14(a)(ii),DEBARRED,Ongoing,2026-09-23T05:00:01.779Z
186112,LLC UN&CO,Tajikistan,,"C/O MR. NASRIDDIN NASIMOV, NEMAT KORABOEV STREET, BLD-15, APT-1, DUSHANBE",2011-06-01,2999-12-31,Procurement Guidelines 1.15(a)(ii).,DEBARRED,Ongoing,2026-09-23T05:00:01.779Z
190661,BOFRA S.A.R.L.,"Congo, Republic of",BRAZZAVILLE,101 RUE GÉNÉRAL TESTARD,2012-06-18,2999-12-31,"Procurement Guidelines, 1.15(a)(ii)",DEBARRED,Ongoing,2026-09-23T05:00:01.779Z
186117,SEGO VENTURES NIGERIA LIMITED,Nigeria,,"17B CANERY DRIVE, MKO ABIOLA GARDENS, ALAUSA, IKEJA, LAGOS",2011-06-03,2999-12-31,Procurement Guidelines 1.14(a)(ii),DEBARRED,Ongoing,2026-09-23T05:00:01.779Z
186118,MR. JOSEPH NUIJTEN,Belgium,,"HAVEN 138, BOTERHAMVAARTWEG 2, B-2030 ANTWERPEN",2011-06-10,2999-12-31,Procurement Guidelines 1.15(a)(ii),DEBARRED,Ongoing,2026-09-23T05:00:01.779Z
186793,MR. ALEX OPUA,Uganda,KAMPALA,PLOT 1442 NAMUGONGO ROAD P.O.BOX 10916,2011-10-17,2999-12-31,"Procurement Guidelines, 1.14(a)(ii)",DEBARRED,Ongoing,2026-09-23T05:00:01.779Z
189689,MR. DMITRY GENNADYEVICH KOSTOUSOV,Russian Federation,TAMBOV,"1 KRASNOARMEISKAYA SQUARE, 392023",2011-12-06,2999-12-31,"Procurement Guidelines, 1.15(a)(ii)",DEBARRED,Ongoing,2026-09-23T05:00:01.779Z
134371,AL-AJAM COMPANY FOR GENERAL CONTRACTING LTD. (AL-AJAM),Iraq,BAGHDAD,"BUNYAN AL-SA'DI BUILDING, AL-RABEE STREET",2012-03-22,2999-12-31,"Procurement Guidelines, 1.14(a)(ii)",DEBARRED,Ongoing,2026-09-23T05:00:01.779Z
187549,ASMONTAGE EOOD,Bulgaria,2300 PERNIK,"2, PAISII HILENDARSKI STR.",2011-08-30,2999-12-31,Procurement Guidelines 1.15(a)(ii),DEBARRED,Ongoing,2026-09-23T05:00:01.779Z
188221,"GLOBAL TECHNOLOGY SOLUTIONS, INC.",United States,CHICAGO,,2010-04-01,2999-12-31,Sanctions Procedures 9.04(a),DEBARRED,Ongoing,2026-09-23T05:00:01.779Z
188222,GLOSOLVE LIMITED,United Kingdom,,,2010-04-01,2999-12-31,Sanctions Procedures 9.04(a),DEBARRED,Ongoing,2026-09-23T05:00:01.779Z
189239,MR. ROMAN NICU,Moldova,,"STR. MUNCESTI, 801, CHISINAU MD-2029",2011-11-08,2999-12-31,"Procurement Guidelines, 1.14(a)(ii)",DEBARRED,Ongoing,2026-09-23T05:00:01.779Z
120982,URALKOTLOSERVICE PKF ZAO,Russian Federation,YEKATERINBURG,"82 PERVOMAISKAYA STREET, 620062",2011-11-29,2999-12-31,"Procurement Guidelines, 1.15(a)(ii)",DEBARRED,Ongoing,2026-09-23T05:00:01.779Z
189265,GRASCO COMPANY,"Congo, Republic of",BRAZZAVILLE,"SIS NO. 1293 MAMPIRIR, BATIGNOLLES",2012-06-18,2999-12-31,"Procurement Guidelines, 1.15(a)(ii)",DEBARRED,Ongoing,2026-09-23T05:00:01.779Z
186505,"MARKETING ENTERPRISES LATIN AMERICA, LLC",United States,MIAMI,14621 SW 120TH ST. OFF. 102,2012-05-30,2999-12-31,"Procurement Guidelines, 1.15(a)(ii)",DEBARRED,Ongoing,2026-09-23T05:00:01.779Z
191043,CONSTRUCTORA EXTRACON,Bolivia,SANTA CRUZ DE LA SIERRA,"AVENIDA SANTA CRUZ NO. 4155, BARRIO 24 DE SEPTIEMBRE",2011-10-25,2999-12-31,2004 Procurement Guidelines 1.14(a)(iii),DEBARRED,Ongoing,2026-09-23T05:00:01.779Z
191044,"SERVICIOS INDUSTRIALES EN CONSTRUCCIÓN DE METALMÉCANICA Y PETROLERAS ""SICOMETP""",Bolivia,SANTA CRUZ DE LA SIERRA,"CALLE EL CAFETAL NO. 77, ZONA BARRIO EL BAJIO KM. 6, DOBLE VIA LA GUARDIA",2011-10-25,2999-12-31,2004 Procurement Guidelines 1.14(a)(iii),DEBARRED,Ongoing,2026-09-23T05:00:01.779Z
191045,CONSTRUCTORA CITECO,Bolivia,SANTA CRUZ DE LA SIERRA,"CALLE EL CAFETAL NO. 77, ZONA BARRIO EL BAJIO KM. 6",2011-10-25,2999-12-31,2004 Procurement Guidelines 1.14(a)(iii),DEBARRED,Ongoing,2026-09-23T05:00:01.779Z
125551,"SINCAM WATER TECHNOLOGY CO., LTD",Cambodia,PHNOM PENH,"21B STREET 334, SANGKAT BOEUNG KENG KANG 1, KHAN CHAMKAR MON",2012-02-07,2999-12-31,"Procurement Guidelines, 1.15(a)(i)",DEBARRED,Ongoing,2026-09-23T05:00:01.779Z
191046,MULTISTAR HOLDINGS LIMITED (FORMERLY MULTI-CON SYSTEMS PTE LTD.),Singapore,SINGAPORE 338729,"HOCK SENG BUILDING #03-02, 114 LAVENDER STREET",2012-02-28,2999-12-31,"Procurement Guidelines, 1.15(a)(i)",DEBARRED,Ongoing,2026-09-23T05:00:01.779Z
188868,JOHN B. KATENDE,Uganda,KAMPALA,"PLOT 636, NBEEBA, MASAKA ROAD, P.O. BOX 22057",2011-10-25,2999-12-31,"Procurement Guidelines, 1.14(a)(i) and 1.14(a)(ii)",DEBARRED,Ongoing,2026-09-23T05:00:01.779Z
188869,DHEMA AGENCIES LIMITED,Uganda,KAMPALA,"3 PILKINGTON ROAD, P.O. BOX 2909",2012-02-09,2999-12-31,"Procurement Guidelines, 1.14(a)(ii)",DEBARRED,Ongoing,2026-09-23T05:00:01.779Z
191047,MR. TITH VOEURN,Cambodia,PHNOM PENH,"21B STREET 334, SANGKAT BOEUNG KENG KANG 1, KHAN CHAMKAR MON",2012-02-07,2999-12-31,"Procurement Guidelines, 1.15(a)(i)",DEBARRED,Ongoing,2026-09-23T05:00:01.779Z
186235,"ASSOCIATION ""HIDROSTROITEL""",Tajikistan,SHARORA DISTRICT,"KARIM DEVONA STREET 59, HISSAR RAYON",2011-11-21,2999-12-31,"Procurement Guidelines, 1.15(a)(ii)",DEBARRED,Ongoing,2026-09-23T05:00:01.779Z
186116,ASSOCIATION MUHANDISON,Tajikistan,,"C/O MR. NASRIDDIN NASIMOV, NEMAT KORABOEV STREET, BLD-15, APT-1, DUSHANBE",2011-06-01,2999-12-31,Procurement Guidelines 1.15(a)(ii),DEBARRED,Ongoing,2026-09-23T05:00:01.779Z
186126,MRS. SHAMSUNNAHAR,Bangladesh,DISTRICT CHUADANG-7200,"LAST KNOWN ADDRESS: VILLAGE SAROZGANJ, POST OFFICE SAROZGANJ BAZAR",2011-08-22,2999-12-31,Consultant Guidelines 1.25(a)(ii),DEBARRED,Ongoing,2026-09-23T05:00:01.779Z
186122,PROVEEDURÍA MÉDICA S.R.L.,Argentina,,"MEXICO 3100 (C 1233 ABL), BUENOS AIRES",2011-06-16,2999-12-31,Procurement Guidelines 1.15(a)(ii),DEBARRED,Ongoing,2026-09-23T05:00:01.779Z
186123,BITTOHIN CHASI SOMAJ KALLYAN SANGSTHA (BCSKS),Bangladesh,DISTRICT PABNA,"LAST KNOWN ADDRESS: RAHMAN COLONY, C/O ANISUR RAHMAN, 2ND FLOOR, THANAPARA, POST OFFICE ISHURDI",2011-08-31,2999-12-31,Consultant Guidelines 1.25(a)(ii),DEBARRED,Ongoing,2026-09-23T05:00:01.779Z
186124,MR. K.M. RAHMAN,Bangladesh,DHAKA-1209,"LAST KNOWN ADDRESS: HOUSE NO. 300, EIDGHA, ROAD NO. 8/A (NEW), WEST DHANMONDI",2011-07-29,2999-12-31,Consultant Guidelines 1.25(a)(ii),DEBARRED,Ongoing,2026-09-23T05:00:01.779Z
186125,SAMAJIK SANGHA (SS),Bangladesh,DHAKA-1209,"LAST KNOWN ADDRESS: HOUSE NO. 300, EIDGHA, ROAD NO. 8/A (NEW), WEST DHANMONDI",2011-07-29,2999-12-31,Consultant Guidelines 1.25(a)(ii),DEBARRED,Ongoing,2026-09-23T05:00:01.779Z
186127,DEVELOPMENT ACTION CENTRE (DAC),Bangladesh,DISTRICT CHUADANG-7200,"LAST KNOWN ADDRESS: VILLAGE SAROZGANJ, POST OFFICE SAROZGANJ BAZAR",2011-08-22,2999-12-31,Consultant Guidelines 1.25(a)(ii),DEBARRED,Ongoing,2026-09-23T05:00:01.779Z
186128,MR. MD. SHAMSUL ALAM,Bangladesh,,"LAST KNOWN ADDRESS: #68/A, ROAD #9/A, DHANMONDI R/A, DHAKA-1209",2011-07-29,2999-12-31,Consultant Guidelines 1.25(a)(ii),DEBARRED,Ongoing,2026-09-23T05:00:01.779Z
186129,HUMAN RESOURCES DEVELOPMENT ORGANIZATION (HURDO),Bangladesh,,"LAST KNOWN ADDRESS: #68/A, ROAD #9/A, DHANMONDI R/A, DHAKA-1209",2011-07-29,2999-12-31,Consultant Guidelines 1.25(a)(ii),DEBARRED,Ongoing,2026-09-23T05:00:01.779Z
191070,MR. GURDYAL SINGH,Uganda,KAMPALA,P.O. BOX 9062,2012-01-31,2999-12-31,"Procurement Guidelines, 1.14(a)(i)",DEBARRED,Ongoing,2026-09-23T05:00:01.779Z
187330,"HUBEI SUNLIGHT ELECTRIC CO., LTD.",China,"XIANNING CITY, HUBEI PROVINCE, 437000","NO. 90 YONG AN AVENUE, XIANAN DISTRICT",2015-07-02,2999-12-31,"Procurement Guidelines,1.14(a)(ii)",DEBARRED,Ongoing,2026-09-23T05:00:01.779Z
188010,SUPACHAI PRECHATERASAT,Thailand,BANGKOK,"151 TEAM BUILDING, MOO 12, NUANCHAN ROAD, KLONG KUM, BUENG KUM",2011-09-20,2999-12-31,Consultant Guidelines 1.25(a)(i),DEBARRED,Ongoing,2026-09-23T05:00:01.779Z
188749,SOCIAL AND ENVIRONMENTAL DEVELOPMENT JOINT STOCK COMPANY,Viet Nam,HANOI,"NO. 20, 445 LAC LONG QUAN STREET,TAY HO DISTRICT",2011-10-18,2999-12-31,Consultant Guidelines 1.22(a)(ii),DEBARRED,Ongoing,2026-09-23T05:00:01.779Z
186138,AL-SAMI CO. GROUP FOR GENERAL CONTRACTS LTD.,Iraq,,"AL-MANSOUR, 14 RAMADAN ST., BUILDING 82, BAGHDAD",2011-11-29,2999-12-31,"Procurement Guidelines, 1.14(a)(ii)",DEBARRED,Ongoing,2026-09-23T05:00:01.779Z
195016,MS. VICTORIA SLISARENKO,Ukraine,"KIEV, 03127","APT. 1, 11 BURMISTENKA STREET",2012-10-11,2999-12-31,"Procurement Guidelines, 1.14(a)(ii)",DEBARRED,Ongoing,2026-09-23T05:00:01.779Z
195956,"INFORMATION COMPUTER SYSTEMS, CJSC",Ukraine,"KYIV, 03005",31-33 SMOLENSKA STR.,2014-07-09,2040-01-08,"2004 PG, 1.14(a)i, ii, & iii; 2006 PG, 1.14(a)i, (a)iii, & (a)(v)(bb)",DEBARRED,,2026-09-23T05:00:01.779Z
197184,COMÉRCIO PRODUTOS E EQUIPAMENTOS LTDA,Brazil,SÃO LUIS – MARANHÃO,"AVENIDA GUAJAJARAS, NO. 25 – JD. SÃO CRISTOVÃO",2012-10-18,2999-12-31,"Procurement Guidelines, 1.15(a)(ii)",DEBARRED,Ongoing,2026-09-23T05:00:01.779Z
195833,PT CITRA GADING ASRITAMA,Indonesia,SURABAYA,JL. GAYUNG KEBONSARI A-7,2012-08-07,2999-12-31,"Procurement Guidelines, 1.15(a)(ii)",DEBARRED,Ongoing,2026-09-23T05:00:01.779Z
196430,MR. MUNAWER KHALFAN,Tanzania,DAR ES SALAAM,"POST OFFICE BOX 593, #30 BURHANI COMPLEX, MAGORE ST. UPANGA",2014-01-31,2999-12-31,2002 Consultant Guidelines 1.25(a)(i)-(ii),DEBARRED,Ongoing,2026-09-23T05:00:01.779Z
192661,CONSTRUCTORA TOLEDO,Guatemala,,"SECTOR 4, LOTE 24, CONDOMINIO LA CUPULA, ZONA 0, JOCOTENANGO, SACATEPEQUEZ",2011-12-28,2999-12-31,"Procurement Guidelines, 1.15(a)(ii)",DEBARRED,Ongoing,2026-09-23T05:00:01.779Z
197463,MR. IVO GOMES DA SILVA,Brazil,"SANTA RITA, MARANHÃO","AV. GENERAL RIVAS, NO. 235 LETRA B LIBERDADE",2012-10-19,2999-12-31,"Procurement Guidelines, 1.15(a)(ii)",DEBARRED,Ongoing,2026-09-23T05:00:01.779Z
392415,"GANSU LUGANG CONSTRUCTION ENGINEERING CO., LTD.",China,"LANZHOU, GANSU PROVINCE","ROOM 1105, FLOOR 11, XIMAI MANSION, 12 YANNAN ROAD, HIGH-TECH ZONE, CHENGGUAN DISTRICT",2017-12-19,2999-12-31,Controlled Affiliate of a Sanctioned Entity.,DEBARRED,Ongoing,2026-09-23T05:00:01.779Z
392261,MR. NICOLÁS MAURICIO IRÍAS OSORIO,Honduras,"JUTICALPA, OLANCHO",COLONIA LA GRANJA,2019-03-01,2999-12-31,"Consultant Guidelines, 1.22(a)(ii)",DEBARRED,Ongoing,2026-09-23T05:00:01.779Z
411196,WATER SUPPLY SEWERAGE CONSTRUCTION AND INVESTMENT JOINT STOCK COMPANY (WASECO),Viet Nam,HO CHI MINH CITY,"NO.10 PHO QUANG, WARD NO. 2, TAN  BINH DIST.",2022-09-26,2999-12-31,Controlled Affiliate of a Sanctioned Entity,DEBARRED,Ongoing,2026-09-23T05:00:01.779Z
392431,"LUGANG GROUP WUHU EARTHWORK ENGINEERING CO., LTD.",China,WUHU CITY,"ROOM 1207, TAIXIN BUSINESS CENTER, YIJIANG DISTRICT",2017-12-19,2999-12-31,Controlled Affiliate of a Sanctioned Entity.,DEBARRED,Ongoing,2026-09-23T05:00:01.779Z
392432,"WENZHOU OUHAI NANHU ROAD ENGINEERING CONSTRUCTION CO., LTD.",China,"WENZHOU CITY, ZHEJIANG PROVINCE","ROOM 603, FLOOR 6, RAILWAY MANSION, WENZHOU AVENUE",2017-12-19,2999-12-31,Controlled Affiliate of a Sanctioned Entity.,DEBARRED,Ongoing,2026-09-23T05:00:01.779Z
392433,"WENZHOU LUGANG TRANSPORTATION EQUIPMENT CO., LTD.",China,WENZHOU CITY,"ROOM F, FLOOR 10, RAILWAY MANSION, WENZHOU AVENUE",2017-12-19,2999-12-31,Controlled Affiliate of a Sanctioned Entity.,DEBARRED,Ongoing,2026-09-23T05:00:01.779Z
410979,"HUNAN WATER AND HYDROPOWER CONSTRUCTION GROUP CO., LTD.",China,"YUHUA DISTRICT, CHANGSHA CITY, HUNAN 414000","FLOOR 1, TIANZE MANSION, NO. 290 NORTH SHAOSHAN ROAD",2019-08-26,2999-12-31,"Procurement Guidelines, 1.14(a)(ii)",DEBARRED,Ongoing,2026-09-23T05:00:01.779Z
408241,ULTIMATE ENGINEERING LIMITED,Kenya,NAIROBI,"P.O. BOX 76408-00508, JOSEPH KANG’ETHE ROAD, WOODLEY ESTATE",2019-06-07,2999-12-31,"Procurement Guidelines, 1.16(a)(ii)",DEBARRED,Ongoing,2026-09-23T05:00:01.779Z
407985,PT. NUGRAHA ADI TARUNA,Indonesia,"MAMPANG, JAKARTA SELATAN, JAKARTA 12720",JL. BANGKA RAYA NO. 27 E. PELA,2019-08-02,2999-12-31,"Procurement Guidelines, 1.15(a)(ii)",DEBARRED,Ongoing,2026-09-23T05:00:01.779Z
411199,VIWASEEN3 JOINT STOCK COMPANY,Viet Nam,"THANH TRI, HA NOI","KM14+500 - HIGHWAY 1A, LIEN NINH",2022-09-26,2999-12-31,Controlled Affiliate of a Sanctioned Entity,DEBARRED,Ongoing,2026-09-23T05:00:01.779Z
411200,"WATER, ELECTRIC AND MECHANICAL INSTALLATION AND CONSTRUCTION JSC (VIWASEEN.4)",Viet Nam,HA NOI,"KM14+500 - HIGHWAY 1A, LIEN NINH, THANH TRI",2022-09-26,2999-12-31,Controlled Affiliate of a Sanctioned Entity,DEBARRED,Ongoing,2026-09-23T05:00:01.779Z
411201,VIWASEEN6 JOINT STOCK COMPANY,Viet Nam,HA NOI,"NO. 52 QUOC TU GIAM, VAN MIEU WARD, DONG DA DISTRICT",2022-09-26,2999-12-31,Controlled Affiliate of a Sanctioned Entity,DEBARRED,Ongoing,2026-09-23T05:00:01.779Z
411204,"WATER EQUIPMENT MANUFACTURING, CONSTRUCTION AND INSTALLATION JSC (VIWASEEN.14)",Viet Nam,DONG NAI,"NR. 16, 17 BINH DUONG STREET, LONG BINH TAN, BIEN HOA",2022-09-26,2999-12-31,Controlled Affiliate of a Sanctioned Entity,DEBARRED,Ongoing,2026-09-23T05:00:01.779Z
411205,WATER SUPPLY AND SEWERAGE CONSTRUCTION JSC NO. 15 (VIWASEEN.15),Viet Nam,CAN THO CITY,"340/8 CACH MANG THANG TAM STR., AN THOI -BINH THUY WARD",2022-09-26,2999-12-31,Controlled Affiliate of a Sanctioned Entity,DEBARRED,Ongoing,2026-09-23T05:00:01.779Z
411206,"VIWASEEN MANPOWER SUPPLY, COMMERCIAL AND TOURISM JSC VIWASEEN (VIWASEEN.TMC)",Viet Nam,HA NOI,"NO. 52 QUOC TU GIAM, VAN MIEU WARD, DONG DA DISTRICT",2022-09-26,2999-12-31,Controlled Affiliate of a Sanctioned Entity,DEBARRED,Ongoing,2026-09-23T05:00:01.779Z
411207,VIWASEEN-PHUONG HUONG ENVIRONMENT INVESTMENT AND DEVELOPMENT JSC,Viet Nam,GIA LAI PROVINCE,"KM9, CHU SE DISTRICT",2022-09-26,2999-12-31,Controlled Affiliate of a Sanctioned Entity,DEBARRED,Ongoing,2026-09-23T05:00:01.779Z
398313,"GUIZHOU ZHONGHANG SOUTH MACHINERY CONSTRUCTION CO., LTD.",China,"GUIYANG CITY, GUIZHOU PROVINCE","UNIT 1, NO. 33, FLOOR 13, KAIDI MANSION, 51 NORTH GONGYUAN ROAD, YUNYAN DISTRICT",2019-06-12,2999-12-31,"Procurement Guidelines, 1.14(a)(ii)",DEBARRED,Ongoing,2026-09-23T05:00:01.779Z
411208,TRUONG AN-VIWASEEN INVESTMENT AND CONSTRUCTION JSC,Viet Nam,HA NOI,"NR. 66, NUI TRUC, GIANG VAN MINH, BA DINH",2022-09-26,2999-12-31,Controlled Affiliate of a Sanctioned Entity,DEBARRED,Ongoing,2026-09-23T05:00:01.779Z
408033,"JIANGXI HUAWEI CONSTRUCTION MATERIALS CO., LTD.",China,"NANCHANG CITY, JIANGXI PROVINCE","112 YUHU ROAD, XIAOLAN DEVELOPMENT ZONE, NANCHANG COUNTY",2017-12-19,2999-12-31,"Procurement Guidelines, 1.14(a)(ii)",DEBARRED,Ongoing,2026-09-23T05:00:01.779Z
411209,VIWASEEN'S INFRASTRUCTURE CONSTRUCTION INVESTMENT JOINT STOCK COMPANY,Viet Nam,HOA BINH,"TAN SON, HOA SON, LUONG SON",2022-09-26,2999-12-31,Controlled Affiliate of a Sanctioned Entity,DEBARRED,Ongoing,2026-09-23T05:00:01.779Z
414470,OOO FIDES SOLUTIONS,Uzbekistan,TASHKENT,"ROOM 25A, NO. 50, OYBEK STREET",2019-07-17,2999-12-31,"Procurement Guidelines, 1.16(a)(i)",DEBARRED,Ongoing,2026-09-23T05:00:01.779Z
414501,MR. RAVSHAN RIZAMETOV,Uzbekistan,TASHKENT,"ROOM 25A, NO. 50, OYBEK STREET",2019-07-17,2999-12-31,"Procurement Guidelines, 1.16(a)(i)",DEBARRED,Ongoing,2026-09-23T05:00:01.779Z
412058,MR. MUMINJON YULDASHEV,Uzbekistan,FERGANA REGION,"FOUNDER AND OWNER OF QUVASOY TAMIR QURILISH LLC, 71 S. TEMUR STREET, FERGANA CITY",2019-07-08,2999-12-31,"Procurement Guidelines, 1.16(a)(iv)",DEBARRED,Ongoing,2026-09-23T05:00:01.779Z
411198,"WATER SUPPLY, SEWERAGE AND MECHANICAL CONSTRUCTION JSC (VIWASEEN.2)",Viet Nam,HA NOI,"NO. 56 ALLEY 85, HA DINH STR., THANH XUAN",2022-09-26,2999-12-31,Controlled Affiliate of a Sanctioned Entity,DEBARRED,Ongoing,2026-09-23T05:00:01.779Z
409648,EMMYWAYS ENGINEERING/CONSTRUCTION LIMITED,Uganda,ARUA,"HEAD OFFICE AT ANTAFIO BARIFA ROAD, PLOT 2 AYIVU CLOSE, P.O. BOX 1093",2019-06-18,2999-12-31,"Procurement Guidelines, 1.16(a)(ii)",DEBARRED,Ongoing,2026-09-23T05:00:01.779Z
411197,WATER SUPPLY AND SEWERAGE CONSTRUCTION JSC NO. 1 (VIWASEEN.1),Viet Nam,HA NOI,"NO. 56 ALLEY 85, HA DINH STR., THANH XUAN",2022-09-26,2999-12-31,Controlled Affiliate of a Sanctioned Entity,DEBARRED,Ongoing,2026-09-23T05:00:01.779Z
393808,"ZHONGCHEN ROAD & BRIDGE CONSTRUCTION (BEIJING) CO., LTD.",China,BEIJING,"ROOM 205, BEIJING WUTAISHAN HOTEL, ZONGHE BUILDING, LEVEL 1, 2 & 3, JIA 23 TAIPING ROAD",2019-06-20,2999-12-31,"Procurement Guidelines, 1.14(a)(ii)",DEBARRED,Ongoing,2026-09-23T05:00:01.779Z
404179,VODOKANALPROEKT – METALPROECT INGENEERING AD,Bulgaria,SOFIA 1606,"24 KAMEN ANDREEV ST., FL. 8",2020-03-10,2999-12-31,"May 2010 Procurement Guidelines, Paragraph 1.14(a)(ii)",DEBARRED,Ongoing,2026-09-23T05:00:01.779Z
411203,WATER SUPPLY AND SEWERAGE CONSTRUCTION JSC NO. 12 (VIWASEEN.12),Viet Nam,KHANH HOA,"LOT BT15, NR. 18,19 PHUOC LONG URBAN AREA, PHUOC LONG. NHA TRANG",2022-09-26,2999-12-31,Controlled Affiliate of a Sanctioned Entity,DEBARRED,Ongoing,2026-09-23T05:00:01.779Z
408006,PT. NUGRAHA ADI TARUNA,Indonesia,JAKARTA 12510,"JL. KALIBATA INDAH BLOK T NO. 16, PANCORAN, JAKARTA SELATAN",2019-08-02,2999-12-31,"Procurement Guidelines, 1.15(a)(ii)",DEBARRED,Ongoing,2026-09-23T05:00:01.779Z
402109,ROJOKE CNE SERVICES LTD.,Nigeria,DELTA STATE,"NO. 2, PINTO AVENUE, GANA SAPELE",2019-02-05,2999-12-31,"Procurement Guidelines, 1.16(a)(ii)",DEBARRED,Ongoing,2026-09-23T05:00:01.779Z
402110,CNE ENVIRONMENTAL & WASTE SERVICES LTD.,Nigeria,DELTA STATE,"NO. 2, PINTO AVENUE, GANA SAPELE",2019-02-05,2999-12-31,"Procurement Guidelines, 1.16(a)(ii)",DEBARRED,Ongoing,2026-09-23T05:00:01.779Z
392831,"JIANGXI LUQIAO ENGINEERING GROUP CO., LTD.",China,NANCHANG CITY,"FLOOR 8, ZHONGHANG INTERNATIONAL PLAZA, 1 NORTH GANJIANG AVENUE",2017-12-19,2999-12-31,Controlled Affiliate of a Sanctioned Entity.,DEBARRED,Ongoing,2026-09-23T05:00:01.779Z
392832,"LONGNAN WUZHE TUNNEL ENGINEERING CO., LTD.",China,"LONGNAN CITY, GANSU PROVINCE","GENERAL OFFICE BUILDING NO. 3, MUNICIPAL CENTER, DONGJIANG NEW DISTRICT, DONGJIANG TOWN, WUDU DISTRICT",2017-12-19,2999-12-31,Controlled Affiliate of a Sanctioned Entity.,DEBARRED,Ongoing,2026-09-23T05:00:01.779Z
392833,"JIANGXI HAOZHE CONSTRUCTION ENGINEERING CO., LTD.",China,"GANZHOU CITY, JIANGXI PROVINCE","STORE 308#, BLOCK G5, TIME GARDEN, 86 QIANDONG AVENUE, SHUIDONG TOWN, ZHANGGONG DISTRICT",2017-12-19,2999-12-31,Controlled Affiliate of a Sanctioned Entity.,DEBARRED,Ongoing,2026-09-23T05:00:01.779Z
392834,"HUBEI LAOGU HIGHWAY DEVELOPMENT CO., LTD.",China,"XIANGYANG CITY, HUBEI PROVINCE","5 NORTH CHECHENG LAKE ROAD, XIANGZHOU DISTRICT",2017-12-19,2999-12-31,Controlled Affiliate of a Sanctioned Entity.,DEBARRED,Ongoing,2026-09-23T05:00:01.779Z
507813,NOVOLINE RESOURCES L.P.,United Kingdom,"GLASGOW, G41 3JA, SCOTLAND","OFFICE 1, 145 KILMARNOCK ROAD",2020-11-30,2999-12-31,"2016 Procurement Regulations, sub-paragraph 2.2 a(ii) of Annex IV",DEBARRED,Ongoing,2026-09-23T05:00:01.779Z
505294,JUCKON CONSTRUCTION AND ALLIED SERVICES NIGERIA LIMITED,Nigeria,"ASABA, DELTA STATE","10 ODOZI OBODO STREET, OFF EZENEI ROAD",2020-11-20,2999-12-31,"Procurement Guidelines, 1.16(a)(i)",DEBARRED,Ongoing,2026-09-23T05:00:01.779Z
506422,CASS CONSTRUCTORES S.A.S.,Colombia,CHÍA CUNDINAMARCA,"CARRERA 7A KM. 16, VEREDA FUSCA, LOTE SHOSUA",2020-08-18,2999-12-31,"Procurement Guidelines, 1.14(a)(ii)",DEBARRED,Ongoing,2026-09-23T05:00:01.779Z
515385,VN1 INDUSTRIAL GROUP JSC,Viet Nam,"HONG LINH, HA TINH PROVINCE","56B, NGUYEN DONG CHI ROAD, NAM HONG WARD",2021-01-05,2999-12-31,Corrupt Practices,DEBARRED,Ongoing,2026-09-23T05:00:01.779Z
510407,PT. JAYA ETIKA TEKNIK,Indonesia,SURABAYA 60235,JL. KETINTANG BARU SELATAN VII/6,2021-03-16,2999-12-31,Corrupt Practice,DEBARRED,Ongoing,2026-09-23T05:00:01.779Z
506452,FEDDERS LLOYD CORPORATION LIMITED,India,NEW DELHI,"159 OKHLA INDUSTRIAL ESTATE, PHASE III 110020",2016-04-06,2999-12-31,"2004 & 2010 Procurement Guidelines,1.14(a)(ii)",DEBARRED,Ongoing,2026-09-23T05:00:01.779Z
509713,SPEEDTECH ENERGY BURKINA FASO S.A.,Burkina Faso,OUAGADOUGOU 10,"SECTEUR 16, RUE DE L’UNFPA, PORTE 580, OUAGA, 10 BP 13904",2020-12-15,2999-12-31,"Procurement Guidelines, 1.14(a)(ii), 1.16(a)(ii)",DEBARRED,Ongoing,2026-09-23T05:00:01.779Z
509712,"SPEEDTECH ENERGY CO., LTD.","Taiwan, China",TAOYUANY HSIEN 33393,"5TH FLOOR, NO. 568, SEC. I, MIN-SHENG N. ROAD, KWEI-SHAN HSIANG",2020-12-08,2999-12-31,"Procurement Guidelines, 1.14(a)(ii), 1.16(a)(ii)",DEBARRED,Ongoing,2026-09-23T05:00:01.779Z
505083,LUXPORT EXPORT LTD.,"Hong Kong SAR, China","TSIM SHA TSUI, KOWLOON, HONG KONG","2003, 20/F, TOWER 5, CHINA HONG KONG CITY, 33 CANTON ROAD",2020-12-09,2999-12-31,"2016 Procurement Regulations, sub-paragraph 2.2 a(ii) of Annex IV",DEBARRED,Ongoing,2026-09-23T05:00:01.779Z
467488,CONSTRUCTORA S.I.C.,Bolivia,SANTA CRUZ DE LA SIERRA,"3ER. ANILLO EXTERNO, CALLE GABRIEL JOSE MORENO NO. 300",2012-01-20,2999-12-31,2004 Procurement Guidelines 1.14(a)(ii),DEBARRED,Ongoing,2026-09-23T05:00:01.779Z
476660,MR. ZHANG QUN,China,BEIJING,"10 MID ROAD OF SOUTH 4TH RING, FENGTAI DISTRICT",2020-10-22,2999-12-31,"Procurement Guidelines, 1.14(a)(ii)",DEBARRED,Ongoing,2026-09-23T05:00:01.779Z
477372,FLOWBIRD TRANSPORT LIMITED,United Kingdom,DORSET BH15 355,"10 WILLIS WAY, FLEETS INDUSTRIAL ESTATE-POOLE",2020-07-17,2999-12-31,"Procurement Guidelines, 1.16(a)(iii)",DEBARRED,Ongoing,2026-09-23T05:00:01.779Z
495904,ROBERTO SIQUEIRA NUÑES,Brazil,"MANAUS, AM","AVENIDA FERNÃO DIAS PAES LEME, 135 D – ALTOS, CONJUNTO DOM PEDRO II, CEP: 69042-690",2020-10-07,2999-12-31,"Procurement Guidelines, 1.14(a)(ii)",DEBARRED,Ongoing,2026-09-23T05:00:01.779Z
494767,ARLADI GENERAL TRADING COMPANY LTD.,"Somalia, Federal Republic of","BAIDOA, BAY",HQ-AFAR-IRDOD STREET,2020-11-03,2027-11-02,"Procurement Guidelines, 1.16(a)(ii), (iii)",DEBARRED,,2026-09-23T05:00:01.779Z
477000,BEULAH UNIVERSAL LINK RESOURCES LIMITED,Nigeria,"ABUJA, FCT","15 NNPC COMPLEX, AREA 11 GARKI",2023-03-01,2999-12-31,Cross Debarment: AfDB,DEBARRED,Ongoing,2026-09-23T05:00:01.779Z
493475,SAO BAC DAU TECHNOLOGIES SOLUTIONS JOINT STOCK COMPANY (SBD SOLUTION),Viet Nam,HOCHIMINH CITY,"ROOM 1, BUILDING 8, STREET 13, QUANG TRUNG SOFTWARE PARK, DISTRICT 12",2020-06-23,2027-06-22,Controlled Affiliate of a Sanctioned Entity.,DEBARRED,,2026-09-23T05:00:01.779Z
493493,QI TECHNOLOGIES,Viet Nam,HO CHI MINH,"BLOCK U 14B-16A, ROAD 22, TAN THUAN EPZ, TAN THUAN DONG WARD, DISTRICT 7",2020-06-23,2027-06-22,Controlled Affiliate of a Sanctioned Entity.,DEBARRED,,2026-09-23T05:00:01.779Z
496405,AARON INGENIEROS CONSTRUCTORES & CONSULTORES E.I.R.L.,Peru,CUSCO,JR. CHAUPIMAYO D-5 SANTA ANA – LA CONVENCIÓN,2020-06-30,2999-12-31,"Procurement Guidelines, 1.16(a)(ii)",DEBARRED,Ongoing,2026-09-23T05:00:01.779Z
493491,SAO BAC DAU SOUTH TECHNOLOGY JOINT STOCK COMPANY (SBD SOUTH),Viet Nam,HOCHIMINH CITY,"ROOM 26, BUILDING 8, STREET 3, QUANG TRUNG SOFTWARE PARK, DISTRICT 12",2020-06-23,2027-06-22,Controlled Affiliate of a Sanctioned Entity.,DEBARRED,,2026-09-23T05:00:01.779Z
493492,SAO BAC DAU TELECOM JOINT STOCK COMPANY (SBD TELECOM),Viet Nam,HO CHI MINH,"BLOCK U 14B-16A, ROAD 22, TAN THUAN EPZ, TAN THUAN DONG WARD, DISTRICT 7",2020-06-23,2027-06-22,Controlled Affiliate of a Sanctioned Entity.,DEBARRED,,2026-09-23T05:00:01.779Z
481205,MEGA-MEBIKO JV LLC,Uzbekistan,TASHKENT,"TTZ-4, DOM 4, MIRZO-ULUGBEK DISTRICT",2020-04-28,2999-12-31,"Procurement Guidelines, 1.16(a)(ii)",DEBARRED,Ongoing,2026-09-23T05:00:01.779Z
493474,SAO BAC DAU TECHNOLOGIES CORPORATION,Viet Nam,HO CHI MINH CITY,"BLOCK U 14B-16A, ROAD 22, TAN THUAN EPZ, TAN THUAN DONG WARD, DISTRICT 7",2020-06-23,2027-06-22,"Procurement Guidelines, 1.16(a)(ii), (iii)",DEBARRED,,2026-09-23T05:00:01.779Z
477373,FLOWBIRD SOCIÉTÉ PAR ACTIONS SIMPLIFIÉE,France,75015 PARIS,"100, AVENUE DE SUFFREN",2020-07-17,2999-12-31,"Procurement Guidelines, 1.16(a)(iii)",DEBARRED,Ongoing,2026-09-23T05:00:01.779Z
488318,GETINSA INGENIERÍA VIETNAM CO. LTD.,Viet Nam,HANOI,"NV37, TRUNG VAN NEW URBAN AREA, TRUNG VAN WARD, SOUTH TU LIEM DIST.",2021-11-29,2030-09-28,Fraudulent Practice; Corrupt/Collusive Practices,DEBARRED,,2026-09-23T05:00:01.779Z
488317,TPF GETINSA EUROESTUDIOS S.L.,Spain,"MADRID, 28028","RAMÓN DE AGUINAGA, 8",2021-11-29,2027-11-28,Fraudulent and Obstructive Practices,DEBARRED,,2026-09-23T05:00:01.779Z
68368,RIBALCO INTERNATIONAL,United Kingdom,BERKSHIRE,,2000-02-11,2999-12-31,Procurement Guidelines 1.15(a)(i) & (ii),DEBARRED,Permanent,2026-09-23T05:00:01.779Z
64964,MMK PROJECT SERVICES LIMITED,Tanzania,DAR ES SALAAM,"POST OFFICE BOX 593, #30 BURHANI COMPLEX, MAGORE ST. UPANGA",2014-01-31,2999-12-31,2002 Consultant Guidelines 1.25(a)(i)-(ii),DEBARRED,Ongoing,2026-09-23T05:00:01.779Z
3816,ALL NIPPON ENGINEERING CORPORATION (ANEC),Japan,YOKOHAMA,,1999-10-27,2999-12-31,Consultant Guidelines 1.25(a)(i),DEBARRED,Permanent,2026-09-23T05:00:01.779Z
3000,ALPHA CONSULTING & TRAINING,Burkina Faso,,,2004-10-25,2999-12-31,Consultant Guidelines 1.25(a)(i),DEBARRED,Permanent,2026-09-23T05:00:01.779Z
99814,"CLOSED JOINT STOCK CO ""SHARORA""",Tajikistan,SHARORA DISTRICT,"KARIM DEVONA STREET 59, HISSAR RAYON",2011-11-21,2999-12-31,"Procurement Guidelines, 1.15(a)(ii)",DEBARRED,Ongoing,2026-09-23T05:00:01.779Z
1662,AGRICULTURAL DEVELOPMENT SERVICES LTD.,United Kingdom,LONDON,,2000-02-11,2999-12-31,Procurement Guidelines 1.15(a)(i) & (ii),DEBARRED,Permanent,2026-09-23T05:00:01.779Z
10446,FLAIR DEVELOPMENTS LTD.,United Kingdom,ISLE OF MAN,,2000-02-11,2999-12-31,Procurement Guidelines 1.15(a)(i) & (ii),DEBARRED,Permanent,2026-09-23T05:00:01.779Z
16400,CANADAX TECHNOLOGIES,Canada,"VERDUN, QUEBEC",,1999-03-16,2999-12-31,Procurement Guidelines 1.15(a)(ii),DEBARRED,Permanent,2026-09-23T05:00:01.779Z
17405,CHASE BERKELEY CAVENDISH LTD.,United Kingdom,LONDON,,1999-04-08,2999-12-31,Procurement Guidelines 1.15(a)(ii),DEBARRED,Permanent,2026-09-23T05:00:01.779Z
19684,CROWN SAKURA LTD.,United Kingdom,LONDON,,1999-04-08,2999-12-31,Procurement Guidelines 1.15(a)(ii),DEBARRED,Permanent,2026-09-23T05:00:01.779Z
20012,CYBERTEK INTERNATIONAL LTD.,United Kingdom,LONDON,,2000-02-11,2999-12-31,Procurement Guidelines 1.15(a)(i) & (ii),DEBARRED,Permanent,2026-09-23T05:00:01.779Z
21524,DRILL TECHNOLOGIES & CO.,United Kingdom,LONDON,,2000-02-11,2999-12-31,Procurement Guidelines 1.15(a)(i) & (ii),DEBARRED,Permanent,2026-09-23T05:00:01.779Z
21889,ECONOMIC CONSULTING GROUP,United Kingdom,LONDON,,2000-02-11,2999-12-31,Procurement Guidelines 1.15(a)(i) & (ii),DEBARRED,Permanent,2026-09-23T05:00:01.779Z
34331,THRUST TECHNOLOGIES & CO.,United Kingdom,LONDON,,2000-02-11,2999-12-31,Procurement Guidelines 1.15(a)(i) & (ii),DEBARRED,Permanent,2026-09-23T05:00:01.779Z
34375,TIMES INTERNATIONAL & CO.,United Kingdom,LONDON,,2000-02-11,2999-12-31,Procurement Guidelines 1.15(a)(i) & (ii),DEBARRED,Permanent,2026-09-23T05:00:01.779Z
35091,UNITED BASEL LTD.,United Kingdom,ISLE OF MAN,,2000-02-11,2999-12-31,Procurement Guidelines 1.15(a) (i) & (ii),DEBARRED,Permanent,2026-09-23T05:00:01.779Z
39828,IG-TOGO SARL,Togo,LOMÉ,"173 MOBUTU SESE SEKO BOULEVARD, BP 391",2011-11-22,2999-12-31,"Procurement Guidelines, 1.14(a)(ii)",DEBARRED,Ongoing,2026-09-23T05:00:01.779Z
41890,INTER-RUSS LTD.,United Kingdom,ISLE OF MAN,,2000-02-11,2999-12-31,Procurement Guidelines 1.15(a)(i) & (ii),DEBARRED,Permanent,2026-09-23T05:00:01.779Z
90379,EASTERN BUILDERS AND ENGINEERS LIMITED,Uganda,KAMPALA,P.O. BOX 9062,2012-01-31,2999-12-31,"Procurement Guidelines, 1.14(a)(i); 1.14(a)(ii)",DEBARRED,Ongoing,2026-09-23T05:00:01.779Z
116301,"GLOCOMS, INC.",United States,CHICAGO,40 E.CHICAGO AVENUE # 200,2010-04-01,2999-12-31,"Consultant Guidelines 1.22(a)(ii), 1.25(a)(ii)",DEBARRED,Ongoing,2026-09-23T05:00:01.779Z
55716,MD. ABDUR RAZZAK,Bangladesh,DISTRICT PABNA,"LAST KNOWN ADDRESS: RAHMAN COLONY, C/O ANISUR RAHMAN, 2ND FLOOR, THANAPARA, POST OFFICE ISHURDI",2011-08-31,2999-12-31,Consultant Guidelines 1.25(a)(ii),DEBARRED,Ongoing,2026-09-23T05:00:01.779Z
57669,MIRNA INTERNATIONAL,United Kingdom,BERKSHIRE,,2000-02-11,2999-12-31,Procurement Guidelines 1.15(a)(i) & (ii),DEBARRED,Permanent,2026-09-23T05:00:01.779Z
344134,MARABEF GLOBAL LIMITED,Nigeria,ABA-ABIA STATE,PLOT 117 OKIGWE ROAD,2018-01-11,2999-12-31,"Procurement Guidelines, 1.14(a)(i)",DEBARRED,Ongoing,2026-09-23T05:00:01.779Z
344135,MR. PATRICK ALOZIE ONWUKA,Nigeria,ABUJA,"SUITE B.39 SHIRKIR PLAZA, GARKI",2018-01-11,2999-12-31,"Procurement Guidelines, 1.14(a)(i)",DEBARRED,Ongoing,2026-09-23T05:00:01.779Z
344133,MARABEF GLOBAL LIMITED,Nigeria,ABUJA,"SUITE B.39 SHIRKIR PLAZA, GARKI",2018-01-11,2999-12-31,"Procurement Guidelines, 1.14(a)(i)",DEBARRED,Ongoing,2026-09-23T05:00:01.779Z
343788,NORTEX LINK LLP,Kazakhstan,"ALMATY, 050060","60A ZHANDOSOV STREET, OFFICE 406, BOSTANDYK DISTRICT",2018-01-05,2999-12-31,"Procurement Guidelines, 1.14(a)(iii) and 1.14(a)(v)",DEBARRED,Ongoing,2026-09-23T05:00:01.779Z
344181,MR. PATRICK ALOZIE ONWUKA,Nigeria,ABA-ABIA STATE,PLOT 117 OKIGWE ROAD,2018-01-11,2999-12-31,"Procurement Guidelines, 1.14(a)(i)",DEBARRED,Ongoing,2026-09-23T05:00:01.779Z
342698,"ZHONGTAI CONSTRUCTION GROUP HOLDING CO., LTD.",China,"HEBEI PROVINCE, 065099","NO. 20, GUANGYANG AVENUE, LANGFANG CITY",2018-01-12,2999-12-31,"Procurement Guidelines, 1.14(a)(ii)",DEBARRED,Ongoing,2026-09-23T05:00:01.779Z
343101,"P-SQUARE ASSOCIATES, CO.",Philippines,CAINTA RIZAL,"LAST KNOWN ADDRESS: UNIT 4A, 4TH FLOOR, J&P BUILDING, LOT 3, BLK 17.V.V. SOLIVEN AVE 1, SAN ISIDRO",2018-03-13,2999-12-31,"Consultant Guidelines, 1.22(a)(iii)",DEBARRED,Ongoing,2026-09-23T05:00:01.779Z
343427,NREM INTERNATIONAL INC.,Canada,"SUMMERLAND, BC V0H 1Z7",5914 GARTRELL ROAD,2018-11-29,2999-12-31,"Para. 1.22(a)(ii), May 2010 Consultant Guidelines",DEBARRED,Ongoing,2026-09-23T05:00:01.779Z
340931,NREM INTERNATIONAL INC.,China,"BEIJING, 100027","SUITE 1402, YUFEI PLAZA, 42 DONGZHIMENWAI DAJIE",2018-11-29,2999-12-31,"Para. 1.22(a)(ii), May 2010 Consultant Guidelines",DEBARRED,Ongoing,2026-09-23T05:00:01.779Z
340915,NREM INTERNATIONAL INC.,Canada,"OTTAWA, ONTARIO, K1P 1A4","SUITE 1150, WORLD EXCHANGE PLAZA, 25 O’CONNOR STREET",2018-11-29,2999-12-31,"Para. 1.22(a)(ii), May 2010 Consultant Guidelines",DEBARRED,Ongoing,2026-09-23T05:00:01.779Z
343102,ENG. JOSE PALAC,Philippines,CAINTA RIZAL,"LAST KNOWN ADDRESS: UNIT 4A, 4TH FLOOR, J&P BUILDING, LOT 3, BLK 17.V.V. SOLIVEN AVE 1, SAN ISIDRO",2018-03-13,2999-12-31,"Consultant Guidelines, 1.22(a)(iii)",DEBARRED,Ongoing,2026-09-23T05:00:01.779Z
343108,RUTH ELI CUAREZMA FUENTES,Nicaragua,MASAYA,"C/O CORONADO INGENIEROS S.A., HOSPITAL HUMBERTO ALVARADO 1 CUADRA AL ESTE",2017-09-22,2999-12-31,"2006 Procurement Guidelines, 1.14(a)(i) & (ii)",DEBARRED,Ongoing,2026-09-23T05:00:01.779Z
342699,"LUGANG GROUP CO., LTD.",China,"ZHEJIANG, 325014","3RD FLOOR, NO. 56 NIUSHAN NORTH ROAD, WENZHOU CITY",2017-12-19,2999-12-31,"Procurement Guidelines, 1.14(a)(ii)",DEBARRED,Ongoing,2026-09-23T05:00:01.779Z
340933,ASIA PACIFIC CONSULTANT JOINT STOCK COMPANY,Viet Nam,HANOI,"NO. 2, LANE 12, NGUYEN NGOC NAI STREET, KHUONG MAI WARD, THANH XUAN DISTRICT",2018-11-29,2999-12-31,"Para. 1.22(a)(ii), May 2010 Consultant Guidelines",DEBARRED,Ongoing,2026-09-23T05:00:01.779Z
340932,HANOITC EXPERT JOINT STOCK COMPANY,Viet Nam,HANOI,"NO. 5, DINH CLUSTER, AN TRAI VILLAGE, VAN CAN COMMUNE, HOAI DUC DISTRICT",2018-11-29,2999-12-31,"Para. 1.22(a)(ii), May 2010 Consultant Guidelines",DEBARRED,Ongoing,2026-09-23T05:00:01.779Z
342700,"GUOJI CONSTRUCTION GROUP CO., LTD.",China,"SHANXI PROVINCE, 030012","NO. 26 HANXIGUAN STREET, BUILDING 38 #401, TAIYUAN CITY",2017-12-19,2999-12-31,"Procurement Guidelines, 1.14(a)(ii)",DEBARRED,Ongoing,2026-09-23T05:00:01.779Z
336548,"CENTER FOR ENVIRONMENTAL STUDIES AND MANAGEMENT, INC. (CESM)",Philippines,METRO MANILA,"SUITE 210, QUADSTAR BLDG. NO. 80 ORTIGAS AVENUE, GREENHILLS, SAN JUAN CITY, 1502",2017-06-29,2999-12-31,"2006 Consultant Guidelines, para. 1.22(a)(ii)",DEBARRED,Ongoing,2026-09-23T05:00:01.779Z
339762,MIDDLE SOUTH UNION ELECTRIC CO. LTD.,China,"YUEQING CITY, ZHEJIANG","WENZHOU BRIDGE INDUSTRY ZONE, BEIBAIXIANG TOWN",2017-10-31,2999-12-31,"Procurement Guidelines, 1.16(a)(ii)",DEBARRED,Ongoing,2026-09-23T05:00:01.779Z
336546,PROYECTOS DIVERSOS INTEGRADOS SA DE CV (PRODIEL),El Salvador,SAN SALVADOR,"URBANIZACION NUEVOS HORIZONTES, FINAL CALLE 2, CASA NÚMERO 10, SAN MARTÍN, DEPARTAMENTO DE SAN SALVADOR",2017-09-13,2999-12-31,"Procurement Guidelines, 1.16(a)(ii)",DEBARRED,Ongoing,2026-09-23T05:00:01.779Z
331611,INGENIEROS CIVILES ASOCIADOS S.A.,Bolivia,LA PAZ,"AV. 6 DE AGOSTO NO. 2577, EDIF. LAS DOS TORRES, PISO 9",2017-02-01,2999-12-31,"2010 Procurement Guidelines, 1.14(a)(iii)",DEBARRED,Ongoing,2026-09-23T05:00:01.779Z
346814,NATIONAL ALIMENTATION SERVICES,Haiti,PORT-AU-PRINCE,"TABARRE 60 # 58, EN FACE DE LA SUNAUTO",2018-02-13,2999-12-31,"Procurement Guidelines, 1.15(a)(ii)",DEBARRED,Ongoing,2026-09-23T05:00:01.779Z
346709,DATEX HAITI,Haiti,DELMAS,33 PARC INDUSTRIEL (SONAPI),2018-02-13,2999-12-31,"Procurement Guidelines, 1.15(a)(ii)",DEBARRED,Ongoing,2026-09-23T05:00:01.779Z
346716,AVTOBANI LTD.,Georgia,TBILISI,"LAST KNOWN ADDRESS: APT. 44, #22 DIMITRY TAVDADEBULI STR.",2018-05-30,2999-12-31,"Procurement Guidelines, 1.14(a)(iii)",DEBARRED,Ongoing,2026-09-23T05:00:01.779Z
346717,MR. SHALVA BUBUTEISHVILI,Georgia,TBILISI,"LAST KNOWN ADDRESS: APT. 44, #22 DIMITRY TAVDADEBULI STR.",2018-05-30,2999-12-31,"Procurement Guidelines, 1.14(a)(iii)",DEBARRED,Ongoing,2026-09-23T05:00:01.779Z
349297,"SERVICIOS DE INGENIERÍA Y CONSTRUCCIONES, S.A. (SICSA)",Nicaragua,MANAGUA,"MEMORIAL SANDINO, SOMBRERO 3 C/A AL ESTE",2018-03-27,2999-12-31,"Procurement Guidelines, 1.16(a)(ii)",DEBARRED,Ongoing,2026-09-23T05:00:01.779Z
346815,NATIONAL ALIMENTATION SERVICES,Haiti,PORT-AU-PRINCE,"39 TABARRE, 48 BLVD 15 OCTOBRE",2018-02-13,2999-12-31,"Procurement Guidelines, 1.15(a)(ii)",DEBARRED,Ongoing,2026-09-23T05:00:01.779Z
346500,T&G LTD.,Georgia,TBILISI,"LAST KNOWN ADDRESS: APT. 44, #22 DIMITRY TAVDADEBULI STR.",2018-05-30,2999-12-31,"Procurement Guidelines, 1.14(a)(iii)",DEBARRED,Ongoing,2026-09-23T05:00:01.779Z
353322,CONSTRUCTORA J. C. SEGURA CONSTRUCCIONES S.A. – GAVINOR S.R.L. – UTE,Argentina,4400 SALTA,PASAJE JOSÉ A. RUÍZ NO. 330,2018-01-31,2999-12-31,"2011 Procurement Guidelines, 1.16(a)(ii)",DEBARRED,Ongoing,2026-09-23T05:00:01.779Z
353287,GAVINOR S.R.L.,Argentina,4400 SALTA,OLAVARRÍA 16,2018-01-31,2999-12-31,"2011 Procurement Guidelines, 1.16(a)(ii)",DEBARRED,Ongoing,2026-09-23T05:00:01.779Z
355184,MR. ANDRE KOLL,Germany,BAD HOMBURG,"SCHOENE AUSSICHT 6, D-61348",2018-06-26,2999-12-31,"Procurement Guidelines, 1.14(a)(i)",DEBARRED,Ongoing,2026-09-23T05:00:01.779Z
350271,NATIONAL BIO-MEDICAL PVT. LTD.,Nepal,KATHMANDU,"TRIPURAPATH, TRIPURESHWOR",2018-04-10,2999-12-31,"Procurement Guidelines, 1.14(a)(i)-(ii)",DEBARRED,Ongoing,2026-09-23T05:00:01.779Z
352931,MR. SHALVA BUBUTEISHVILI,Georgia,TBILISI,LAST KNOWN ADDRESS: VAZHA PSHAVELA 45,2018-05-30,2999-12-31,"Procurement Guidelines, 1.14(a)(iii)",DEBARRED,Ongoing,2026-09-23T05:00:01.779Z
350272,MR. NABARAJ BASNET,Nepal,KATHMANDU,"MANAGING DIRECTOR, NATIONAL BIO-MEDICAL PVT. LTD., TRIPURAPATH, TRIPURESHWOR",2018-04-10,2999-12-31,"Procurement Guidelines, 1.14(a)(i)",DEBARRED,Ongoing,2026-09-23T05:00:01.779Z
352921,T&G LTD.,Georgia,TBILISI 0131,"LAST KNOWN ADDRESS: DIDIDIGOMI TAVDADEBULI STR. 22, FLAT 44",2018-05-30,2999-12-31,"Procurement Guidelines, 1.14(a)(iii)",DEBARRED,Ongoing,2026-09-23T05:00:01.779Z
352923,AVTOBANI LTD.,Georgia,TBILISI 0131,"LAST KNOWN ADDRESS: DIDIDIGOMI TAVDADEBULI STR. 22, FLAT 5",2018-05-30,2999-12-31,"Procurement Guidelines, 1.14(a)(iii)",DEBARRED,Ongoing,2026-09-23T05:00:01.779Z
352924,AVTOBANI LTD.,Georgia,TBILISI,LAST KNOWN ADDRESS: VAZHA PSHAVELA 45,2018-05-30,2999-12-31,"Procurement Guidelines, 1.14(a)(iii)",DEBARRED,Ongoing,2026-09-23T05:00:01.779Z
352925,MR. SHALVA BUBUTEISHVILI,Georgia,TBILISI 0131,"LAST KNOWN ADDRESS: DIDIDIGOMI TAVDADEBULI STR. 22, FLAT 5",2018-05-30,2999-12-31,"Procurement Guidelines, 1.14(a)(iii)",DEBARRED,Ongoing,2026-09-23T05:00:01.779Z
352922,T&G LTD.,Georgia,TBILISI,LAST KNOWN ADDRESS: VAZHA PSHAVELA 45,2018-05-30,2999-12-31,"Procurement Guidelines, 1.14(a)(iii)",DEBARRED,Ongoing,2026-09-23T05:00:01.779Z
368771,JULIO ENRIQUE REYNA ARREAGA,Guatemala,QUETZALTENANGO,"EDIFICIO PLAZA POLANCO. ZONA 1, TERCER NIVEL, ""COMICASA""",2018-06-04,2030-04-26,Cross-Debarment: IDB,DEBARRED,,2026-09-23T05:00:01.779Z
363812,PT. GUNAKARYA NUSANTARA,Indonesia,WEST JAVA,"JL. SURYALAYA XVIII NO. 13 – 15, BUAH BATU, BANDUNG 40265",2018-07-31,2999-12-31,"Procurement Guidelines, 1.25(a)(ii)",DEBARRED,Ongoing,2026-09-23T05:00:01.779Z
362191,AFRICA RAILWAYS LOGISTICS LIMITED,Mauritius,EBENE,"AUGENTIUS FUND ADMINISTRATION (MAURITIUS) LIMITED LEVEL 3, ALEXANDER HOUSE, 35 CYBERCITY",2018-04-13,2999-12-31,IFC Anti-Corruption Guidelines,DEBARRED,Ongoing,2026-09-23T05:00:01.779Z
360292,M/S RKD CONSTRUCTION PVT. LTD.,India,"PATIA, BHUBANESWAR 751024","B-20, CHANDAKA INDUSTRIAL ESTATE",2018-03-27,2999-12-31,"Procurement Guidelines, 1.16(a)(ii)",DEBARRED,Ongoing,2026-09-23T05:00:01.779Z
357426,MR. KHUDA DAD,Pakistan,BALOCHISTAN,"PLOT NO. 10205 RIGHT PORTION, MONDAHRA COLONY, GULSHAN-E-NAVEED, HUB TOWN LASBELA",2018-06-05,2999-12-31,"Procurement Guidelines, 1.15(a)(ii)",DEBARRED,Ongoing,2026-09-23T05:00:01.779Z
356704,LATIFI CONSTRUCTION AND ROAD CONSTRUCTION COMPANY,Afghanistan,KABUL,"HEAD OFFICE ADDRESS #1: 10TH STREET MAIN ROAD OF WAZIR AKBAR KHAN, NEXT TO THE CHILDREN HOSPITAL",2018-06-12,2999-12-31,"Procurement Guidelines, 1.16(a)(ii)",DEBARRED,Ongoing,2026-09-23T05:00:01.779Z
357070,JOYLUCK VENTURE INDIA PVT. LTD.,India,"NEW DELHI, SOUTH DELHI, 110048",S-481 GREATER KAILASH-II,2019-10-07,2999-12-31,Controlled Affiliate of a Sanctioned Entity.,DEBARRED,Ongoing,2026-09-23T05:00:01.779Z
357076,CHASHA LANDS PVT. LTD.,India,"NEW DELHI, SOUTH DELHI, 110048",S-481 GREATER KAILASH-II,2019-10-07,2999-12-31,Controlled Affiliate of a Sanctioned Entity.,DEBARRED,Ongoing,2026-09-23T05:00:01.779Z
357380,ALAM & SONS GOVERNMENT CONTRACTOR & GENERAL ORDER SUPPLIER,Pakistan,BALOCHISTAN,"PLOT NO. 10205 RIGHT PORTION, MONDAHRA COLONY, GULSHAN-E-NAVEED, HUB TOWN LASBELA",2018-06-05,2999-12-31,"Procurement Guidelines, 1.15(a)(ii)",DEBARRED,Ongoing,2026-09-23T05:00:01.779Z
356705,LATIFI CONSTRUCTION AND ROAD CONSTRUCTION COMPANY,Afghanistan,KABUL,"HEAD OFFICE ADDRESS #2: HOUSE #485, 15TH STREET, MAIN ROAD OF WAZIR AKBAR KHAN, BACK SIDE OF FINEST STORE",2018-06-12,2999-12-31,"Procurement Guidelines, 1.16(a)(ii)",DEBARRED,Ongoing,2026-09-23T05:00:01.779Z
356354,M/S TECHFAB INTERNATIONAL PVT. LTD.,India,NEW DELHI 110019,"507 EROS APARTMENTS, 56 NEHRU PLACE",2019-05-07,2999-12-31,"2010 Proc. Guidelines, 1.14(a)(ii); 2011 Proc. Guidelines, 1.16(a)(ii)",DEBARRED,Ongoing,2026-09-23T05:00:01.779Z
378386,MR. FRANCISCO ANTONIO BARAHONA MONTALVÁN,Honduras,OLANCHO,"1 CUADRA ANTES DE LA UCEM, CATACAMAS",2018-11-27,2999-12-31,"Consultant Guidelines, 1.22(a)(ii)",DEBARRED,Ongoing,2026-09-23T05:00:01.779Z
381095,EFEMAZ CONSTRUCTION AND GE. SERVICES LIMITED,Nigeria,DELTA STATE,"NO. 1 ERHURHIE STREET, EKIUGBO, UGHELLI",2018-12-13,2999-12-31,"Procurement Guidelines, 1.16(a)(i)",DEBARRED,Ongoing,2026-09-23T05:00:01.779Z
381102,MR. EFE MICHAEL UDUMEBRAYE,Nigeria,DELTA STATE,"NO. 1 ERHURHIE STREET, EKIUGBO, UGHELLI",2018-12-13,2999-12-31,"Procurement Guidelines, 1.16(a)(i)",DEBARRED,Ongoing,2026-09-23T05:00:01.779Z
381101,EFEMAZ CONSTRUCTION AND GE. SERVICES LIMITED,Nigeria,F.C.T.,"HEAD OFFICE: PLOT 491, T.O.S. BENSON STREET, UTAKO DISTRICT, ABUJA",2018-12-13,2999-12-31,"Procurement Guidelines, 1.16(a)(i)",DEBARRED,Ongoing,2026-09-23T05:00:01.779Z
378387,MR. FRANCISCO ANTONIO BARAHONA MONTALVÁN,Honduras,TEGUCIGALPA,COL. LOMAS DE JACALEADA B “E” C-3514,2018-11-27,2999-12-31,"Consultant Guidelines, 1.22(a)(ii)",DEBARRED,Ongoing,2026-09-23T05:00:01.779Z
375917,MARCO VINICIO ARREAGA ESTRADA,Guatemala,CIUDAD DE GUATEMALA,"15 AVENIDA 19-43, ZONA 10",2018-08-01,2027-06-25,Cross-Debarment: IDB,DEBARRED,,2026-09-23T05:00:01.779Z
390679,MS. DULCE MARÍA QUINTANILLA GRANADOS,Nicaragua,"(Z1Q-10), MANAGUA","CIUDAD SANDINO, CUERPO DE BOMBEROS 1 C. AL LADO ½ C. ABAJO, 75 VRS. AL LADO",2019-02-15,2999-12-31,"Procurement Guidelines, 1.14(a)(ii)",DEBARRED,Ongoing,2026-09-23T05:00:01.779Z
388419,SOCIÉTÉ TUNISIE TRAVAUX,Tunisia,"CITÉ RIADH, 4023 SOUSSE",RUE ABOU BAKER ESSIDIK,2019-02-05,2999-12-31,"Procurement Guidelines, 1.16(a)(ii)",DEBARRED,Ongoing,2026-09-23T05:00:01.779Z
385906,PT. AREABANGUN PUTRA SEJATI,Indonesia,WEST JAVA,"CIPAGANTI DREAM LAND A-1, JL. JENDRAL A.H. NASUTION (RAYA UJUNGBERUNG), BANDUNG 40612",2019-01-23,2999-12-31,"Procurement Guidelines, 1.15(a)(ii)",DEBARRED,Ongoing,2026-09-23T05:00:01.779Z
385760,EMMAJOKO NIG ENTERPRISES,Nigeria,DELTA STATE,"NO. 4 ONYEMEKAIHA CLOSE, OPP. THE AIRPORT, WARRI, OKPE L.G.A",2019-01-29,2999-12-31,Consultant Guidelines 1.23(a)(i),DEBARRED,Ongoing,2026-09-23T05:00:01.779Z
385776,MR. HENRY CHINEDU OJOKO,Nigeria,DELTA STATE,"PROPRIETOR, EMMAJOKO NIG ENTERPRISES, NO. 4 ONYEMEKAIHA CLOSE, OPP. THE AIRPORT, WARRI, OKPE L.G.A",2019-01-29,2999-12-31,Consultant Guidelines 1.23(a)(i),DEBARRED,Ongoing,2026-09-23T05:00:01.779Z
392385,IM DISTRIBUCIONES,Honduras,,,2019-03-01,2999-12-31,Controlled Affiliate of a Sanctioned Entity.,DEBARRED,Ongoing,2026-09-23T05:00:01.779Z
412306,MR. KLEMEN JERIN,Germany,85551 KIRCHHEIM,MAGDALENENWEG 26,2020-02-25,2033-08-23,Corrupt Practice,DEBARRED,,2026-09-23T05:00:01.779Z
411210,PETROWACO PROPERTY JOINT STOCK COMPANY,Viet Nam,HA NOI,"NO. 52 QUOC TU GIAM, VAN MIEU WARD, DONG DA DISTRICT",2022-09-26,2999-12-31,Controlled Affiliate of a Sanctioned Entity,DEBARRED,Ongoing,2026-09-23T05:00:01.779Z
414781,"SHANGHAI HETAI CONSTRUCTION ENGINEERING CO., LTD.",China,SHANGHAI CITY,"NO. 289, ZHUJING TOWN, JINSHAN DISTRICT",2019-07-16,2999-12-31,"Procurement Guidelines, 1.14(a)(ii)",DEBARRED,Ongoing,2026-09-23T05:00:01.779Z
411185,VIETNAM WATER AND ENVIRONMENT INVESTMENT CORPORATION – JSC,Viet Nam,HANOI,"52 QUOC TU GIAM, VAN MIEU WARD, DONG DA DISTRICT",2022-09-26,2999-12-31,Fraudulent Practices,DEBARRED,Ongoing,2026-09-23T05:00:01.779Z
411211,TECHONOLOGY SERVICES JOINT STOCK COMPANY (TSC),Viet Nam,HA NOI,"3RD FLOOR, THANH BINH BUILDING, N07, B2, THANH THAI ROAD, CAU GIAY",2022-09-26,2999-12-31,Controlled Affiliate of a Sanctioned Entity,DEBARRED,Ongoing,2026-09-23T05:00:01.779Z
411212,PVOIL-PHU THO JOINT STOCK COMPANY,Viet Nam,HA NOI,"148, HOANG QUOC VIET, CAU GIAY",2022-09-26,2999-12-31,Controlled Affiliate of a Sanctioned Entity,DEBARRED,Ongoing,2026-09-23T05:00:01.779Z
411213,DAI VIET DUCTILE IRON PIPES LIMITED COMPANY - WAHSIN,Viet Nam,DONG NAI,"NO. 2, ROAD 4A - BIEN HOA II INDUSTRIAL PARK",2022-09-26,2999-12-31,Controlled Affiliate of Sanctioned Entity,DEBARRED,Ongoing,2026-09-23T05:00:01.779Z
411214,"SUOI DAU WATER SUPPLY, DRAINAGE INVESTMENT AND CONSTRUCTION JSC",Viet Nam,KHANH HOA,"4TH FLOOR, 58 YERSIN, PHUONG SAI WARD, NHA TRANG WARD",2022-09-26,2999-12-31,Controlled Affiliate of a Sanctioned Entity,DEBARRED,Ongoing,2026-09-23T05:00:01.779Z
411202,DRILLING AND WATER SUPPLY SEWERAGE CONSTRUCTION JSC (VIWASEEN.11),Viet Nam,HO CHI MINH CITY,"NO.10 PHO QUANG, WARD NO. 2, TAN  BINH DIST.",2022-09-26,2999-12-31,Controlled Affiliate of a Sanctioned Entity,DEBARRED,Ongoing,2026-09-23T05:00:01.779Z
397637,"JIANGXI PROVINCE QUNLI CONSTRUCTION CO., LTD.",China,"JIANGXI, CHINA 414000","NO. 293 YONGFENG AVENUE, GUANGFENG DISTRICT, SHANGRAO CITY",2019-04-18,2999-12-31,"Procurement Guidelines, 1.14(a)(ii)",DEBARRED,Ongoing,2026-09-23T05:00:01.779Z
397648,"YULIN YUYANG DISTRICT XINGYUAN HYDROPOWER ENGINEERING CO., LTD.",China,"YULIN CITY, SHAANXI PROVINCE, CHINA 719000","158 NORTH XINJIAN ROAD, YUYANG DISTRICT",2019-04-26,2999-12-31,"Procurement Guidelines, 1.14(a)(ii)",DEBARRED,Ongoing,2026-09-23T05:00:01.779Z
594192,"XINGGUO CHANGTAI LANDSCAPING ENGINEERING CO., LTD.",China,"GANZHOU CITY, JANGXI PROVINCE","NEXT TO ROAD 319, XINZHAI GROUP, MAOLING COMMUNITY, ECONOMIC DEVELOPMENT ZONE, XINGGUO COUNTY",2021-07-26,2999-12-31,Controlled Affiliate of a Sanctioned Entity.,DEBARRED,Ongoing,2026-09-23T05:00:01.779Z
692834,STROY MONTAJ INVEST,Uzbekistan,TASHKENT CITY,"125 NEMAT BERK STREET, MIRZO ULUGBEK DISTRICT",2018-06-13,2999-12-31,"Jan. 2011 Procurement Guidelines, Paras. 1.16(a)(ii) & 1.16(a)(iii)",DEBARRED,Ongoing,2026-09-23T05:00:01.779Z
596697,DENA RAHSAZ CONSTRUCTION CO. CJSC,"Iran, Islamic Republic of",TEHRAN,"NO. 3, 8TH ALLEY, BEYHAGHI BLVD., ARGENTINE SQ.",2022-04-01,2999-12-31,Fraudulent Practice,DEBARRED,Ongoing,2026-09-23T05:00:01.779Z
594193,"GANZHOU CHANGYUN CONSTRUCTION ENGINEERING CO., LTD.",China,JIANGXI PROVINCE,"OFFICE BUILDING NO. 3, 4, BUILDING C, PROSPERITY PLAZA, NO. 12, TANERSHANG ROAD, ZHANGGONG DISTRICT, GANZHOU CITY",2021-07-26,2999-12-31,Controlled Affiliate of a Sanctioned Entity.,DEBARRED,Ongoing,2026-09-23T05:00:01.779Z
594194,"XINJIANG CHITONG MUNICIPAL HORTICULTURE CONSTRUCTION ENGINEERING CO., LTD.",China,XINJIANG,"ROOM 311-1, CYBERPORT BUILDING, 258 GAOXIN STREET, URUMQI HIGH-TECH INDUSTRIAL DEVELOPMENT ZONE (NEW URBAN DISTRICT),",2021-07-26,2999-12-31,Controlled Affiliate of a Sanctioned Entity.,DEBARRED,Ongoing,2026-09-23T05:00:01.779Z
594183,"TIANCHANG CHANGHONG CONSTRUCTION ENGINEERING CO., LTD.",China,ANHUI PROVINCE,"BIANQIAO VILLAGE INDUSTRIAL PARK, YESHAN, TIANCHANG",2021-07-26,2999-12-31,Controlled Affiliate of a Sanctioned Entity.,DEBARRED,Ongoing,2026-09-23T05:00:01.779Z
578814,A2Z WASTE MANAGEMENT (JAIPUR) LIMITED,India,HARYANA,"1676, OPP. POLICE CHOWKI, MOHALA JANAK PURI, SECTOR -31, GURUGRAM – 122001",2021-05-28,2999-12-31,Controlled Affiliate of a Sanctioned Entity.,DEBARRED,Ongoing,2026-09-23T05:00:01.779Z
594184,"JIUJIANG ZHUOTAI CONSTRUCTION ENGINEERING CO., LTD.",China,JIANGXI PROVINCE,"ROOM 1803, UNIT 1, BUILDING 1, GUANLAN SHENGSHI COMMUNITY, JIUJIANG ECONOMIC AND TECHNOLOGICAL DEVELOPMENT ZONE, JIUJIANG CITY",2021-07-26,2999-12-31,Controlled Affiliate of a Sanctioned Entity.,DEBARRED,Ongoing,2026-09-23T05:00:01.779Z
600087,NEWSTECH VIETNAM TRADING AND INVESTMENT CONSTRUCTION JOINT STOCK COMPANY,Viet Nam,HANOI,"NO. 14 – ADJACENT HOUSES 6, DAI THANH URBAN, TA THANH OAI COMMUNAL, THANH TRI DISTRICT",2021-08-17,2999-12-31,Fraudulent Practice,DEBARRED,Ongoing,2026-09-23T05:00:01.779Z
594195,"WUHU CHANGSHENG HORTICULTURE CONSTRUCTION CO., LTD.",China,ANHUI,"NO. 11, PUBLIC CONSTRUCTION DISTRICT 1, MATANG NEW TOWN, YIJIANG DISTRICT, WUHU CITY",2021-07-26,2999-12-31,Controlled Affiliate of a Sanctioned Entity.,DEBARRED,Ongoing,2026-09-23T05:00:01.779Z
587922,CROSSWORDS LTD.,Liberia,MONROVIA 1000,"UN DRIVE AND RANDALL STREET JUNCTION, OPPOSITE STELLA MARIS POLYTECHNIC, 1ST FLOOR A, TC BUILDING",2021-06-29,2027-06-28,Fraudulent & Obstructive Practices,DEBARRED,,2026-09-23T05:00:01.779Z
578813,A2Z WASTE MANAGEMENT (NAINITAL) PRIVATE LIMITED,India,HARYANA,"1676, OPP. POLICE CHOWKI, MOHALA JANAK PURI, SECTOR -31, GURUGRAM – 122001",2021-05-28,2999-12-31,Controlled Affiliate of a Sanctioned Entity.,DEBARRED,Ongoing,2026-09-23T05:00:01.779Z
712503,"CALIVERSE CO.,LTD.","Korea, Republic of",GANGNAM-GU,"27-7, SEOLLEUNG-RO 146-GIL",2022-12-02,2999-12-31,Controlled Affiliate of a Sanctioned Entity.,DEBARRED,Ongoing,2026-09-23T05:00:01.779Z
702650,"HENAN GEOLOGY AND MINERAL CONSTRUCTION ENGINEERING (GROUP) ANHUI CO., LTD.",China,ANHUI,"ROOM 303, TOWN GOVERNMENT BUILDING, WUSHAN TOWN, CHANGFENG COUNTY, HEFEI",2023-05-02,2999-12-31,Controlled Affiliate of a Sanctioned Entity,DEBARRED,Ongoing,2026-09-23T05:00:01.779Z
702635,"HENAN GEOLOGICAL AND MINING CONSTRUCTION ENGINEERING (GROUP) CO., LTD.",China,"ZHENGZHOU CITY, HENAN",NO. 25 HUZHU ROAD,2023-05-02,2999-12-31,Fraudulent Practices,DEBARRED,Ongoing,2026-09-23T05:00:01.779Z
702646,"AKSU GEOLOGY AND MINERAL CONSTRUCTION ENGINEERING CO., LTD.",China,"AKSU CITY, AKSU PREFECTURE, XINJIANG","FAÇADE ROOM ON 1ST FLOOR, NO. 4, TUANJIE WEST ROAD,YINGBAZHA DISTRICT,",2023-05-02,2999-12-31,Controlled Affiliate of a Sanctioned Entity,DEBARRED,Ongoing,2026-09-23T05:00:01.779Z
702648,"GANZHOU JIDA CONSTRUCTION ENGINEERING CO., LTD.",China,"GANZHOU CITY, JIANGXI","4TH FLOOR, NO. 37, FENGSHUTANG, HENGLING VILLAGE, FENGGANG TOWN, GANZHOU ECONOMIC AND TECHNOLOGICAL DEVELOPMENT ZONE",2023-05-02,2999-12-31,Controlled Affiliate of a Sanctioned Entity,DEBARRED,Ongoing,2026-09-23T05:00:01.779Z
692537,A2Z POWERTECH LTD.,India,HARYANA,"O-116, 1ST FLOOR, DLF SHOPPING MALL, ARJUN MARG, DLF PH-I GURUGRAM – 122002",2021-03-17,2999-12-31,Controlled Affiliate of a Sanctioned Entity.,DEBARRED,Ongoing,2026-09-23T05:00:01.779Z
712485,LOTTE DATA COMMUNICATION R&D CENTER INDIA LLP,India,"CHENNAI, TAMIL NADU",,2022-12-02,2999-12-31,Controlled Affiliate of a Sanctioned Entity.,DEBARRED,Ongoing,2026-09-23T05:00:01.779Z
702655,"INNER MONGOLIA YUHE CONSTRUCTION ENGINEERING CO., LTD.",China,"CHIFENG CITY, INNER MONGOLIA","12-01-01181, ZONE A, JINYU INTERNATIONAL COMMUNITY, SOUTH OF ZHAOSUHE STREET AND WEST OF CHIXI ROAD, QIAOBEI TOWN, HONGSHAN DISTRICT",2023-05-02,2999-12-31,Controlled Affiliate of a Sanctioned Entity,DEBARRED,Ongoing,2026-09-23T05:00:01.779Z
703446,DAGI LLC,Georgia,TBILISI 0194,NO. 29 MITSKEVICHI STREET,2020-02-06,2999-12-31,"January 2011, revised July 2014 Proc. Guidelines Paragraph 1.16(a)(ii)",DEBARRED,Ongoing,2026-09-23T05:00:01.779Z
702662,"ZHUHAI QINTIAN CONSTRUCTION ENGINEERING CO., LTD.",China,"ZHUHAI CITY, GUANGDONG","104-2, BUILDING 68, YUCUN GUDAO, DONGAO ISLAND",2023-05-02,2999-12-31,Controlled Affiliate of a Sanctioned Entity,DEBARRED,Ongoing,2026-09-23T05:00:01.779Z
702651,HENAN GEOLOGY AND MINERAL CONSTRUCTION ENGINEERING (GROUP) DALIAN MUNICIPAL ENGI,China,"ZHUANGHE CITY, LIAONING PROVINCE","CHENGSHAN VILLAGE, CHENGSHAN TOWN",2023-05-02,2999-12-31,Controlled Affiliate of a Sanctioned Entity,DEBARRED,Ongoing,2026-09-23T05:00:01.779Z
702652,"HENAN GEOLOGY AND MINERAL GROUP MUNICIPAL ENGINEERING CO., LTD.",China,"ZHENGZHOU CITY, HENAN","NO. 56, NANYANG ROAD",2023-05-02,2999-12-31,Controlled Affiliate of a Sanctioned Entity,DEBARRED,Ongoing,2026-09-23T05:00:01.779Z
702653,"HENAN GEOLOGY AND MINERAL GROUP ROAD & BRIDGE ENGINEERING CO., LTD.",China,HENAN,"NO. 40, LESHAN ROAD, ZHUMADIAN",2023-05-02,2999-12-31,Controlled Affiliate of a Sanctioned Entity,DEBARRED,Ongoing,2026-09-23T05:00:01.779Z
702654,"INNER MONGOLIA YUANSHAN ENERGY CO., LTD.",China,"ORDOS CITY, INNER MONGOLIA","ROOM 1803, JIAQI COMPREHENSIVE SERVICE BUILDING, EQUIPMENT MANUFACTURING BASE, DONGSHENG DISTRICT",2023-05-02,2999-12-31,Controlled Affiliate of a Sanctioned Entity,DEBARRED,Ongoing,2026-09-23T05:00:01.779Z
712484,PT LOTTE DATA COMMUNICATION INDONESIA,Indonesia,JAKARTA,,2022-12-02,2999-12-31,Controlled Affiliate of a Sanctioned Entity.,DEBARRED,Ongoing,2026-09-23T05:00:01.779Z
691256,JIANGXI TENGWANGGE CONSTRUCTION ENGINEERING GROUP. CO. LTD.,China,"JIANGXI PROVINCE, 330038","ROOM 1301, BUILDING A, HENG SHENG YIN DU, 850 FENGHUANG ZHONG AVENUE, HONGGUTAN NEW DISTRICT, NANCHANG CITY",2019-10-01,2999-12-31,"Procurement Guidelines, 1.14(a)(ii)",DEBARRED,Ongoing,2026-09-23T05:00:01.779Z
712482,LOTTE DATA COMMUNICATIONS COMPANY LIMITED,"Korea, Republic of",SEOUL,"179, GASAN DIGITAL 2-RO, GEUMCHEON-GU",2022-12-02,2999-12-31,Obstructive Practice,DEBARRED,Ongoing,2026-09-23T05:00:01.779Z
712483,LOTTE DATA COMMUNICATION COMPANY LIMITED VIETNAM,Viet Nam,HCMC,,2022-12-02,2999-12-31,Controlled Affiliate of a Sanctioned Entity.,DEBARRED,Ongoing,2026-09-23T05:00:01.779Z
702661,"XINCAI GEOLOGY AND MINERAL CONSTRUCTION ENGINEERING CO., LTD.",China,HENAN,"SOUTHWEST HOUSE, 23RD FLOOR, BUILDING 6, RENHE HOMELAND, YUELIANGWAN STREET, XINCAI COUNTY, ZHUMADIAN",2023-05-02,2999-12-31,Controlled Affiliate of a Sanctioned Entity,DEBARRED,Ongoing,2026-09-23T05:00:01.779Z
692833,QUVASOY MUKAMMAL TAMIR LLC,Uzbekistan,FERGANA REGION,"3A SH. RASHIDOV STREET, FERGANA DISTRICT",2017-06-13,2999-12-31,"Procurement Guidelines, 1.16(a)(ii)-(iii)-(iv)",DEBARRED,Ongoing,2026-09-23T05:00:01.779Z
692032,SAO BAC DAU TECHNOLOGY SERVICE JOINT STOCK COMPANY,Viet Nam,HO CHI MINH,"BLOCK U 14B-16A, ROAD 22, TAN THUAN EPZ, TAN THUAN DONG WARD, DISTRICT 7",2020-06-23,2027-06-22,Controlled Affiliate of a Sanctioned Entity.,DEBARRED,,2026-09-23T05:00:01.779Z
692907,CONSTRUCCIONES Y SERVICIOS DE MINERÍA CONSERMIN S.A.,Ecuador,"QUITO, PICHINCHA","AV. INTEROCEANICA E28C, CENTRO COMERCIAL PASEO SAN FRANCISCO BLDG., OFFICE 8",2023-04-06,2999-12-31,Fraudulent Practice,DEBARRED,Ongoing,2026-09-23T05:00:01.779Z
692816,LAXMINARAYAN CONSTRUCTION,India,"CDA CUTTACK, 753014",PLOT NO. 2D – 221/10 SECTOR – 11,2014-03-25,2999-12-31,"May 2004 Consultant Guidelines, para. 1.22(a)(ii)",DEBARRED,Ongoing,2026-09-23T05:00:01.779Z
707183,MR. CARLOS ALBERTO DE OTERO LÓPEZ,Ecuador,QUITO,"AV. ELOY ALFARO N2013 Y SUIZA, EDIFICIO SUIZA, MEZANINE",2023-02-14,2999-12-31,Collusive Practice,DEBARRED,Ongoing,2026-09-23T05:00:01.779Z
692795,OOO RBC CENTER,Russian Federation,MOSCOW,"15, 5TH DONSKOY PROEZD, BUILDING 6, 117344",2014-05-02,2999-12-31,"May 2004 Consultant Guidelines, para. 1.22(a)(ii)",DEBARRED,Ongoing,2026-09-23T05:00:01.779Z
712501,LOTTE-HPT HIGH TECH. VIETNAM COMPANY LIMITED,Viet Nam,HCMC,,2022-12-02,2999-12-31,Controlled Affiliate of a Sanctioned Entity.,DEBARRED,Ongoing,2026-09-23T05:00:01.779Z
712502,"JOONGANG CONTROL CO., LTD.","Korea, Republic of",CHUNGCHEONGBUK-DO,"54, JIKJI-DAERO 409BEON-GIL, HEUNGDEOK-GU, CHEONGJU-SI",2022-12-02,2999-12-31,Controlled Affiliate of a Sanctioned Entity.,DEBARRED,Ongoing,2026-09-23T05:00:01.779Z
681429,HA THANH GROUP JOINT STOCK COMPANY,Viet Nam,HANOI,"2ND FLOOR, NO. 475 TRAN KHAT CHAN, THANH NHAN WARD, HAI BA TRUNG DISTRICT",2023-02-02,2028-03-01,Controlled Affiliate of a Sanctioned Entity,DEBARRED,,2026-09-23T05:00:01.779Z
681428,MR. PHAM HONG HA,Viet Nam,HANOI,"B14 BUILDING, LANE 65, PHAM NGOC THACH STREET",2023-02-02,2028-03-01,Collusive Practices,DEBARRED,,2026-09-23T05:00:01.779Z
665826,PROJECTPLAN CONSULTORIA E PROJETOS LTDA,Brazil,"SÃO PAULO - SP, CEP: 01443-010","RUA CAPITÃO ANTONIO ROSA, 376, 4º ANDAR - CJ 42, JARDIM PAULISTANO",2023-06-30,2999-12-31,Fraudulent Practices,DEBARRED,Ongoing,2026-09-23T05:00:01.779Z
744994,PERFECT DREDGING COMPANY PVT. LTD.,India,TAMIL NADU,"SUITE NO. 205, II FLOOR, PLAZA CENTRE,#129 G.N. CHETTY ROAD, CHENNAI 600 006",2024-01-17,2031-01-16,Collusive and Fraudulent Practices,DEBARRED,,2026-09-23T05:00:01.779Z
664941,MR. CAO XUAN TUNG,Viet Nam,HANOI CITY,"L BLOCK, HOANG VAN THU, SUB-QUARTER (CIVIL GROUP) 56, HOANG VAN THU WARD,HOANG MAI DISTRICT",2022-09-27,2027-10-26,Collusive Practices,DEBARRED,,2026-09-23T05:00:01.779Z
675241,MR. FRANK JOHN FRIDAY NNAJI,Nigeria,"ENUGU, ENUGU STATE","PLOT 23/25 UNIJE STREET, INDEPENDENCE LAYOUT",2022-10-04,2031-10-03,Fraudulent and Corrupt Practices,DEBARRED,,2026-09-23T05:00:01.779Z
675223,CHEZ AVIV NIGERIA LIMITED,Nigeria,"ENUGU, ENUGU STATE","PLOT 23/25 UNIJE STREET, INDEPENDENCE LAYOUT",2022-10-04,2031-10-03,Fraudulent and Corrupt Practices,DEBARRED,,2026-09-23T05:00:01.779Z
763799,“TIMIR” LLP,Kazakhstan,ALMATY,"DOSTYK STREET, 117/6, OFFICE 203",2024-04-16,2026-12-15,Fraudulent Practice,DEBARRED,,2026-09-23T05:00:01.779Z
753878,BARAKA QURILISH SERVIS LLC,Uzbekistan,"GULISTAN CITY, SYRDARYA REGION",35 A BEGMATOV ST.,2024-03-06,2028-12-05,Fraudulent and Obstructive Practices,DEBARRED,,2026-09-23T05:00:01.779Z
798031,"XINJIANG JIAOJIAN MACHINERY LEASING CO., LTD.",China,XINJIANG,"NO. 840 WUCHANG SIDE ROAD, URUMQI ECONOMIC & TECHNOLOGICAL DEVELOPMENT ZONE",2024-01-30,2999-12-31,Controlled Affiliate of a Sanctioned Entity,DEBARRED,Ongoing,2026-09-23T05:00:01.779Z
798010,"XINJIANG HUATIAN ENGINEERING CONSTRUCTION CO., LTD.",China,XINJIANG,"FLOOR 1-5, BUILDING 4, NO. 75 GUILIN ROAD, XINSHI DISTRICT, URUMQI",2024-01-30,2999-12-31,Controlled Affiliate of a Sanctioned Entity,DEBARRED,Ongoing,2026-09-23T05:00:01.779Z
764005,M/S GUL CONSTRUCTION CO.,Pakistan,KARACHI,"PLOT NO. 815/C BLOCK 2, CENTRAL COMMERCIAL AREA, P.E.C.H.S.",2023-10-05,2027-05-04,Corrupt and Fraudulent Practices,DEBARRED,,2026-09-23T05:00:01.779Z
759405,SUJAINCO,Indonesia,KEC. MAKASSAR JAKARTA TIMUR 13620,"JL. MANUNGGAL PRATAMA NO. 8, KEL. CIPINANG MELAYU",2019-09-17,2999-12-31,"Procurement Guidelines, 1.15(a)(ii)",DEBARRED,Ongoing,2026-09-23T05:00:01.779Z
744995,MR. ARPUTHARAJ JOB ROBINSON DEVARAJ,India,TAMIL NADU,"SUITE NO. 205, II FLOOR, PLAZA CENTRE,#129 G.N. CHETTY ROAD,CHENNAI 600 006",2024-01-17,2031-01-16,Collusive and Fraudulent Practices,DEBARRED,,2026-09-23T05:00:01.779Z
744423,HTC CONSTRUCTION AND ADVANCED TECHNOLOGY JOINT STOCK COMPANY,Viet Nam,HANOI,"NO. 30 BT1, X2 BẮC LINH ĐÀM, HOÀNG LIỆT WARD, HOÀNG MAI DISTRICT",2023-10-17,2027-03-16,Fraudulent and Obstructive Practices,DEBARRED,,2026-09-23T05:00:01.779Z
764021,M/S GUL CONSTRUCTION CO. (GUL PRIME),Pakistan,KARACHI,"PLOT NO. 815/C BLOCK 2, CENTRAL COMMERCIAL AREA, P.E.C.H.S.",2023-10-05,2027-05-04,Controlling Affiliate,DEBARRED,,2026-09-23T05:00:01.779Z
764022,MUHAMMAD AYUB AND BROTHERS,Pakistan,KARACHI,"PLOT NO. 815/C BLOCK 2, CENTRAL COMMERCIAL AREA, P.E.C.H.S.",2023-10-05,2027-05-04,Controlling Affiliate,DEBARRED,,2026-09-23T05:00:01.779Z
734646,ROYAL DIZAYN LOYIHA,Uzbekistan,FERGANA REGION,"FERGANA DISTRICT, SAYILGOH STREET, 22B-HOUSE",2019-07-08,2999-12-31,Controlled Affiliate of a Sanctioned Individual,DEBARRED,Ongoing,2026-09-23T05:00:01.779Z
719479,MS. TRAN THI HOAN,Viet Nam,HANOI,"NV37, TRUNG VAN NEW URBAN AREA, TRUNG VAN WARD, SOUTH TU LIEM DIST.",2023-04-12,2999-12-31,Corrupt/Collusive Practices,DEBARRED,Ongoing,2026-09-23T05:00:01.779Z
811412,MULTI-TECH CONSULT (PTY) LTD. (NOW KNOWN AS MULTI-TECH AFRICA (PTY) LTD.),Botswana,GABORONE,"PLOT 20746, BLOCK 3, INDUSTRIAL",2023-12-05,2027-06-04,Fraudulent Practices,DEBARRED,,2026-09-23T05:00:01.779Z
811413,MR. PETER LAMBILEKI,Botswana,GABORONE,"PLOT 20746, BLOCK 3, INDUSTRIAL",2023-12-05,2027-06-04,Fraudulent Practices,DEBARRED,,2026-09-23T05:00:01.779Z
802901,MR. AKUBOH VICTOR UNEOJO,Nigeria,"ABUJA, FCT","PLOT 99A, KUBWA DISTRICT CENTER, PHASE IV, KUBWA",2024-03-12,2999-12-31,Corrupt Practice,DEBARRED,Ongoing,2026-09-23T05:00:01.779Z
798049,"XINJIANG XINJIAO CONSTRUCTION HEKANG HIGHWAY PROJECT MANAGEMENT CO., LTD.",China,XINJIANG,"NO.2 TIANMUSHAN ROAD, BEIJING HOTIAN INDUSTRIAL PARK, HOTAN",2024-01-30,2999-12-31,Controlled Affiliate of a Sanctioned Entity,DEBARRED,Ongoing,2026-09-23T05:00:01.779Z
797636,CAIRO CONSULT,"Egypt, Arab Republic of","ELSEFARAT DISTRICT, NASR CITY, CAIRO","2, NATIONAL COMPANY BUILDINGS, 3RD FLOOR",2024-03-15,2028-09-14,Fraudulent Practice,DEBARRED,,2026-09-23T05:00:01.779Z
804091,“INTERYER INŞAAT” MƏHDUD MƏSULIYYƏTLI CƏMIYYƏTI,Azerbaijan,"YASAMAL DISTRICT, BAKU","AZ, M. MUKHTAROV STREET, BLD. 203 A, APT. 11",2024-05-13,2027-01-12,Fraudulent Practices,DEBARRED,,2026-09-23T05:00:01.779Z
797983,"HETIAN LAND PORT HUB CENTER MANAGEMENT CO., LTD.",China,XINJIANG,"NO. 256, AHE HIGHWAY, ALIMA TAMUCUN, JIYA COUNTY, HOTAN",2024-01-30,2999-12-31,Controlled Affiliate of a Sanctioned Entity,DEBARRED,Ongoing,2026-09-23T05:00:01.779Z
798043,"XINJIANG TIANSHAN ROAD AND BRIDGE CO., LTD.",China,XINJIANG,"NO. 403-21, TARIM RIVER WEST ROAD, USU, QOQEK",2024-01-30,2999-12-31,Controlled Affiliate of a Sanctioned Entity,DEBARRED,Ongoing,2026-09-23T05:00:01.779Z
798033,"XINJIANG JIAOTONG CONSTRUCTION SCIENCE AND TECHNOLOGY INSTITUTE CO., LTD.",China,XINJIANG,"ROOM 620, LONGHAI BUSINESS BUILDING, NO. 499 KASHI WEST ROAD, URUMQI ECONOMIC & TECHNOLOGICAL DEVELOPMENT ZONE",2024-01-30,2999-12-31,Controlled Affiliate of a Sanctioned Entity,DEBARRED,Ongoing,2026-09-23T05:00:01.779Z
798034,"XINJIANG JIAOTONG LOGISTICS CO., LTD. (ALSO KNOWN AS XCCG LOGISTICS CO., LTD.",China,XINJIANG,"FLOOR 1, BUILDING 7, NO. 222, YASHAN MIDDLE ROAD, SHAYIBAK DISTRICT, URUMQI",2024-01-30,2999-12-31,Controlled Affiliate of a Sanctioned Entity,DEBARRED,Ongoing,2026-09-23T05:00:01.779Z
798035,"XINJIANG ROAD AND BRIDGE ENGINEERING CO., LTD.",China,XINJIANG,"NO. 25 WUQI HIGHWAY, MIDONG DISTRICT, URUMQI",2024-01-30,2999-12-31,Controlled Affiliate of a Sanctioned Entity,DEBARRED,Ongoing,2026-09-23T05:00:01.779Z
798036,"XINJIANG SGCC AHE HIGHWAY PROJECT MANAGEMENT CO., LTD.",China,XINJIANG,"2-202, NO. 39 QIAXIU NANYUAN UNIT, ALTAY CITY",2024-01-30,2999-12-31,Controlled Affiliate of a Sanctioned Entity,DEBARRED,Ongoing,2026-09-23T05:00:01.779Z
798037,"XINJIANG SGCC JING-A HIGHWAY PROJECT MANAGEMENT CO., LTD.",China,XINJIANG,"THE NORTH SIDE OF JIEFANG EAST ROAD, JINGHE TOWN, JINGHE COUNTY, BOZHOU",2024-01-30,2999-12-31,Controlled Affiliate of a Sanctioned Entity,DEBARRED,Ongoing,2026-09-23T05:00:01.779Z
798038,"XINJIANG TIANSHAN AUTOMOBILE MANUFACTURING CO., LTD.",China,XINJIANG,"NO. 688, RONGHE SOUTH ROAD, URUMQI ECONOMIC & TECHNOLOGICAL DEVELOPMENT ZONE",2024-01-30,2999-12-31,Controlled Affiliate of a Sanctioned Entity,DEBARRED,Ongoing,2026-09-23T05:00:01.779Z
798059,"XINJIANG XINJIAO JIANFU-AFGHAN HIGHWAY PROJECT MANAGEMENT CO., LTD.",China,XINJIANG,"2-202, NO. 39 NANYUAN UNIT, QIAXIU ROAD, ALTAY",2024-01-30,2999-12-31,Controlled Affiliate of a Sanctioned Entity,DEBARRED,Ongoing,2026-09-23T05:00:01.779Z
798046,"XINJIANG XINJIAO CONSTRUCTION AFU HIGHWAY PROJECT MANAGEMENT CO., LTD.",China,XINJIANG,"2-202, NO. 39 NANYUAN UNIT, QIAXIU ROAD, ALTAY",2024-01-30,2999-12-31,Controlled Affiliate of a Sanctioned Entity,DEBARRED,Ongoing,2026-09-23T05:00:01.779Z
797990,"XINJIANG BEIPENG CIVIL ENGINEERING TESTING CONSULTING CO., LTD.",China,XINJIANG,"ROOM 1, FLOOR 1, EXPERIMENT BUILDING NO.1, NO. 840 WUCHANG ROAD SIDE ROAD, XINSHI DISTRICT, URUMQI",2024-01-30,2999-12-31,Controlled Affiliate of a Sanctioned Entity,DEBARRED,Ongoing,2026-09-23T05:00:01.779Z
797996,"XINJIANG CHUANGSITE CONSTRUCTION CONSULTING CO., LTD.",China,XINJIANG,"NO. 840, WUCHANG SIDE ROAD, XINSHI DISTRICT, URUMQI",2024-01-30,2999-12-31,Controlled Affiliate of a Sanctioned Entity,DEBARRED,Ongoing,2026-09-23T05:00:01.779Z
797997,"XINJIANG COMMUNICATIONS CONSTRUCTION GROUP ALTAY MAOFENG PROJECT CO., LTD.",China,XINJIANG,"NO.39 NANYUAN UNIT, QIAXIU ROAD, ALTAY",2024-01-30,2999-12-31,Controlled Affiliate of a Sanctioned Entity,DEBARRED,Ongoing,2026-09-23T05:00:01.779Z
798000,"XINJIANG COMMUNICATIONS CONSTRUCTION JINQIAO ENGINEERING MANAGEMENT CO., LTD.",China,XINJIANG,"D11-06, LAIYIN MANOR, NO. 1466 YINGBIN ROAD, XINSHI DISTRICT, URUMQI",2024-01-30,2999-12-31,Controlled Affiliate of a Sanctioned Entity,DEBARRED,Ongoing,2026-09-23T05:00:01.779Z
485194,UNIQUE CONCEPT ENTERPRISES,Nigeria,"WARRI, DELTA STATE",NO. 40 NELSON WILLIAMS STREET,2020-12-03,2999-12-31,"Procurement Guidelines, 1.16(a)(ii)",DEBARRED,Ongoing,2026-09-23T05:00:01.779Z
485195,MS. OKAFOR GLORY,Nigeria,"WARRI, DELTA STATE","MANAGING DIRECTOR, UNIQUE CONCEPT ENTERPRISES, NO. 40 NELSON WILLIAMS STREET",2020-12-03,2999-12-31,"Procurement Guidelines, 1.16(a)(ii)",DEBARRED,Ongoing,2026-09-23T05:00:01.779Z
495903,KAIROS CONSTRUTORA LTDA.,Brazil,"MANAUS, AM","AVENIDA FERNÃO DIAS PAES LEME, 135 D – ALTOS, CONJUNTO DOM PEDRO II, CEP: 69042-690",2020-10-06,2999-12-31,"Procurement Guidelines, 1.14(a)(ii)",DEBARRED,Ongoing,2026-09-23T05:00:01.779Z
482527,LIAONING-EFACEC ELECTRICAL EQUIPMENT COMPANY LIMITED,China,"LIAOYANG CITY, LIAONING PROVINCE",NO. 29 BEIYUAN ROAD,2020-05-05,2999-12-31,"Procurement Guidelines, 1.16(a)(ii)",DEBARRED,Ongoing,2026-09-23T05:00:01.779Z
466553,"GROUPE SYSTÈMES ET SOLUTIONS D’ENTREPRISE, ESS GROUP, ENTERPRISE SYSTEMS",Canada,"OTTAWA, ONTARIO, K1Z 8P8",201-290 PICTON AVENUE,2014-03-31,2999-12-31,Controlled Affiliate of a Sanctioned Entity.,DEBARRED,Ongoing,2026-09-23T05:00:01.779Z
471746,"ZHONGYUN CONSTRUCTION HOLDING CO., LTD.",China,"YANCHENG CITY, JIANGSU PROVINCE","FLOOR 21D, SERVICE BUILDING, NO. 1188 SHIJI ROAD, YANDU DISTRICT",2020-09-10,2999-12-31,"Procurement Guidelines, 1.16(a)(ii)",DEBARRED,Ongoing,2026-09-23T05:00:01.779Z
450810,"YUNNAN JINCHENG CONSTRUCTION ENGINEERING CO., LTD.",China,"KUNMING CITY,  YUNNAN PROVINCE,",NO. 18 XIBA NEW VILLAGE,2020-03-23,2999-12-31,"Procurement Guidelines, 1.14(a)(ii)",DEBARRED,Ongoing,2026-09-23T05:00:01.779Z
461376,SWANSEA TOOLS RESOURCES,Nigeria,"ASABA, DELTA STATE","PLOT 28 GOVT HOUSE/ILLAH ROAD, OPPOSITE NELROSE HOTEL, GRA",2020-07-23,2999-12-31,"Procurement Guidelines, 1.16(a)(ii)",DEBARRED,Ongoing,2026-09-23T05:00:01.779Z
467486,AL THUHAT,Iraq,BAGHDAD,"AL KAZIMIYAH, ABDUL MOHSEN AL-KAZIMI SQUARE, DISTRICT: 411 SH/17, BUILDING: 20",2013-01-29,2999-12-31,"Procurement Guidelines, 1.14(a)(ii)",DEBARRED,Ongoing,2026-09-23T05:00:01.779Z
463008,A2Z INFRA ENGINEERING LIMITED,India,HARYANA,"O-116, 1ST FLOOR, DLF SHOPPING MALL, ARJUN MARG, DLF PHASE-I, GURUGRAM-122002",2020-11-12,2999-12-31,"July 2014 Procurement Guidelines, Paragraph 1.16(a)(ii)",DEBARRED,Ongoing,2026-09-23T05:00:01.779Z
469642,RIFT VALLEY RAILWAYS KENYA LIMITED,"Virgin Islands, British",TORTOLA,"GENEVA PLACE, P.O. BOX 3469, ROAD TOWN",2020-04-13,2999-12-31,Terms of Negotiated Resolution Agreement,DEBARRED,Ongoing,2026-09-23T05:00:01.779Z
469641,AFRICA RAILWAYS LIMITED,"Virgin Islands, British",TORTOLA,"GENEVA PLACE, P.O. BOX 3469, ROAD TOWN",2020-04-13,2999-12-31,Terms of Negotiated Resolution Agreement,DEBARRED,Ongoing,2026-09-23T05:00:01.779Z
467487,PICK UP CAR AUTO PEÇAS,Brazil,SÃO LUIS – MARANHÃO,"AVENIDA GUAJAJARAS, 221 – LJ 4 BAIRRO TIRIRICAL",2012-11-06,2999-12-31,"Procurement Guidelines, 1.15(a)(ii)",DEBARRED,Ongoing,2026-09-23T05:00:01.779Z
467508,URALKOTLOSERVICE COMMERCIAL PRODUCTION FIRM CLOSED JOINT-STOCK CO,Russian Federation,TAMBOV,"7A SHIROKAYA STREET, 392000",2011-11-29,2999-12-31,"Procurement Guidelines, 1.15(a)(ii)",DEBARRED,Ongoing,2026-09-23T05:00:01.779Z
467511,LONESTAR SUPPLIES AND LOGISTICS (PVT) LTD,United Kingdom,LONDON,,1999-04-08,2999-12-31,Procurement Guidelines 1.15(a)(ii),DEBARRED,Permanent,2026-09-23T05:00:01.779Z
461557,PURIHOLI NIGERIA,Nigeria,"ASABA, DELTA STATE","NO. 12 UCHE OKONKWO ST., OFF DLA ROAD",2020-04-21,2026-11-20,"Procurement Guidelines, 1.16(a)(ii), (iii)",DEBARRED,,2026-09-23T05:00:01.779Z
461558,MR. MAYOR EJIRO HASTING,Nigeria,"ASABA, DELTA STATE","NO. 12 UCHE OKONKWO ST., OFF DLA ROAD",2020-04-21,2026-11-20,"Procurement Guidelines, 1.16(a)(ii), (iii)",DEBARRED,,2026-09-23T05:00:01.779Z
466551,ECOGRAPHY COMPANY,Mongolia,ULANBATAAR,"BUILDING OF MONGOL ENGINEER CO. LTD., KHOROO 20, BAYANGOL DISTRICT",2015-10-15,2999-12-31,"Consultant Guidelines, 1.22(a)(ii)",DEBARRED,Ongoing,2026-09-23T05:00:01.779Z
466552,MR. LI YI,China,"NANCHANG, 330046",NO. 88 ERQI NORTH ROAD,2014-04-18,2999-12-31,"Procurement Guidelines, 1.14(a)(ii)",DEBARRED,Ongoing,2026-09-23T05:00:01.779Z
466554,LAXMI NARAYAN CONSTRUCTION,India,"CDA CUTTACK, 753014",PLOT NO. 2D – 221/10 SECTOR - 11,2014-03-25,2999-12-31,"Procurement Guidelines, 1.14(a)(ii)",DEBARRED,Ongoing,2026-09-23T05:00:01.779Z
466848,COMPEQ,Brazil,SÃO LUIS – MARANHÃO,"AVENIDA GUAJAJARAS, NO. 25 – JD. SÃO CRISTOVÃO",2012-10-18,2999-12-31,"Procurement Guidelines, 1.15(a)(ii)",DEBARRED,Ongoing,2026-09-23T05:00:01.779Z
461201,"FOUNDER INTERNATIONAL (BEIJING) CO., LTD.",China,BEIJING 100080,"19TH FLOOR, ZHONGXIN TECHNOLOGY BUILDING, NO. 52 NORTH FOURTH CIRCLE (BEISIHUAN WEST ROAD), HAIDIAN DISTRICT",2020-07-23,2999-12-31,"Procurement Guidelines, 1.14(a)(ii)",DEBARRED,Ongoing,2026-09-23T05:00:01.779Z
466840,DRC B.V.,Netherlands,4153 BW BEESD,INDUSTRIEWEG 24,2013-09-09,2999-12-31,"2004 Procurement Guidelines, para. 1.14(a)(i)",DEBARRED,Ongoing,2026-09-23T05:00:01.779Z
451449,TIGER IT AMERICAS LLC,United States,SEATTLE,"999 3RD AVENUE, SUITE 700",2019-11-22,2028-10-23,Controlled Affiliate of a Sanctioned Entity.,DEBARRED,,2026-09-23T05:00:01.779Z
440040,LLC “CONMARKS”,Tajikistan,DUSHANBE 734026,"1-18, AL-BERUNI STREET",2020-04-07,2999-12-31,"Procurement Guidelines, 1.16(a)(ii)",DEBARRED,Ongoing,2026-09-23T05:00:01.779Z
438716,PT. SUBURO JAYANA INDAH CORP.,Indonesia,KEC. MAKASSAR JAKARTA TIMUR 13620,"JL. MANUNGGAL PRATAMA NO. 8, KEL. CIPINANG MELAYU",2019-09-17,2999-12-31,"Procurement Guidelines, 1.15(a)(ii)",DEBARRED,Ongoing,2026-09-23T05:00:01.779Z
430598,ESWARI ELECTRICALS PVT. LIMITED,India,TAMIL NADU,"PLOT NO. 64, INDUSTRIAL ESTATE, PERUNGUDI, CHENNAI-600096",2019-11-26,2999-12-31,"Procurement Guidelines, 1.16(a)(ii)",DEBARRED,Ongoing,2026-09-23T05:00:01.779Z
444064,INDUSTRIAL INVESTMENT GROUP ALC,Belarus,MINSK,"35A PONOMARENKO ST., OFFICE 214",2020-05-06,2999-12-31,"January 2011 Procurement Guidelines, Paragraph 1.16(a)(ii)",DEBARRED,Ongoing,2026-09-23T05:00:01.779Z
431222,EXODE TRAVEL,"Congo, Democratic Republic of",KINSHASA,"AVENUE DES MILITANTS, NO. 5 AEROPORT DE N’DOLO",2019-11-05,2999-12-31,"Procurement Guidelines, 1.14 (a)(ii) and 1.16(a)(ii)",DEBARRED,Ongoing,2026-09-23T05:00:01.779Z
440056,LLC “WOODMANMEBEL”,Russian Federation,MOSCOW 125466,"YUROVSKAYA STREET 92, OFFICE NO. 1",2019-12-31,2999-12-31,"Procurement Guidelines, 1.16(a)(ii)",DEBARRED,Ongoing,2026-09-23T05:00:01.779Z
416941,LTD DAGI,Georgia,TBILISI 0194,NO. 29 MITSKEVICHI STREET,2020-02-06,2999-12-31,"January 2011, revised July 2014 Proc. Guidelines Paragraph 1.16(a)(ii)",DEBARRED,Ongoing,2026-09-23T05:00:01.779Z
423677,KENOSTER (NIGERIA) LIMITED,Nigeria,UWAMI-ENUGU,35 KENYATTA STREET,2020-02-03,2999-12-31,"January 2011 Procurement Guidelines, Paragraph 1.16(a)(ii)",DEBARRED,Ongoing,2026-09-23T05:00:01.779Z
427571,"CHANGHONG CONSTRUCTION GROUP CO., LTD.",China,"HONGGUTAN, NANCHANG CITY, 330000","FLOOR 15, BUILDING A, TIME SQUARE, 555 DIEZIHU AVENUE",2019-10-16,2999-12-31,"Procurement Guidelines, 1.14(a)(ii)",DEBARRED,Ongoing,2026-09-23T05:00:01.779Z
423678,MR. UGOCHUKWU EZEH,Nigeria,ENUGU,"KM 3, ABAKALIKI EXPRESSWAY",2020-02-03,2999-12-31,"January 2011 Procurement Guidelines, Paragraph 1.16(a)(ii)",DEBARRED,Ongoing,2026-09-23T05:00:01.779Z
427075,"TENGWANGGE CONSTRUCTION ENGINEERING GROUP CO., LTD.",China,"JIANGXI PROVINCE, 330038","ROOM 1301, BUILDING A, HENG SHENG YIN DU, 850 FENGHUANG ZHONG AVENUE, HONGGUTAN NEW DISTRICT, NANCHANG CITY",2019-10-01,2999-12-31,"Procurement Guidelines, 1.14(a)(ii)",DEBARRED,Ongoing,2026-09-23T05:00:01.779Z
426580,PT. RUDY JAYA,Indonesia,"SIDOARJO, JAWA TIMUR","JL. GAJAH MADA NO. 404 DESA JANTI, KEC. TARIK",2019-09-27,2999-12-31,"Procurement Guidelines, 1.15(a)(ii)",DEBARRED,Ongoing,2026-09-23T05:00:01.779Z
529520,PT. TUBAGUS RANGIN,Indonesia,JAWA BARAT 45418,"JL. SITI ARMILAH NO. 54, RT/RW 002/013 MAJALENGKA KULON",2021-05-13,2999-12-31,Fraudulent Practice,DEBARRED,Ongoing,2026-09-23T05:00:01.779Z
573628,TECHNIQUE IMPORT EXPORT JOINT STOCK COMPANY,Viet Nam,HANOI CITY,"NO. 70 TRAN HUNG DAO STREET, TRAN HUNG DAO WARD, HOAN KIEM DISTRICT",2021-08-10,2999-12-31,Collusive Practice,DEBARRED,Ongoing,2026-09-23T05:00:01.779Z
561388,A2Z INFRASERVICES LTD.,India,HARYANA,"O-116, 1ST FLOOR, DLF SHOPPING MALL, ARJUN MARG, DLF PH-I GURUGRAM - 122002",2021-03-17,2999-12-31,Controlled Affiliate of a Sanctioned Entity.,DEBARRED,Ongoing,2026-09-23T05:00:01.779Z
561389,A2Z POWERCOM LTD.,India,HARYANA,"O-116, 1ST FLOOR, DLF SHOPPING MALL, ARJUN MARG, DLF PH-I GURUGRAM - 122002",2021-03-17,2999-12-31,Controlled Affiliate of a Sanctioned Entity.,DEBARRED,Ongoing,2026-09-23T05:00:01.779Z
561402,MANSI BIJLEE & RICE MILLS LTD.,India,HARYANA,"O-116, 1ST FLOOR, DLF SHOPPING MALL, ARJUN MARG, DLF PH-I GURUGRAM - 122002",2021-03-17,2999-12-31,Controlled Affiliate of a Sanctioned Entity.,DEBARRED,Ongoing,2026-09-23T05:00:01.779Z
561403,ECOGREEN ENVIROTECH SOLUTIONS LTD.,India,HARYANA,"O-116, 1ST FLOOR, DLF SHOPPING MALL, ARJUN MARG, DLF PH-I GURUGRAM - 122002",2021-03-17,2999-12-31,Controlled Affiliate of a Sanctioned Entity.,DEBARRED,Ongoing,2026-09-23T05:00:01.779Z
561407,MAGIC GENIE SMARTECH SOLUTIONS LTD.,India,HARYANA,"GROUND FLOOR, PLOT NO. 58, SECTOR-44, GURUGRAM-122003",2021-03-17,2999-12-31,Controlled Affiliate of a Sanctioned Entity.,DEBARRED,Ongoing,2026-09-23T05:00:01.779Z
557986,ODELGA MED GES.M.B.H.,Austria,1230 VIENNA,CARLBERGERGASSE 68,2021-06-08,2027-06-07,Fraudulent & Corrupt Practices,DEBARRED,,2026-09-23T05:00:01.779Z
561404,A2Z INFRASERVICES LANKA PVT. LTD.,Sri Lanka,COLOMBO 3,"BOC MERCHANT TOWER, LEVEL 8, NO: 28 ST. MICHAEL’S ROAD",2021-03-17,2999-12-31,Controlled Affiliate of a Sanctioned Entity.,DEBARRED,Ongoing,2026-09-23T05:00:01.779Z
561405,A2Z WASTE MANAGEMENT (ALIGARH) LTD.,India,HARYANA,"GROUND FLOOR, PLOT NO. 58, SECTOR-44, GURUGRAM-122003",2021-03-17,2999-12-31,Controlled Affiliate of a Sanctioned Entity.,DEBARRED,Ongoing,2026-09-23T05:00:01.779Z
561406,A2Z WASTE MANAGEMENT (LUDHIANA) LTD.,India,HARYANA,"GROUND FLOOR, PLOT NO. 58, SECTOR-44, GURUGRAM-122003",2021-03-17,2999-12-31,Controlled Affiliate of a Sanctioned Entity.,DEBARRED,Ongoing,2026-09-23T05:00:01.779Z
561408,RISHIKESH WASTE MANAGEMENT LTD.,India,HARYANA,"O-116, 1ST FLOOR, DLF SHOPPING MALL, ARJUN MARG, DLF PH-I GURUGRAM - 122002",2021-03-17,2999-12-31,Controlled Affiliate of a Sanctioned Entity.,DEBARRED,Ongoing,2026-09-23T05:00:01.779Z
551187,ASBECO NIGERIA LTD.,Nigeria,"CALABAR, CROSS RIVER STATE","NO. 10 EFFANGA MKPA STREET, STATE HOUSING ESTATE",2021-05-25,2999-12-31,Corrupt Practice,DEBARRED,Ongoing,2026-09-23T05:00:01.779Z
537450,HIKMA CONSTRUCTION AND GENERAL TRADING COMPANY,"Somalia, Federal Republic of","BAIDOA, BAY REGION",AFAR-IRDOD STREET,2021-04-06,2027-04-05,Fraudulent and Collusive Practices,DEBARRED,,2026-09-23T05:00:01.779Z
538224,SHAANXI JIAMING INDUSTRY CO. LTD.,China,XI'AN CITY,"NO. 6 EFANG FIRST ROAD, WEIYANG DISTRICT",2020-12-16,2999-12-31,Cross Debarment: ADB,DEBARRED,Permanent,2026-09-23T05:00:01.779Z
538243,YANG TING,China,XI'AN CITY,"NO. 6 EFANG FIRST ROAD, WEIYANG DISTRICT",2020-12-16,2999-12-31,Cross Debarment: ADB,DEBARRED,Ongoing,2026-09-23T05:00:01.779Z
538245,SHAANXI BEISHENG DONGFENG AUTOMOBILE SALES AND SERVICE CO. LTD.,China,XI'AN CITY,"EAST TO MINGGUANG ROAD, AREA G4 JINGKAI AREA",2020-12-16,2999-12-31,Cross Debarment: ADB,DEBARRED,Permanent,2026-09-23T05:00:01.779Z
532124,"ALLONWARD HYDRO-GENERATING EQUIPMENT (HONGKONG) CO., LTD.","Hong Kong SAR, China",HONGKONG,,2021-03-09,2999-12-31,Controlled Affiliate of a Sanctioned Entity.,DEBARRED,Ongoing,2026-09-23T05:00:01.779Z
548539,THAI SON TRAFFIC WORK CONSTRUCTION JSC,Viet Nam,HO CHI MINH CITY,"SỐ 77, KHU BIỆT THỰ NGÂN LONG, ĐƯỜNG NGUYỄN HỮU THỌ,XÃ PHƯỚC KIỂN, HUYỆN NHÀ BÈ",2021-12-06,2028-06-05,Fraudulent & Obstructive Practices,DEBARRED,,2026-09-23T05:00:01.779Z
538223,ZENG XIANGLIN,China,XI'AN CITY,"NO. 6 EFANG FIRST ROAD, WEIYANG DISTRICT",2020-12-16,2999-12-31,Cross Debarment: ADB,DEBARRED,Ongoing,2026-09-23T05:00:01.779Z
532123,"HUNAN ALLONWARD HYDRO-GENERATING EQUIPMENT CO., LTD.",China,"CHANGSHA, HUNAN 410600","52#, QUANZHOU NORTH RD, NINGXIANG HIGH-TECH DEVELOPMENT ZONE",2021-03-09,2999-12-31,Fraudulent Practice,DEBARRED,Ongoing,2026-09-23T05:00:01.779Z
548540,THAI SON TRAFFIC WORK CONSTRUCTION JSC,Viet Nam,HO CHI MINH CITY,"SỐ 51, LȂ XUȂN OAI, PHUÒNG LONG TRUÒNG, QUȂN 9",2021-12-06,2028-06-05,Fraudulent & Obstructive Practices,DEBARRED,,2026-09-23T05:00:01.779Z
529560,PT. ARIS MAKMUR MANDIRI,Indonesia,KUNINGAN 45556,"JL. RAYA CIGINTUNG NO. 126 A BOJONG, KEC. CILIMUS",2021-02-17,2999-12-31,Fraudulent Practice;  Controlled Affiliate of a Sanctioned Entity.,DEBARRED,Ongoing,2026-09-23T05:00:01.779Z
542410,MR. SUJIT DAS,Liberia,MONROVIA,"ADMINISTRATION MANAGER, CROSSWORDS LIMITED, UN DRIVE & RANDALL STREET JN., OPP. STELLA MARIS POLYTECHNIC",2021-06-08,2029-06-07,Fraudulent & Obstructive Practices,DEBARRED,,2026-09-23T05:00:01.779Z
538226,REN CHAO,China,XI'AN CITY,"NO. 6 EFANG FIRST ROAD, WEIYANG DISTRICT",2020-12-16,2999-12-31,Cross Debarment: ADB,DEBARRED,Permanent,2026-09-23T05:00:01.779Z
538227,LIU LIJUN,China,XI'AN CITY,"NO. 6 EFANG FIRST ROAD, WEIYANG DISTRICT",2020-12-16,2999-12-31,Cross Debarment: ADB,DEBARRED,Permanent,2026-09-23T05:00:01.779Z
538229,SHAANXI HONGYI AUTOMOBILE SALES AND SERVICE CO. LTD.,China,"XI'AN CITY, SHAANXI PROVINCE","NO. 58, FENGCHAN ROAD, WEIYANG DISTRICT",2020-12-16,2999-12-31,Cross Debarment: ADB,DEBARRED,Permanent,2026-09-23T05:00:01.779Z
538242,SHAANXI HUAXING NEW CENTURY AUTOMOBILE SERVICE TRADE CO. LTD.,China,XI'AN CITY,"AREA C5, FENGCHENG FOURTH ROAD ECONOMIC DEVELOPMENT (JINGKAI) DISTRICT",2020-12-16,2999-12-31,Cross Debarment: ADB,DEBARRED,Permanent,2026-09-23T05:00:01.779Z
529518,PT. KARYA KITA PUTRA PERTIWI,Indonesia,CIREBON 45161,"JL. RAYA GUNTUR NO. 18, KEDONGDONG KIDUL, DUKUPANTANG",2021-05-13,2999-12-31,Fraudulent Practice,DEBARRED,Ongoing,2026-09-23T05:00:01.779Z
529519,MR. OYO SUNARYO,Indonesia,CIREBON 45161,"JL. RAYA GUNTUR NO. 18, KEDONGDONG KIDUL, DUKUPANTANG",2021-05-13,2999-12-31,Fraudulent Practice,DEBARRED,Ongoing,2026-09-23T05:00:01.779Z
529558,PT. BINA CIPTA UTAMA,Indonesia,CIREBON 45134,"JL. KSATRIA GG. ANGGREK NO. 114, KECAMATAN KESAMBI, KOTA CIREBON",2021-02-17,2999-12-31,Fraudulent Practice,DEBARRED,Ongoing,2026-09-23T05:00:01.779Z
529559,PT. BINA CIPTA UTAMA,Indonesia,"CIREBON, JAWA BARAT 45153","JL. CIDENG RAYA NO. 48 BLOK, STRIKEMBENG, RT/RW 003/001 DS. KERTAWINANGUN, KEC. KEDAWUNG",2021-02-17,2999-12-31,Fraudulent Practice,DEBARRED,Ongoing,2026-09-23T05:00:01.779Z
640841,NAMA HOTELS PRIVATE LIMITED,India,"HYDERABAD, TELANGANA, 500033","PLOT NO. 1129/A, MADHUCON HOUSE, ROAD NO. 36, HITECH CITY ROAD, JUBILEE HILLS",2022-02-07,2999-12-31,Controlled Affiliate of a Sanctioned Entity,DEBARRED,Ongoing,2026-09-23T05:00:01.779Z
653717,SOFTTECH IT SOLUTIONS AND SERVICES LTD.,Nigeria,"WUSE 11 – ABUJA, FCT",SB 98 BANEX PLAZA,2022-03-29,2999-12-31,Corrupt Practice,DEBARRED,Ongoing,2026-09-23T05:00:01.779Z
653718,MR. ISAH SALIHU KANTIGI,Nigeria,"WUSE 11 – ABUJA, FCT","MANAGING DIRECTOR, SOFTTECH IT SOLUTIONS AND SERVICES LTD., SB 98 BANEX PLAZA",2022-03-29,2027-03-28,Corrupt Practice,DEBARRED,,2026-09-23T05:00:01.779Z
640844,MADHUCON MEGA MALL PRIVATE LIMITED,India,"HYDERABAD, TELANGANA, 500033","PLOT NO. 1129/A, MADHUCON HOUSE, ROAD NO. 36, HITECH CITY ROAD, JUBILEE HILLS",2022-02-07,2999-12-31,Controlled Affiliate of a Sanctioned Entity,DEBARRED,Ongoing,2026-09-23T05:00:01.779Z
640845,MADURAI-TUTICORIN EXPRESSWAYS LIMITED,India,"HYDERABAD, TELANGANA, 500033","PLOT NO. 1129/A, MADHUCON HOUSE, ROAD NO. 36, HITECH CITY ROAD, JUBILEE HILLS",2022-02-07,2999-12-31,Controlled Affiliate of a Sanctioned Entity,DEBARRED,Ongoing,2026-09-23T05:00:01.779Z
640843,MADHUCON HEIGHTS PRIVATE LIMITED,India,"HYDERABAD, TELANGANA, 500033","PLOT NO. 1129/A, MADHUCON HOUSE, ROAD NO. 36, HITECH CITY ROAD, JUBILEE HILLS",2022-02-07,2999-12-31,Controlled Affiliate of a Sanctioned Entity,DEBARRED,Ongoing,2026-09-23T05:00:01.779Z
649801,MR. YUNUS JALALOV,Uzbekistan,SYRDARYA REGION,"70 FIRDAVSI ST., GULISTAN TOWN",2022-11-14,2999-12-31,Fraudulent Practice,DEBARRED,Ongoing,2026-09-23T05:00:01.779Z
643035,NIEMTIN COMPANY LIMITED,Viet Nam,"BA DINH DISTRICT, HANOI CITY","8TH FLOOR, 142 DOI CAN STREET",2022-05-24,2999-12-31,Fraudulent Practice,DEBARRED,Ongoing,2026-09-23T05:00:01.779Z
630866,“SUPPER FORTUNA” LLC,Uzbekistan,SYRDARYA REGION,"70 FIRDAVSI ST., GULISTAN TOWN",2022-04-13,2999-12-31,Fraudulent Practice,DEBARRED,Ongoing,2026-09-23T05:00:01.779Z
640842,MADHUCON INFRA. LIMITED,India,"HYDERABAD, TELANGANA, 500033","PLOT NO. 1129/A, MADHUCON HOUSE, ROAD NO. 36, HITECH CITY ROAD, JUBILEE HILLS",2022-02-07,2999-12-31,Controlled Affiliate of a Sanctioned Entity,DEBARRED,Ongoing,2026-09-23T05:00:01.779Z
621885,LINKS ALLEN SARL,"Congo, Democratic Republic of","GOMBE, KINSHASA","172, AVENUE DE LA PROVINCE",2022-04-15,2999-12-31,Fraudulent Practices,DEBARRED,Ongoing,2026-09-23T05:00:01.779Z
618873,ALYANS BETON LIMITED LIABILITY COMPANY,Azerbaijan,"KHATAINSKIY RAYON, BAKU","I. ISMALIYOV STREET, DOM 8, KVARTIRA 79",2022-02-10,2028-02-09,Fraudulent Practice,DEBARRED,,2026-09-23T05:00:01.779Z
619708,AFRICA DEVELOPMENT PROFESSIONAL GROUP LTD.,Kenya,NAIROBI,"K-REP CENTRE, 4TH FLOOR, WOOD AVENUE, P.O. BOX 9390-00100",2021-11-09,2999-12-31,Fraudulent Practice,DEBARRED,Ongoing,2026-09-23T05:00:01.779Z
608156,“KOGONNEFTEGAZENERGOSERVICE” LLC,Uzbekistan,BUKHARSKAYA OBLAST,"55 MELIORATOROV STREET,KAGANSKIY RAYON",2022-01-04,2999-12-31,Fraudulent Practice,DEBARRED,Ongoing,2026-09-23T05:00:01.779Z
608157,JV “KOGONREMSTROYKOMPLEKT” LLC,Uzbekistan,BUKHARSKAYA OBLAST,"7 MELIORATOROV STREET, KAGANSKIY RAYON",2022-01-04,2999-12-31,Fraudulent Practice,DEBARRED,Ongoing,2026-09-23T05:00:01.779Z
610088,PT. TIRTA WIJAYA KARYA,Indonesia,"SUBANG, JAWA BARAT 41217",JL. OTTO ISKANDARDINATA NO. 297,2022-01-07,2999-12-31,Fraudulent Practice,DEBARRED,Ongoing,2026-09-23T05:00:01.779Z
610089,PT. KARUNIAGUNA INTISEMESTA,Indonesia,JAKARTA SELATAN 12970,"JL. MINANGKABAU NO. 6 G, LT. 2",2022-01-19,2999-12-31,Fraudulent Practice,DEBARRED,Ongoing,2026-09-23T05:00:01.779Z
618874,MR. RAMIL BAHADIR OĜLU ALIYEV,Azerbaijan,"KHATAINSKIY RAYON, BAKU","I.ISMALIYOV STREET, DOM 8, KVARTIRA 79",2022-02-11,2027-02-10,Fraudulent Practice,DEBARRED,,2026-09-23T05:00:01.779Z
594185,"NANCHANG HEHONG CONSTRUCTION CO., LTD.",China,JIANGXI PROVINCE,"ROOM 1505, 15TH FLOOR, BLOCK A, SHI'AO BUILDING, NO. 555 DIEZIHU AVENUE, HONGGUTAN DISTRICT, NANCHANG CITY",2021-07-26,2999-12-31,Controlled Affiliate of a Sanctioned Entity.,DEBARRED,Ongoing,2026-09-23T05:00:01.779Z
594191,"WANNIAN COUNTY CHANGHONG HORTICULTURE CONSTRUCTION CO., LTD.",China,JIANGXI PROVINCE,"17 HUYUN AVENUE, HUYUN TOWN, WANNIAN COUNTY, SHANGRAO CITY",2021-07-26,2999-12-31,Controlled Affiliate of a Sanctioned Entity.,DEBARRED,Ongoing,2026-09-23T05:00:01.779Z
973939,AKTIF ELEKTROTEKNIK SAN VE TIC A.S.,Turkiye,"UMRANIYE 34775, ISTANBUL","SERIFALI MH. BAYRAKTAR, BLV. SEHIT, NO. 5 AKTIF PLAZA",2026-03-09,2027-06-08,Related Corrupt and Fraudulent Practices.,DEBARRED,,2026-09-23T05:00:01.779Z
992940,SOCIÉTÉ EMMETTRICE DE DOCUMENT SÉCURISÉ EN CENTRAFRIQUE (SEDOSEC) SURL,Central African Republic,BANGUI,RUE JOSEPH DEGRAIN BP :1931,2025-07-07,2027-01-06,Controlled Affiliate of a Sanctioned Entity.,DEBARRED,,2026-09-23T05:00:01.779Z
988861,CONSTRUCTION & INVESTMENT JOINT STOCK COMPANY NO. 492,Viet Nam,VINH CITY,"198 TRUONG CHINH ROAD, LE LOI WARD, NGHE AN PROVINCE",2025-09-24,2999-12-31,Obstructive Practice,DEBARRED,Ongoing,2026-09-23T05:00:01.779Z
992935,CLAIMSYNC LTD.,Ghana,ACCRA,"NO. 5, 1ST ASOYI STREET, BAWALESHIE, EAST LEGON",2025-07-07,2027-01-06,Controlled Affiliate of a Sanctioned Entity.,DEBARRED,,2026-09-23T05:00:01.779Z
992932,GENKEY AFRICA LTD.,Ghana,ACCRA,"NO. 5, 1ST ASOYI STREET, BAWALESHIE, EAST LEGON",2025-07-07,2027-01-06,Controlled Affiliate of a Sanctioned Entity.,DEBARRED,,2026-09-23T05:00:01.779Z
988515,COMPUTER AND ELECTRICAL SERVICES LTD. ST. LUCIA,St. Lucia,GRIS ISLET,"SAN SOUCI, CASTRIES ST. LUCIA. BONNE TERRE, P. O. BOX 1865",2025-06-17,2026-12-16,Fraudulent Practices,DEBARRED,,2026-09-23T05:00:01.779Z
950030,HIDRALRICA DISTRIBUÇÃO DE TUBOS E CONEXÕES EIRELI,Brazil,"JARDIM JAPÃO – SP/SP, CEP: 02143-060","RUA SOLDADO JOSÉ ANTÔNIO MOREIRA, 223",2025-02-25,2999-12-31,Collusive Practice,DEBARRED,Ongoing,2026-09-23T05:00:01.779Z
970209,THI SON COMPANY LIMITED,Viet Nam,PHU LY CITY,"PARTS TOWER, EAST DAY RIVER, LE HOAN STREET, HAI BA TRUNG WARD, HA NAM PROVINCE",2025-07-29,2999-12-31,Obstructive Practice,DEBARRED,Ongoing,2026-09-23T05:00:01.779Z
958232,"PANAQUE, S.R.L.",Italy,ROME,"VIA COPENAGHEN 40, 00144",2025-03-18,2027-03-17,"Collusive, Fraudulent and Corrupt Practices",DEBARRED,,2026-09-23T05:00:01.779Z
958233,MR. OSCAR DI SANTO,Italy,ROME,"VIA COPENAGHEN 40, 00144",2025-03-18,2027-03-17,"Collusive, Fraudulent, and Corrupt Practices",DEBARRED,,2026-09-23T05:00:01.779Z
967142,XINJIANG XIAOHAIZI WATER CONSERVANCY CONSTRUCTION AND INSTALLATION ENGINEERING C,China,"TUMUSHUKE CITY, XINJIANG PROVINCE",NO. 1 NORTH NANHU ROAD,2025-04-15,2999-12-31,Fraudulent Practice,DEBARRED,Ongoing,2026-09-23T05:00:01.779Z
950063,MR. RICARDO CHECA HERNANDEZ,Brazil,"JARDIM JAPÃO – SP/SP, CEP: 02143-060","RUA SOLDADO JOSÉ ANTÔNIO MOREIRA, 223",2025-02-25,2999-12-31,Collusive Practice,DEBARRED,Ongoing,2026-09-23T05:00:01.779Z
958239,PANAQUE 2025,Italy,CAPRANICA,"STRADA PROVINCIALE VEJANESE SNC, 01012",2025-03-18,2027-03-17,Controlled Affiliate of a Sanctioned Individual,DEBARRED,,2026-09-23T05:00:01.779Z
937049,"GUANGDONG SHENGZHONG CONSTRUCTION ENGINEERING CO., LTD.",China,"MAOMING CITY, GUANGDONG","NO. 93, BUILDING 8, ROOM 202, XINHU STREET, DIANBAI DISTRICT",2025-04-22,2026-10-21,Controlled Affiliate of a Sanctioned Entity.,DEBARRED,,2026-09-23T05:00:01.779Z
937050,"GUANGDONG DAHENG CONSTRUCTION ENGINEERING CO., LTD.",China,"MAOMING CITY, GUANGDONG","NO. 93, BUILDING 8, ROOM 302, XINHU STREET, DIANBAI DISTRICT",2025-04-22,2026-10-21,Controlled Affiliate of a Sanctioned Entity.,DEBARRED,,2026-09-23T05:00:01.779Z
937080,"GUANGDONG JIHONG PROPERTY MANAGEMENT CO., LTD.",China,"DIANBAI CITY, GUANGDONG","NO. 93 XINHU STREET, SHUIDONG COUNTY",2025-04-22,2026-10-21,Controlled Affiliate of a Sanctioned Entity.,DEBARRED,,2026-09-23T05:00:01.779Z
937081,"GUANGZHU YIXIN CONSTRUCTION TECHNOLOGY (GUANGZHOU) CO., LTD.",China,GUANGZHOU,"NO. 3 HEPING ZHONG ROAD, GUANGZHOU AVENUE, HAIZHU DISTRICT",2025-04-22,2026-10-21,Controlled Affiliate of a Sanctioned Entity.,DEBARRED,,2026-09-23T05:00:01.779Z
937084,GUANGDONG DIANBAI SECOND CONSTRUCTION GROUP,China,"DIANBAI CITY, GUANGDONG","NO. 93 XINHU STREET, SHUIDONG COUNTY",2025-04-22,2026-10-21,Controlled Affiliate of a Sanctioned Entity.,DEBARRED,,2026-09-23T05:00:01.779Z
937085,"PANJING DIANBAI SECOND CONSTRUCTION ENGINEERING CO., LTD.",China,PANJING CITY,"NO. 2-26-746-1001, ZHENGHE GARDEN, SHUANGTAIZI DISTRICT",2025-04-22,2026-10-21,Controlled Affiliate of a Sanctioned Entity.,DEBARRED,,2026-09-23T05:00:01.779Z
927832,MR. RUFAT MAJIDOV,Azerbaijan,BAKU,"BINAGADI HIGHWAY, MADAN STREET 4 AZ1053",2024-12-10,2027-08-09,Obstructive Practices,DEBARRED,,2026-09-23T05:00:01.779Z
927833,GRAND MOTORS LLC,Azerbaijan,BAKU,"BINAGADI HIGHWAY, MADAN STREET 4 AZ1053",2024-12-10,2027-08-09,Obstructive Practices,DEBARRED,,2026-09-23T05:00:01.779Z
938973,"URUMQI ZHENYU GLOBAL TRADING CO., LTD.",China,URUMQI,"NO. 1, 9/F, BUILDING A 158 KUNMING ROAD, URUMQI",2025-05-07,2026-11-06,Fraudulent Practices,DEBARRED,,2026-09-23T05:00:01.779Z
937078,"GUANGZHU CHANGZHI CONSTRUCTION TECHNOLOGY (GUANGZHOU) PARTNERSHIP CO., LTD.",China,GUANGZHOU,"NO. 3 HEPING ZHONG ROAD, GUANGZHOU AVENUE, HAIZHU DISTRICT",2025-04-22,2026-10-21,Controlled Affiliate of a Sanctioned Entity.,DEBARRED,,2026-09-23T05:00:01.779Z
939357,"HUNAN ZHONGGE CONSTRUCTION GROUP ANHUI CONSTRUCTION ENGINEERING CO., LTD.",China,"HEFEI CITY, ANHUI","HEFEI YULONG AGRICULTURAL MACHINERY MARKET, XIN AN VILLAGE, FEIDONG COUNTY",2025-05-16,2029-11-15,Controlled Affiliate of a Sanctioned Entity.,DEBARRED,,2026-09-23T05:00:01.779Z
936657,VIVA ATLANTIC LIMITED,Nigeria,ABUJA,"12 LIBREVILLE STREET, WUSE 2",2025-01-15,2027-07-14,"Fraudulent, Collusive and Corrupt Practices",DEBARRED,,2026-09-23T05:00:01.779Z
936658,TECHNOLOGY HOUSE LIMITED,Nigeria,ABUJA,"12 LIBREVILE STREET, WUSE 2",2025-01-15,2027-07-14,Fraudulent and Collusive Practices,DEBARRED,,2026-09-23T05:00:01.779Z
937082,"GUANGDONG YOUHE REAL ESTATE DEVELOPMENT CO., LTD.",China,GUANGZHOU,"HEPING COMMERCIAL CENTER, 9TH FLOOR, GUANGZHOU AVENUE SOUTH, HAIZHU DISTRICT",2025-04-22,2026-10-21,Controlled Affiliate of a Sanctioned Entity.,DEBARRED,,2026-09-23T05:00:01.779Z
937083,"GUANGDONG DIANBAI SECOND CONSTRUCTION DECORATION ENGINEERING CO., LTD.",China,"DIANBAI CITY, GUANGDONG","NO. 93 XINHU STREET, SHUIDONG COUNTY",2025-04-22,2026-10-21,Controlled Affiliate of a Sanctioned Entity.,DEBARRED,,2026-09-23T05:00:01.779Z
936659,MR.NORMAN BWURUK DIDAM,Nigeria,ABUJA,"12 LIBREVILE STREET, WUSE 2",2025-01-15,2027-07-14,"Fraudulent, Collusive and Corrupt Practices",DEBARRED,,2026-09-23T05:00:01.779Z
937086,"GUANGXI YUEKE CONSTRUCTION ENGINEERING CO., LTD.",China,NANNING CITY,"NO. 27 BUILDING 3 ROOM 601, ZHUANGJING AVENUE",2025-04-22,2026-10-21,Controlled Affiliate of a Sanctioned Entity.,DEBARRED,,2026-09-23T05:00:01.779Z
937048,"GUANGDONG DIANBAI SECOND CONSTRUCTION GROUP CO., LTD.",China,GUANGZHOU,"HEPING COMMERCIAL CENTER, 9TH FLOOR, GUANGZHOU AVENUE SOUTH, HAIZHU DISTRICT",2025-04-22,2026-10-21,Obstructive Practice,DEBARRED,,2026-09-23T05:00:01.779Z
939356,"HUNAN YISHOU CONSTRUCTION CO., LTD.",China,"CHANGSHA CITY, HUNAN","NO. 33 LINGLAN ROAD, HIGH-TECH DEVELOPMENT ZONE",2025-05-16,2029-11-15,Controlled Affiliate of a Sanctioned Entity.,DEBARRED,,2026-09-23T05:00:01.779Z
939349,HUNAN ZHONGGE CONSTRUCTION GROUP CORPORATION LTD.,China,"CHANGSHA CITY, HUNAN, 410205",NO. 41 WEST TONGZIPO ROAD,2025-05-16,2029-11-15,"Corrupt, Fraudulent, and Obstructive Practices",DEBARRED,,2026-09-23T05:00:01.779Z
937076,"ZHUHAI ZHONGWEI CONSTRUCTION ENGINEERING CO., LTD.",China,ZHUHAI,"NO. 18 HONGQIAO SI ROAD, BAIJIAO COUNTY",2025-04-22,2026-10-21,Controlled Affiliate of a Sanctioned Entity.,DEBARRED,,2026-09-23T05:00:01.779Z
937079,"GUANGDONG SHENGLONG CONSTRUCTION MATERIAL CO., LTD.",China,"DIANBAI CITY, GUANGDONG","NO. 93 XINHU STREET, SHUIDONG COUNTY",2025-04-22,2026-10-21,Controlled Affiliate of a Sanctioned Entity.,DEBARRED,,2026-09-23T05:00:01.779Z
937077,"DIANBAI SANLU LIANGHU PROJECT MANAGEMENT CO., LTD.",China,GUANGZHOU,"HEPING COMMERCIAL CENTER, 9TH FLOOR, GUANGZHOU AVENUE SOUTH, HAIZHU DISTRICT",2025-04-22,2026-10-21,Controlled Affiliate of a Sanctioned Entity.,DEBARRED,,2026-09-23T05:00:01.779Z
1044556,SIGNUM TEKNOLOJI TANITIM VE EGITIM A.S.,Turkiye,ANKARA,ÜNIVERSITELER MAH. 1596. CAD. NO:8B IÇ KAPI NO:12 ÇANKAYA,2025-12-10,2026-12-09,Controlled Affiliate of a Sanctioned Entity.,DEBARRED,,2026-09-23T05:00:01.779Z
1044559,KMT TEKNOLOJIK VE FINANSAL YATIRIMLAR A.S.,Turkiye,ISTANBUL,HUZUR MAH. AHMET BAYMAN CAD. NO:2 SARIYER,2025-12-10,2026-12-09,Controlled Affiliate of a Sanctioned Entity.,DEBARRED,,2026-09-23T05:00:01.779Z
1044560,COSMOS YATIRIM HOLDING A.S.,Turkiye,ISTANBUL,ORUÇREIS MAH. TEKSTILKENT CAD. A BLOK NO:12B/154 ESENLER,2025-12-10,2026-12-09,Controlled Affiliate of a Sanctioned Entity.,DEBARRED,,2026-09-23T05:00:01.779Z
1044557,EMEK ELEKTRIK ENDÜSTRI A.S.,Turkiye,ANKARA,SARACALAR MAH. ÖZAL BULV. EMEK ELEKTRIK BLOK NO:224 AKYURT,2025-12-10,2026-12-09,Controlled Affiliate of a Sanctioned Entity.,DEBARRED,,2026-09-23T05:00:01.779Z
1092577,VPOWER TECHNOLOGY LIMITED,"Hong Kong SAR, China",,,2026-05-26,2027-11-25,Controlled Affiliate of a Sanctioned Entity.,DEBARRED,,2026-09-23T05:00:01.779Z
1092563,CNTIC ARGENTINA BRANCH,Argentina,BUENOS AIRES,,2026-05-26,2027-11-25,Controlled Affiliate of a Sanctioned Entity.,DEBARRED,,2026-09-23T05:00:01.779Z
1092564,CNTIC PAKISTAN OFFICE,Pakistan,LAHORE,,2026-05-26,2027-11-25,Controlled Affiliate of a Sanctioned Entity.,DEBARRED,,2026-09-23T05:00:01.779Z
1092565,CHINA NATIONAL TECHNICAL IMPORT & EXPORT CORPORATION OGRANAK BEOGRAD,Serbia,BELGRADE,"MILUTINA MILANKOVICA LJ, BEOGRAD-NEW",2026-05-26,2027-11-25,Controlled Affiliate of a Sanctioned Entity.,DEBARRED,,2026-09-23T05:00:01.779Z
1092581,V POWER LANKA (PRIVATE) LIMITED,Sri Lanka,,,2026-05-26,2027-11-25,Controlled Affiliate of a Sanctioned Entity.,DEBARRED,,2026-09-23T05:00:01.779Z
1092582,WEALTHY PINE LIMITED,"Virgin Islands, British",,,2026-05-26,2027-11-25,Controlled Affiliate of a Sanctioned Entity.,DEBARRED,,2026-09-23T05:00:01.779Z
1112459,NTC,Niger,NIAMEY,175 AVENUE DU NIGER,2026-08-04,2029-07-03,Controlled Affiliate of a Sanctioned Entity.,DEBARRED,,2026-09-23T05:00:01.779Z
1044555,PROLECTRIC ENERJI ÜRETIM A.S.,Turkiye,ISTANBUL,HUZUR MAH. AHMET BAYMAN CAD. NO:2A SARIYER,2025-12-10,2026-12-09,Controlled Affiliate of a Sanctioned Entity.,DEBARRED,,2026-09-23T05:00:01.779Z
1044567,KMT INTERNATIONAL PROJECTS DMCC,United Arab Emirates,DUBAI,"UNIT 1144 DMCC BUSINESS CENTRE, LEVEL 1, JEWELLERY & GEMPLEX 3",2025-12-10,2026-12-09,Controlled Affiliate of a Sanctioned Entity.,DEBARRED,,2026-09-23T05:00:01.779Z
1046750,MR. PHONGSOUK WONGZI,Lao People's Democratic Republic,VIENTIANE CAPITAL,"VATNAK VILLAGE, SISATTANAK DISTRICT",2026-06-03,2028-12-02,Fraudulent Practice,DEBARRED,,2026-09-23T05:00:01.779Z
1044568,KONTROLMATIK CAMEROUN SARL,Cameroon,YAOUNDE,"IMMEUBLE SIS A, B.P. 11071 RUE 1803, BASTOS",2025-12-10,2026-12-09,Controlled Affiliate of a Sanctioned Entity.,DEBARRED,,2026-09-23T05:00:01.779Z
1044561,BISERWIS ULASIM VE MOBIL TEKNOLOJILERI A.S.,Turkiye,ISTANBUL,ORUÇREIS MAH. TEKSTILKENT CAD. A BLOK NO:12B/154TEKSTILKENT SITESI A19 BLOK NO: 10/110 ESENLER,2025-12-10,2026-12-09,Controlled Affiliate of a Sanctioned Entity.,DEBARRED,,2026-09-23T05:00:01.779Z
1044551,PLAN S UYDU VE UZAY TEKNOLOJILERI A.S.,Turkiye,ANKARA,ÜNIVERSITELER MAH. 1596. CAD. NO:8/1 ÇANKAYA,2025-12-10,2026-12-09,Controlled Affiliate of a Sanctioned Entity.,DEBARRED,,2026-09-23T05:00:01.779Z
1044562,KONTROLMATIK TECHNOLOGIES INC.,United States,MC LEAN,8260 GREENSBORO DR,2025-12-10,2026-12-09,Controlled Affiliate of a Sanctioned Entity.,DEBARRED,,2026-09-23T05:00:01.779Z
1044563,POMEGA ENERGY STORAGE TECHNOLOGIES INC.,United States,MC LEAN,8260 GREENSBORO DR,2025-12-10,2026-12-09,Controlled Affiliate of a Sanctioned Entity.,DEBARRED,,2026-09-23T05:00:01.779Z
1044565,NENNKRAFT ENERGIE GMBH,Germany,"DORTMUND, NORDRHEIN-WESTFALEN","MARSBRUCHSTRABE 133, 44287",2025-12-10,2026-12-09,Controlled Affiliate of a Sanctioned Entity.,DEBARRED,,2026-09-23T05:00:01.779Z
1044539,PROGRESIVA ENERJI YATIRIMLARI TICARET A.S.,Turkiye,ANKARA,PROF. DR. AHMET TANER KISLALI MAH. BEYLER CAD. NO:19 ÇANKAYA,2025-12-10,2026-12-09,Controlled Affiliate of a Sanctioned Entity.,DEBARRED,,2026-09-23T05:00:01.779Z
1044540,POMEGA ENERJI DEPOLAMA TEKNOLOJILERI A.S.,Turkiye,ANKARA,ÇEKIRDEKSIZ OSB MAH. 203. CAD. NO:15 POLATLI,2025-12-10,2026-12-09,Controlled Affiliate of a Sanctioned Entity.,DEBARRED,,2026-09-23T05:00:01.779Z
1044538,KONTROLMATIK TEKNOLOJI ENERJI VE MÜHENDISLIK A.S.,Turkiye,ISTANBUL,HUZUR MAH. AHMET BAYMAN CAD. NO: 2 SARIYER 34485,2025-12-10,2026-12-09,Fraudulent and Obstructive Practices,DEBARRED,,2026-09-23T05:00:01.779Z
1044553,MCFLY ROBOT TEKNOLOJILERI A.S.,Turkiye,ISTANBUL,HUZUR MAH. AHMET BAYMAN CAD. NO:2A SARIYER,2025-12-10,2026-12-09,Controlled Affiliate of a Sanctioned Entity.,DEBARRED,,2026-09-23T05:00:01.779Z
1044554,NEXTOPIA ENERJI ÜRETIM A.S.,Turkiye,ISTANBUL,HUZUR MAH. AHMET BAYMAN CAD. NO:2A SARIYER,2025-12-10,2026-12-09,Controlled Affiliate of a Sanctioned Entity.,DEBARRED,,2026-09-23T05:00:01.779Z
1062285,METAFLOW INC.,Canada,"OTTAWA, ONTARIO, K1Z 8P8",201-290 PICTON AVENUE,2014-03-31,2999-12-31,Controlled Affiliate of a Sanctioned Entity,DEBARRED,Ongoing,2026-09-23T05:00:01.779Z
1058517,"TAIHAN OCEAN WORKS CO., LTD.","Korea, Republic of",BUSAN,"RM 304, 21, CENTUM6-RO, HAEUNDAE-GU",2025-09-05,2026-10-01,Controlled Affiliate of a Sanctioned Entity,DEBARRED,,2026-09-23T05:00:01.779Z
1044558,ÜÇ YILDIZ MADENCILIK ITHALAT IHRACAT SANAYI VE TICARET A.S.,Turkiye,KUTAHYA,GÖYNÜK KÖYÜ ANTIMUAN MAD. OCAGI (ÜÇYILDIZ) APT. NO:75 GEDIZ,2025-12-10,2026-12-09,Controlled Affiliate of a Sanctioned Entity.,DEBARRED,,2026-09-23T05:00:01.779Z
1044570,KONTROLMATIK BULGARIA EOOD,Bulgaria,SOFIA,"1303 VAZRAZHDANE REGION, 101 ODRIN STR.",2025-12-10,2026-12-09,Controlled Affiliate of a Sanctioned Entity.,DEBARRED,,2026-09-23T05:00:01.779Z
1062319,CONSULTORIA TÉCNICA CIA. LTDA. CONTEC,Ecuador,GUAYAQUIL,"SEMANES 7 MZ 2243, VILLA 14",2026-02-17,2027-05-16,Fraudulent Practices,DEBARRED,,2026-09-23T05:00:01.779Z
1044552,ENWAIR ENERJI TEKNOLOJILERI A.S.,Turkiye,ISTANBUL,HUZUR MAH. AHMET BAYMAN CAD. NO:2/4 SARIYER,2025-12-10,2026-12-09,Controlled Affiliate of a Sanctioned Entity.,DEBARRED,,2026-09-23T05:00:01.779Z
798006,"XINJIANG COMMUNICATION CONSTRUCTION MUNICIPAL ENGINEERING CO., LTD.",China,XINJIANG,"NO. 688, RONGHE SOUTH ROAD, URUMQI ECONOMIC & TECHNOLOGICAL DEVELOPMENT ZONE",2024-01-30,2999-12-31,Controlled Affiliate of a Sanctioned Entity,DEBARRED,Ongoing,2026-09-23T05:00:01.779Z
797982,"HAINAN HENGXIN JUYUAN INTERNATIONAL TRADE CO., LTD.",China,HAINAN,"C 2601, TOWER C (EAST TOWER), GUORUI MANSION, GUOXING AVENUE NO. 11, LANTIAN STREET, MEILAN DISTRICT, HAIKOU",2024-01-30,2999-12-31,Controlled Affiliate of a Sanctioned Entity,DEBARRED,Ongoing,2026-09-23T05:00:01.779Z
798009,"XINJIANG COMMUNICATION CONSTRUCTION TRANSPORTATION ENGINEERING TECHNOLOGY CO., L",China,XINJIANG,"NO. 427, MINGCHEN STREET, WANGJIAGOU, TOUTUNHE, URUMQI",2024-01-30,2999-12-31,Controlled Affiliate of a Sanctioned Entity,DEBARRED,Ongoing,2026-09-23T05:00:01.779Z
798032,"XINJIANG JIAOTONG AIRPORT LOGISTICS TECHNOLOGY CO., LTD.",China,XINJIANG,"NO. 318 BUSINESS CENTER, JUNQI ENGINEERING MACHINERY TRADE MARKET, NO. 715 XIANGYU EAST STREET, TOUTUNHE DISTRICT, URUMQI",2024-01-30,2999-12-31,Controlled Affiliate of a Sanctioned Entity,DEBARRED,Ongoing,2026-09-23T05:00:01.779Z
798050,"XINJIANG XINJIAO CONSTRUCTION HONG'A HIGHWAY PROJECT MANAGEMENT CO., LTD.",China,XINJIANG,"2-202, NO. 39 NANYUAN UNIT, QIAXIU ROAD, ALTAY",2024-01-30,2999-12-31,Controlled Affiliate of a Sanctioned Entity,DEBARRED,Ongoing,2026-09-23T05:00:01.779Z
798056,"XINJIANG XINJIAO CONSTRUCTION NATIONAL DEFENSE HIGHWAY PROJECT MANAGEMENT CO., L",China,XINJIANG,"AGRICULTURAL AND NONSTAPLE PRODUCTS LOGISTICS PARK, TUERHUTE ROAD, BOLE, BORTALA",2024-01-30,2999-12-31,Controlled Affiliate of a Sanctioned Entity,DEBARRED,Ongoing,2026-09-23T05:00:01.779Z
798057,"XINJIANG XINJIAO JIANCEBU HIGHWAY PROJECT MANAGEMENT CO., LTD.",China,XINJIANG,"NO.2, TIANMUSHAN ROAD, BEIJING HOTIAN INDUSTRIAL PARK, HOTAN",2024-01-30,2999-12-31,Controlled Affiliate of a Sanctioned Entity,DEBARRED,Ongoing,2026-09-23T05:00:01.779Z
798060,"ZHUZHOU SGCC URBAN INVESTMENT CONSTRUCTION CO., LTD.",China,HUNAN,"801-9, FLOOR 8, LUXIANG MANSION, JINKOU EAST ROAD, LUKOU DISTRICT, ZHUZHOU",2024-01-30,2999-12-31,Controlled Affiliate of a Sanctioned Entity,DEBARRED,Ongoing,2026-09-23T05:00:01.779Z
797989,"XCCG TRAFFIC ENGINEERING TECHNOLOGY CO., LTD.",China,XINJIANG,"NO. 427 MINGCHEN STREET, WANGJIAGOU, TOUTUNHE DISTRICT, URUMQI",2024-01-30,2999-12-31,Controlled Affiliate of a Sanctioned Entity,DEBARRED,Ongoing,2026-09-23T05:00:01.779Z
797999,XINJIANG COMMUNICATIONS CONSTRUCTION GROUP SHAWAN WATER CONSERVANCY ENGINEERING,China,XINJIANG,"NO. 41, URUMQI WEST ROAD, SHAWAN COUNTY, TACHENG DISTRICT, URUMQI",2024-01-30,2999-12-31,Controlled Affiliate of a Sanctioned Entity,DEBARRED,Ongoing,2026-09-23T05:00:01.779Z
797981,"XINJIANG COMMUNICATIONS CONSTRUCTION GROUP CO., LTD.",China,XINJIANG,"NO. 229, SONGSHAN ROAD, URUMQI ECONOMIC AND TECHNOLOGICAL DEVELOPMENT ZONE (TOUTUNHE DISTRICT)",2024-01-30,2999-12-31,Fraudulent Practice,DEBARRED,Ongoing,2026-09-23T05:00:01.779Z
797984,"JINGXING XINJIAO CONSTRUCTION PROJECT MANAGEMENT CO., LTD.",China,HEBEI,"FLOOR 6, NORTH TOWER, JINGXING ECONOMIC DEVELOPMENT ZONE, SHIJIAZHUANG",2024-01-30,2999-12-31,Controlled Affiliate of a Sanctioned Entity,DEBARRED,Ongoing,2026-09-23T05:00:01.779Z
797985,"TAI PO SGCC ROAD ANTONG PROJECT MANAGEMENT CO., LTD.",China,GUANGDONG,"BAIHOU MOUNTAIN VILLA, BAIHOU TOWN, DAPU COUNTY, MEIZHOU",2024-01-30,2999-12-31,Controlled Affiliate of a Sanctioned Entity,DEBARRED,Ongoing,2026-09-23T05:00:01.779Z
797986,"XCCG HIGHWAY PLANNING SURVEY AND DESIGN CO., LTD.",China,XINJIANG,"ROOM 1405, BUILDING 1, URUMQI HI-TECH INDUSTRY DEVELOPMENT ZONE INNOVATION SERVICE CENTER, NO. 682 TIANJIN SOUTH ROAD, XINSHI, URUMQI",2024-01-30,2999-12-31,Controlled Affiliate of a Sanctioned Entity,DEBARRED,Ongoing,2026-09-23T05:00:01.779Z
797987,"XCCG LUYOU ROAD MATERIAL TECHNOLOGY CO., LTD.",China,XINJIANG,"ROOM 501, NO. 21 XIAMEN ROAD, URUMQI ECONOMIC & TECHNOLOGICAL DEVELOPMENT ZONE, URUMQI",2024-01-30,2999-12-31,Controlled Affiliate of a Sanctioned Entity,DEBARRED,Ongoing,2026-09-23T05:00:01.779Z
797988,"XCCG TONGDA NEW MATERIAL CO., LTD.",China,XINJIANG,"ROOM 101, FLOOR 1, BUILDING 2, NO. 688 RONGHE SOUTH ROAD, URUMQI ECONOMIC & TECHNOLOGICAL DEVELOPMENT ZONE, URUMQI",2024-01-30,2999-12-31,Controlled Affiliate of a Sanctioned Entity,DEBARRED,Ongoing,2026-09-23T05:00:01.779Z
898048,"UNION STRONG GROUP, INC.",Liberia,MONROVIA,"UNION STRONG BUILDING, 500 BENSON STREET",2024-09-22,2027-06-21,Corrupt Practices,DEBARRED,,2026-09-23T05:00:01.779Z
917606,"YUNNAN ANRY MACHINERY EQUIPMENT TECHNOLOGY DEVELOPMENT CO., LTD.",China,"KUNMING CITY, YUNNAN",NO. 68 DAXI ROAD,2025-04-22,2028-04-21,Collusive and Obstructive Practices,DEBARRED,,2026-09-23T05:00:01.779Z
891450,CNN CAUCASIA LLC,Georgia,POTI,"POTI FREE INDUSTRIAL ZONE, PLOT NO 545 CODE 04, SECTOR 1, POTI, CODE 01, AREA NO 01",2024-12-10,2026-12-09,Fraudulent Practices,DEBARRED,,2026-09-23T05:00:01.779Z
898564,ZYTRON SYSTEMS,India,"KOLKATA, 700091","UNIT #908, GODREJ GENESIS, BLOCK EP & GP, SECTOR V, SALT LAKE",2024-09-24,2999-12-31,Collusive Practice,DEBARRED,Ongoing,2026-09-23T05:00:01.779Z
898562,VENUS SOFTWARES,India,"KOLKATA, 700091","UNIT #908, GODREJ GENESIS, BLOCK EP & GP, SECTOR V, SALT LAKE",2024-09-24,2999-12-31,Collusive Practice,DEBARRED,Ongoing,2026-09-23T05:00:01.779Z
845602,VELVETSKY NINE LTD.,South Africa,GAUTENG,"STEEL ROAD, PEACEHAVEN, VEREENIGING, 1939",2024-04-02,2026-10-01,Controlled Affiliate of a Sanctioned Entity,DEBARRED,,2026-09-23T05:00:01.779Z
845593,"TAIHAN ELECTRIC WIRE CO., LTD.","Korea, Republic of","DONGAN-GU, ANYANG-SI, 14055, GYEONGGI-DO","TAIHAN SMART TOWER, 317 SIMIN-DAERO",2024-04-02,2026-10-01,"Collusive, Fraudulent, and Obstructive Practices",DEBARRED,,2026-09-23T05:00:01.779Z
845616,T.E. AUSTRALIA,Australia,CHATSWOOD NSW 2067,"SUITE 704, 815 PACIFIC HIGHWAY",2024-04-02,2026-10-01,Controlled Affiliate of a Sanctioned Entity,DEBARRED,,2026-09-23T05:00:01.779Z
843727,MR. MALIK NASIR HUSSAIN TANOLI,Pakistan,"KARACHI, NEAR BAB E KHYBER","HOUSE NO 38 E-MARKET COMMERCIAL AREA BLOCK-6, P.E.C.H.S",2024-03-26,2027-10-20,Fraudulent Practices,DEBARRED,,2026-09-23T05:00:01.779Z
891486,NETWORKS EUROPE LP,United Kingdom,SCOTLAND,"SUITE 1, 78 MONTGOMERY STREET, EDINBURGH EH7 5JA",2025-03-06,2027-03-05,Fraudulent Practice,DEBARRED,,2026-09-23T05:00:01.779Z
889892,GES PLAN SH.P.K.,Kosovo,FUSHË KOSOVË,APOLLONIA A20 KATI PERDHESE P.N.,2024-12-03,2026-12-02,Fraudulent Practice,DEBARRED,,2026-09-23T05:00:01.779Z
883518,BEXIMCO COMPUTERS LIMITED,Bangladesh,"DHAKA, 1208","BEXIMCO MEDIA COMPLEX, 8TH FLOOR, 149-150 TEJGAON I/A",2026-06-23,2027-04-22,Collusive Practice,DEBARRED,,2026-09-23T05:00:01.779Z
898563,VENUS IT SOLUTIONS PRIVATE LIMITED,India,"KOLKATA, 700091","UNIT #908, 9TH FLOOR, BLOCK EP & GP, SECTOR V, SALT LAKE",2024-09-24,2999-12-31,Collusive Practice,DEBARRED,Ongoing,2026-09-23T05:00:01.779Z
870861,FUTURE NETWINGS SOLUTIONS PVT LTD,Singapore,658065,"21 BUKIT BATOK CRESCENT, #10-71 WCEGA TOWER",2024-06-20,2999-12-31,Controlled Affiliate of a Sanctioned Entity,DEBARRED,Ongoing,2026-09-23T05:00:01.779Z
874790,PT EWACO BUMI MAMIRI,Indonesia,PROVINSI JAWA TENGAH,"JL. RAYA KEDUNGMUNDU RT 002 RW 001 KEL. SAMBIROTO, KEC. TEMBALANG, SEMARANG",2024-07-09,2029-12-08,Controlled Affiliate of a Sanctioned Entity,DEBARRED,,2026-09-23T05:00:01.779Z
877157,NISHAN ENGINEERS (PVT) LIMITED,Pakistan,"LAHORE, 54500","NISHAN HOUSE 76-K, IZMIR HOUSING SOCIETY, MULTAN ROAD",2024-10-30,2028-02-28,Fraudulent Practices,DEBARRED,,2026-09-23T05:00:01.779Z
877160,MR. MUHAMMAD ALI,United Kingdom,"MOTHERWELL, SCOTLAND ML1 5FS",103 CYPRESS ROAD,2024-10-30,2028-02-28,Fraudulent Practices,DEBARRED,,2026-09-23T05:00:01.779Z
872073,ERNST & YOUNG LLP,Kenya,NAIROBI,"KENYA RE TOWERS, OFF RAGATI ROAD, UPPER HILL, P.O. BOX 44286-00100",2024-06-25,2026-12-24,Fraudulent and Corrupt Practices,DEBARRED,,2026-09-23T05:00:01.779Z
874223,NISHAN ENGINEERS UK LTD.,United Kingdom,"MOTHERWELL, SCOTLAND ML1 5FS",103 CYPRESS ROAD,2024-10-30,2028-02-28,Controlled Affiliate of a Sanctioned Individual,DEBARRED,,2026-09-23T05:00:01.779Z
874224,NISHAN TRADING UK LTD.,United Kingdom,"GLASGOW,SCOTLAND, G5 8LB",41 MORRISON STREET,2024-10-30,2028-02-28,Controlled Affiliate of a Sanctioned Individual,DEBARRED,,2026-09-23T05:00:01.779Z
870862,FUTURE NETWINGS SOLUTIONS LLC.,United States,RICHARDSON,1900 JAY ELL DRIVE RICHARDSON,2024-06-20,2999-12-31,Controlled Affiliate of a Sanctioned Entity,DEBARRED,Ongoing,2026-09-23T05:00:01.779Z
874222,INTERNATIONAL REAL ESTATE CONSULTING AND INVESTMENT JOINT STOCK COMPANY,Viet Nam,HANOI,"NO. 5, DINH CLUSTER, AN TRAI VILLAGE, VAN CAN COMMUNE, HOAI DUC DISTRICT",2024-07-08,2999-12-31,"Para. 1.22(a)(ii), May 2010 Consultant Guidelines",DEBARRED,Ongoing,2026-09-23T05:00:01.779Z
874221,EVSIS AMERICA LLC,United States,LONG BEACH,"100 WEST BROADWAY, OFFICE #04-111",2024-07-08,2999-12-31,Controlled Affiliate of a Sanctioned Entity.,DEBARRED,Ongoing,2026-09-23T05:00:01.779Z
870855,FUTURE NETWINGS SOLUTIONS PRIVATE LIMITED,India,WEST BENGAL 700 102,"SYNERGY BUILDING, 5TH FLOOR, RAJARHAT P.O., THAKDARI ROAD, RAJARHAT, KOLKATA",2024-06-20,2999-12-31,Collusive Practices,DEBARRED,Ongoing,2026-09-23T05:00:01.779Z
857016,MARSEILLE FOR ENGINEERING & TRADING S.A.L. OFFSHORE,Jordan,AMMAN 11821,"OFFICE 605, BUILDING 53, ABDULLAH GHOSHEH STREET 3170",2024-05-07,2026-11-06,Corrupt Practice,DEBARRED,,2026-09-23T05:00:01.779Z
874782,PT. LPPSLH KONSULTAN,Indonesia,PROVINSI JAWA TENGAH,"JL. NGESREP BARAT III, NO. 30 G, KEL. SRONDOL KULON, KEC. BANYUMANIK, KOTA SEMARANG",2024-07-09,2029-12-08,"Fraudulent, Corrupt, and Obstructive Practices",DEBARRED,,2026-09-23T05:00:01.779Z
856975,MARSEILLE FOR ENGINEERING & TRADING S.A.L. OFFSHORE,Lebanon,BEIRUT,"BADARO STREET, YOUNES BUILDING, FIRST FLOOR",2024-05-07,2026-11-06,Corrupt Practice,DEBARRED,,2026-09-23T05:00:01.779Z
865784,COMSIS INFORMATION TECHNOLOGY SOLUTIONS SERVICES,Afghanistan,KABUL,"3RD STREET, TAIMANI",2024-09-19,2999-12-31,Fraudulent Practices,DEBARRED,Ongoing,2026-09-23T05:00:01.779Z
857017,AL ULA ENGINEERING BUREAU,Iraq,BAGHDAD,"HOUSE NO. 33, NO. 607 STREET NO. 3",2024-05-07,2026-11-06,Controlled Affiliate of a Sanctioned Entity,DEBARRED,,2026-09-23T05:00:01.779Z
851751,BAXODIR LOG’ON TEKSIL,Uzbekistan,FERGANA REGION,"FERGANA DISTRICT, LOGAN QFY, KALACHA STREET, 69",2019-07-08,2999-12-31,Controlled Affiliate of a Sanctioned Individual,DEBARRED,Ongoing,2026-09-23T05:00:01.779Z
851772,"ROYAL THAI GROUP CO., LTD.",Thailand,CHONBURI PROVINCE,"NO. 119/57 VILLAGE NO. 11, HUAI YAI SUBDISTRICT, BANG LAMUNG DISTRICT,",2019-07-08,2999-12-31,Controlled Affiliate of a Sanctioned Individual,DEBARRED,Ongoing,2026-09-23T05:00:01.779Z
851775,YOZYOVAN AGRO LYUKS,Uzbekistan,FERGANA REGION,"YOZYOVON DISTRICT, VILLAGE CITIZENS' ASSEMBLIES OF YOZYOVON",2019-07-08,2999-12-31,Controlled Affiliate of a Sanctioned Individual,DEBARRED,Ongoing,2026-09-23T05:00:01.779Z
843729,COMMUNITY RESILIENCE INITIATIVE,Pakistan,4400 ISLAMABAD,"OFFICE NO. 7, BLOCK NO. 19, PHA, G-7/1",2024-03-26,2027-10-20,Fraudulent Practice,DEBARRED,,2026-09-23T05:00:01.779Z
851773,ROYAL THAY BRANCH,Uzbekistan,FERGANA REGION,"FERGANA DISTRICT, INDEPENDENCE STREET, 312",2019-07-08,2999-12-31,Controlled Affiliate of a Sanctioned Individual,DEBARRED,Ongoing,2026-09-23T05:00:01.779Z
848019,COMPUTECH BUSINESS SERVICES LIMITED,Malawi,BLANTYRE,"COMPUTECH HOUSE, PLOT #271, CHIKWAWA ROAD, P.O. BOX 2006",2024-04-09,2027-04-08,Fraudulent Practice,DEBARRED,,2026-09-23T05:00:01.779Z
851765,"ROYAL GARDEN HOME CO., LTD.",Thailand,CHONBURI PROVINCE,"NO. 119/57 VILLAGE NO. 11, HUAI YAI SUBDISTRICT, BANG LAMUNG DISTRICT",2019-07-08,2999-12-31,Controlled Affiliate of a Sanctioned Individual,DEBARRED,Ongoing,2026-09-23T05:00:01.779Z
851771,"ROYAL THAI CONSTRUCTION CO., LTD.",Thailand,CHONBURI PROVINCE,"NO. 119/157 VILLAGE NO. 11, HUAI YAI SUBDISTRICT, BANG LAMUNG DISTRICT,",2019-07-08,2999-12-31,Controlled Affiliate of a Sanctioned Individual,DEBARRED,Ongoing,2026-09-23T05:00:01.779Z
842646,MR. ORLANDO FAJARDO CASTILLO,Colombia,BOGOTA D.C.,"C/O CONSTRUCCIONES DEL SIGLO 21 S.A.S., CALLE 109 19 36 P 4",2024-06-25,2026-10-24,Fraudulent Practice,DEBARRED,,2026-09-23T05:00:01.779Z
845604,TAIHAN NETHERLANDS B.V.,Netherlands,,STROOMBAAN 4 1181 VX AMSTELVEEN,2024-04-02,2026-10-01,Controlled Affiliate of a Sanctioned Entity,DEBARRED,,2026-09-23T05:00:01.779Z
845617,T.E. NEW ZEALAND,New Zealand,"AUCKLAND, 2013","UNIT 7, 325 TI RAKAU DRIVE, BURSWOOD",2024-04-02,2026-10-01,Controlled Affiliate of a Sanctioned Entity,DEBARRED,,2026-09-23T05:00:01.779Z
845594,"MALESELA T.E.C, LTD.",South Africa,GAUTENG,"1 STEEL RD, PEACEHAVEN, VEREENIGING, 1939",2024-04-02,2026-10-01,Controlled Affiliate of a Sanctioned Entity,DEBARRED,,2026-09-23T05:00:01.779Z
845618,TAIHAN CNS,"Korea, Republic of",GYEONGGI-DO,"TAIHAN SMART TOWER, 317 SIMIN-DAERO, DONGAN-GU, ANYANG-SI, 14055",2024-04-02,2026-10-01,Controlled Affiliate of a Sanctioned Entity,DEBARRED,,2026-09-23T05:00:01.779Z
845595,"TCV CO., LTD.",Viet Nam,DONG NAI PROVINCE,"ROAD NO. 8, LONG THANH INDUTRIAL PARK, TAM AN COMMUNE LONG, THANH DISTRICT",2024-04-02,2026-10-01,Controlled Affiliate of a Sanctioned Entity,DEBARRED,,2026-09-23T05:00:01.779Z
851761,FERGANA OSEANA MCHJ,Uzbekistan,FERGANA REGION,"FERGANA DISTRICT, LOGAN QFY, KALACHA STREET, 69",2019-07-08,2999-12-31,Controlled Affiliate of a Sanctioned Individual,DEBARRED,Ongoing,2026-09-23T05:00:01.779Z
845601,"T.E. USA, LTD.",United States,FLORAL PARK,99 TULIP AVE,2024-04-02,2026-10-01,Controlled Affiliate of a Sanctioned Entity,DEBARRED,,2026-09-23T05:00:01.779Z
843728,SOLUTIONS FOR DEVELOPMENT SUPPORT (PVT.) LTD.,Pakistan,"44000 ISLAMABAD, PAKISTAN","OFFICE NO. 7, BLOCK NO. 19, PHA, G-7/1",2024-03-26,2027-10-20,Fraudulent Practice,DEBARRED,,2026-09-23T05:00:01.779Z
842624,CONSTRUCCIONES DEL SIGLO 21 S.A.S.,Colombia,BOGOTA D.C.,CALLE 109 19 36 P 4,2024-06-25,2027-09-24,Collusive and Fraudulent Practices,DEBARRED,,2026-09-23T05:00:01.779Z
845603,"SAUDI-TAIHAN CO., LTD.",Saudi Arabia,AR RIYADH,"AL-KHARJ ROAD, EXIT 12",2024-04-02,2026-10-01,Controlled Affiliate of a Sanctioned Entity,DEBARRED,,2026-09-23T05:00:01.779Z
845605,TAIHAN KUWAIT FIBER OPTIC CABLE CO.,Kuwait,AL AHMADI GOVERNORATE,"UNIT 21176, MINA ABDULLAH INDUSTRIAL AREA 21",2024-04-02,2026-10-01,Controlled Affiliate of a Sanctioned Entity,DEBARRED,,2026-09-23T05:00:01.779Z
847897,MR. BOUNLERT CHANTHASOUNTHONE,Lao People's Democratic Republic,VIENTIANE CAPITAL,"NONGPHAYA VILLAGE, XAYTHANY DISTRICT",2024-04-09,2027-11-08,Fraudulent Practices,DEBARRED,,2026-09-23T05:00:01.779Z
851763,FERGANA RASHONA GOLD,Uzbekistan,FERGANA REGION,"FERGANA DISTRICT, S. TEMUR STREET, 71",2019-07-08,2999-12-31,Controlled Affiliate of a Sanctioned Individual,DEBARRED,Ongoing,2026-09-23T05:00:01.779Z
848875,"LOTTE INNOVATE COMPANY, LIMITED","Korea, Republic of",SEOUL,"179, GASAN DIGITAL 2-RO, GEUMCHEON-GU",2022-12-02,2999-12-31,Obstructive Practice,DEBARRED,Ongoing,2026-09-23T05:00:01.779Z
848891,LOTTE INNOVATE AMERICA CO.,United States,WILMINGTON,1209 ORANGE ST.,2022-12-02,2999-12-31,Controlled Affiliate of a Sanctioned Entity.,DEBARRED,Ongoing,2026-09-23T05:00:01.779Z
988459,PARS TABLEAU AFGHANISTAN,Afghanistan,KABUL,"NO. 11, SARAK 2, GHALE FATHOLLAH, CENTRAL KABUL",2025-06-17,2030-09-16,Controlled Affiliate of a Sanctioned Entity.,DEBARRED,,2026-09-23T05:00:01.779Z
988517,DARCHEVILLE CONSTRUCTION EQUIPMENT SALES LTD.,St. Lucia,GRIS ISLET,"SAN SOUCI, CASTRIES ST. LUCIA. BONNE TERRE, P.O. BOX 1865",2025-06-17,2026-12-16,Fraudulent Practices,DEBARRED,,2026-09-23T05:00:01.779Z
988457,PARS TABLEAU MASHHAD COMPANY,"Iran, Islamic Republic of",MASHHAD 9185635157,"1 FELESTIN BLVD, FELESTIN 1 ST",2025-06-17,2030-09-16,Controlled Affiliate of a Sanctioned Entity.,DEBARRED,,2026-09-23T05:00:01.779Z
988516,RELIABLE MOTOR LTD.,St. Lucia,GRIS ISLET,"SAN SOUCI, CASTRIES ST. LUCIA. BONNE TERRE, P.O. BOX 1865",2025-06-17,2026-12-16,Controlled Affiliate of a Sanctioned Entity.,DEBARRED,,2026-09-23T05:00:01.779Z
1044572,FC LLC«KONTROLMATIK TECHNOLOGIES ORTA ASYA»,Uzbekistan,TASHKENT,"INTERNATIONAL BUSINESS CENTRE, 107-B AMIR TEMUR AVENUE,TASHKENT 6TH FLOOR OF BLOCK ""C"",",2025-12-10,2026-12-09,Controlled Affiliate of a Sanctioned Entity.,DEBARRED,,2026-09-23T05:00:01.779Z
988445,PARS TABLEAU COMPANY,"Iran, Islamic Republic of",TEHRAN 1576635511,"16 NAGHDI STREET, NORTH MOFATEH",2025-06-17,2030-09-16,Fraudulent Practices,DEBARRED,,2026-09-23T05:00:01.779Z
992930,GENKEY SOLUTIONS B.V.,Netherlands,THE HAGUE,"LAAN 20, 2512 GN",2025-07-07,2027-01-06,Fraudulent Practice,DEBARRED,,2026-09-23T05:00:01.779Z
987578,BULACE INVESTMENTS LIMITED,Cyprus,LIMASSOL,"115 GRIVA DIGENI AVENUE, TRIDENT CENTRE CY-3101",2025-06-13,2026-10-01,Controlled Affiliate of a Sanctioned Entity,DEBARRED,,2026-09-23T05:00:01.779Z
991484,MIEN TRUNG JOINT STOCK CORPORATION,Viet Nam,"THANH HOA CITY,THANH HOA PROVINCE","137 LY NAM DE ROAD, DONG HUONG WARD",2025-10-01,2026-09-30,Obstructive Practice,DEBARRED,,2026-09-23T05:00:01.779Z
991674,TAIHAN CANADA LTD.,Canada,VANCOUVER BC V7X 1S8,1000-595 BURRARD STREET,2025-06-27,2026-10-01,Controlled Affiliate of a Sanctioned Entity,DEBARRED,,2026-09-23T05:00:01.779Z
988770,SRS DESIGN & FASHION LTD.,Bangladesh,DHAKA - 1347,"RAJFULBARIA, FULBARIA, SAVAR",2025-12-05,2031-08-04,Fraudulent and Obstructive Practices,DEBARRED,,2026-09-23T05:00:01.779Z
987577,TAIHAN ENGINEERING & CONSTRUCTION PTE. LTD.,Singapore,(368242),601 MACPHERSON ROAD #05-08,2025-06-13,2026-10-01,Controlled Affiliate of a Sanctioned Entity,DEBARRED,,2026-09-23T05:00:01.779Z
988458,ZIRASAS COMPANY,"Iran, Islamic Republic of",TEHRAN 1576635511,"16 NAGHDI ST., NORTH MOFATEH",2025-06-17,2030-09-16,Controlled Affiliate of a Sanctioned Entity.,DEBARRED,,2026-09-23T05:00:01.779Z
981874,L.S.D. CONSTRUCTION & SUPPLIES,Philippines,"TARLAC CITY, 2300 TARLAC",MACARTHUR HWY.,2025-05-27,2029-11-26,"Collusive, Fraudulent, and Corrupt Practices",DEBARRED,,2026-09-23T05:00:01.779Z
1092609,ROBUST TEAM VENTURES LIMITED,"Virgin Islands, British",,,2026-05-26,2027-11-25,Controlled Affiliate of a Sanctioned Entity.,DEBARRED,,2026-09-23T05:00:01.779Z
1092612,VPOWER OPERATION AND SERVICES LIMITED,"Hong Kong SAR, China",,,2026-05-26,2027-11-25,Controlled Affiliate of a Sanctioned Entity.,DEBARRED,,2026-09-23T05:00:01.779Z
1092614,VPOWER NEW ENERGY HOLDINGS LIMITED,"Hong Kong SAR, China",,,2026-05-26,2027-11-25,Controlled Affiliate of a Sanctioned Entity.,DEBARRED,,2026-09-23T05:00:01.779Z
1092619,CV MYANMAR KY3 LIMITED,"Hong Kong SAR, China",,,2026-05-26,2027-11-25,Controlled Affiliate of a Sanctioned Entity.,DEBARRED,,2026-09-23T05:00:01.779Z
1092620,CNTIC VPOWER LNG LOGISTICS HOLDINGS LIMITED,"Hong Kong SAR, China",,,2026-05-26,2027-11-25,Controlled Affiliate of a Sanctioned Entity.,DEBARRED,,2026-09-23T05:00:01.779Z
1071234,PRICEWATERHOUSECOOPERS ASSOCIATES AFRICA LTD.,Mauritius,MOKA,"PWC CENTRE, AVENUE DE TELFAIR, TELFAIR 80829",2026-03-17,2027-12-16,Collusive and Fraudulent Practices,DEBARRED,,2026-09-23T05:00:01.779Z
1092626,CNTIC VPOWER YG2 LIMITED,Myanmar,,,2026-05-26,2027-11-25,Controlled Affiliate of a Sanctioned Entity.,DEBARRED,,2026-09-23T05:00:01.779Z
1077667,THANH HOA JOINT STOCK CONSTRUCTION COMPANY NO. 3,Viet Nam,"THANH HOA CITY, THANH HOA PROVINCE","01 A/63 LE LOI ROAD, DONG HUONG WARD",2026-07-14,2027-07-13,Obstructive Practice,DEBARRED,,2026-09-23T05:00:01.779Z
1066442,1520 SIGNAL LTD.,Russian Federation,MOSCOW,"LETCHIKA BABUSHKINA STR., ESTATE 1, BLD.2, 129344",2026-06-18,2032-09-17,Collusive and Corrupt Practices,DEBARRED,,2026-09-23T05:00:01.779Z
1079119,MR. ROGER BOKANDENGA,"Congo, Democratic Republic of",KINSHASA,"NO. 5 AVENUE KITENDA, QUARTIER MENENGA, COMMUNE DE NGALIEMA",2026-04-14,2028-01-13,Corrupt Practice,DEBARRED,,2026-09-23T05:00:01.779Z
1076898,GIDROBETONSTROY LLC,Kyrgyz Republic,"OSH, 723506",3 RAZZAKOVA ST.,2026-08-11,2030-02-10,Fraudulent and Obstructive Practices,DEBARRED,,2026-09-23T05:00:01.779Z
1071241,PRICEWATERHOUSECOOPERS RWANDA LIMITED,Rwanda,KIGALI,"5TH FLOOR, BLUE STAR HOUSE, KACYIRU",2026-03-17,2027-12-16,Collusive Practices,DEBARRED,,2026-09-23T05:00:01.779Z
1071235,"PRICEWATERHOUSECOOPERS LIMITED, KENYA",Kenya,NAIROBI,"PWC TOWER, DELTA CORNER, WAIYAKI WAY/CHIROMO ROAD, WESTLANDS",2026-03-17,2027-12-16,Collusive Practices,DEBARRED,,2026-09-23T05:00:01.779Z
323030,M/S SHIMUL ENTERPRISE,Bangladesh,,"58 SULTAN AHMED ROAD, BASABATI, BAGERHA MOULOVIPARA, KHULNA 9000",2015-10-22,2999-12-31,Cross-Debarment: ADB,X-DEBARRED,Ongoing,2026-09-23T05:00:01.779Z
323029,MD. ASHFAQUR RAHMAN,Bangladesh,,"58 SULTAN AHMED ROAD, BASABATI, BAGERHA MOULOVIPARA, KHULNA 9000",2015-10-22,2999-12-31,Cross-Debarment:  ADB,X-DEBARRED,Ongoing,2026-09-23T05:00:01.779Z
184277,TONIH USMANA,Indonesia,JAKARTA SELATAN,"PPA CONSULTANTS, JL. TEBET TIMUR RAYA 56-57",2010-12-03,2999-12-31,Cross Debarment: ADB,X-DEBARRED,Ongoing,2026-09-23T05:00:01.779Z
325182,INPRECO INGENIERIA PREFABRICADOS Y CONSTRUCCION,Guatemala,QUETZALTENANGO,24 AVENIDA 2-61; ZONA 3,2016-02-12,2999-12-31,Cross-Debarment: IDB,X-DEBARRED,Ongoing,2026-09-23T05:00:01.779Z
325175,CARLOS ESTUARDO GARCIA BAUTISTA,Guatemala,QUETZALTENANGO,"DIAGONAL 12, 10-61; ZONA 1",2016-02-12,2999-12-31,Cross-debarment:  IDB,X-DEBARRED,Ongoing,2026-09-23T05:00:01.779Z
325184,PSI PROYECTOS Y SERVICIOS DE INFRAESTRUCTURA,Guatemala,QUETZALTENANGO,5A CALLE 2A AVENIDA 4-36; ZONA 10,2016-02-12,2999-12-31,Cross-Debarment:  IDB,X-DEBARRED,Ongoing,2026-09-23T05:00:01.779Z
329741,SEMIH SAGOCAK,Azerbaijan,BAKU,"APARTMENT NO. 6, HOUSE NO.325, DILARE ELIYEVA STREETM NESIMI DISTRICT 1010, OR ADDRESS EV:13 MENZIL:9, XATAI RAYONU S.,ORUCOC KUCESI,BAKI SEHERI 1010",2016-11-15,2999-12-31,Cross-Debarment: ADB,X-DEBARRED,Ongoing,2026-09-23T05:00:01.779Z
329740,AKIN PROJECT LLC,Azerbaijan,BAKU,"APARTMENT NO. 6, HOUSE NO.325, DILARE ELIYEVA STREETM NESIMI DISTRICT 1010, OR ADDRESS EV:13 MENZIL:9, XATAI RAYONU S.,ORUCOC KUCESI,BAKI SEHERI 1010",2016-11-15,2999-12-31,Cross-Debarment: ADB,X-DEBARRED,Ongoing,2026-09-23T05:00:01.779Z
325181,PICSA PROYECTOS DE INGENIERIA CIVIL Y SANITARIA,Guatemala,QUETZALTENANGO,"DIAGONAL 12, 10-61; ZONA 1",2016-02-12,2999-12-31,Cross-Debarment:  IDB,X-DEBARRED,Ongoing,2026-09-23T05:00:01.779Z
329248,SUNAULA KHIMTI PVT. CONSTRUCTION LTD.,Nepal,KATHMANDU,"ANAMNAGAR, KATHMANDU; SINAMANGAL, KATHMANDU; HOUSE NO. 15/105 THAMEI",2016-10-21,2999-12-31,Cross-Debarment: ADB,X-DEBARRED,Ongoing,2026-09-23T05:00:01.779Z
329249,DHARMA RAJ BHANDARI,Nepal,KATHMANDU,"ANAMNAGAR, KATHMANDU; SINAMANGAL, KATHMANDU; HOUSE NO. 15/105 THAMEI",2016-10-21,2999-12-31,Cross-Debarment:  ADB,X-DEBARRED,Ongoing,2026-09-23T05:00:01.779Z
307644,DONAEV MANAGEMENT CONSULTING (DMC - TAJIKISTAN),Tajikistan,DUSHANBE,"216/2 KHUVAYDUILOEVA STREET, APARTMENT 5; 734049",2020-03-13,2999-12-31,Cross Debarment: ADB,X-DEBARRED,Ongoing,2026-09-23T05:00:01.779Z
307643,DONAEV MANAGEMENT CONSULTING (DMC - TAJIKISTAN),Tajikistan,"DUSHANBE, 734000","3/1, TURSUNZADE STREET",2020-03-13,2999-12-31,Cross Debarment:  ADB,X-DEBARRED,Ongoing,2026-09-23T05:00:01.779Z
307322,M/S ZAKIR ENTERPRISE,Bangladesh,COMILLA,371-KA JOBAIDA MANSION JHAWTALA - 3500,2013-11-11,2999-12-31,Cross Debarment: ADB,X-DEBARRED,Ongoing,2026-09-23T05:00:01.779Z
194134,BAUFIRMA,Guatemala,GUATEMALA CITY (CUIDAD DE GUATEMALA),"10A AVENIDA 2-18, ZONA 15, COLONIA TUCUN UMAN,",2014-05-14,2027-05-15,Cross Debarment: IDB,X-DEBARRED,,2026-09-23T05:00:01.779Z
313633,MR. FAUSTO ALEJANDRO LOPEZ CIFUENTES,Guatemala,GUATEMALA CITY (CUIDAD DE GUATEMALA),"25A CALLE 18-70, ZONA 11, MINERVA SUR MUNICIPIO DE MIXCO, DPTO,",2014-07-17,2027-06-23,Cross Debarment:  IDB,X-DEBARRED,,2026-09-23T05:00:01.779Z
318535,MD. BODIUZZAMAN (MBZ),Bangladesh,"BOALIA, RAJSHAHI","TIKAPARA, GHORAMARA",2015-03-04,2999-12-31,Cross-Debarment: ADB,X-DEBARRED,Ongoing,2026-09-23T05:00:01.779Z
318561,"MD. BODIUZZAMAN, PROPRIETOR",Bangladesh,"BOALIA, RAJSHAHI","TIKAPARA, GHORAMARA",2015-03-04,2999-12-31,Cross-Debarment: ADB,X-DEBARRED,Ongoing,2026-09-23T05:00:01.779Z
190494,LY MONI ROTH,Cambodia,PHNOM PENH,"NO. 06, NATIONAL ROAD NO. 5 & ST. 1, SANGKET CHARNG CHAMRES II, KHAN RUSSEY KEO",2011-09-29,2999-12-31,Cross Debarment:  ADB,X-DEBARRED,Ongoing,2026-09-23T05:00:01.779Z
184282,MR. ANSHAR M. NOOR,Indonesia,JAKARTA SELATAN,"PPA CONSULTANTS, JL. TEBET TIMUR RAYA 56-57",2010-12-03,2999-12-31,Cross Debarment: ADB,X-DEBARRED,Ongoing,2026-09-23T05:00:01.779Z
184275,MR. G.I.P. GUNATHILAKE A.K.A. INDRALAL GUNATHILAKE,Sri Lanka,KIRIBATHGODA,"275/6 A, VITTO MAWATHA HOSPITAL ROAD",2011-01-03,2999-12-31,Cross Debarment: ADB,X-DEBARRED,Ongoing,2026-09-23T05:00:01.779Z
184278,MR. SATRIO BUDI HANDOKO (A.K.A. JOKO SESWANTO),Indonesia,JAKARTA SELATAN,"PPA CONSULTANTS, JL. TEBET TIMUR RAYA 56-57",2010-12-03,2999-12-31,Cross Debarment: ADB,X-DEBARRED,Ongoing,2026-09-23T05:00:01.779Z
184283,MR. NUGROHO SATRIO SEMEDI,Indonesia,JAKARTA SELATAN,"PPA CONSULTANTS, JL. TEBET TIMUR RAYA 56-57",2010-12-03,2999-12-31,Cross Debarment: ADB,X-DEBARRED,Ongoing,2026-09-23T05:00:01.779Z
184279,MR. DENI CASMADI,Indonesia,JAKARTA SELATAN,"PPA CONSULTANTS, JL. TEBET TIMUR RAYA 56-57",2010-12-03,2999-12-31,Cross Debarment: ADB,X-DEBARRED,Ongoing,2026-09-23T05:00:01.779Z
184280,MR. GUNAWAN PRAYITNO,Indonesia,JAKARTA SELATAN,"PPA CONSULTANTS, JL. TEBET TIMUR RAYA 56-57",2010-12-03,2999-12-31,Cross Debarment: ADB,X-DEBARRED,Ongoing,2026-09-23T05:00:01.779Z
184284,MR. RUDI SUBIYAKTO,Indonesia,JAKARTA SELATAN,"PPA CONSULTANTS, JL. TEBET TIMUR RAYA 56-57",2010-12-03,2999-12-31,Cross Debarment: ADB,X-DEBARRED,Ongoing,2026-09-23T05:00:01.779Z
184285,MR. MUHAMMAD FATAH HIDAYAT,Indonesia,JAKARTA SELATAN,"PPA CONSULTANTS, JL. TEBET TIMUR RAYA 56-57",2010-12-03,2999-12-31,Cross Debarment: ADB,X-DEBARRED,Ongoing,2026-09-23T05:00:01.779Z
190457,PT RIFA BESTARI,Indonesia,JAKARTA,"WISMA STACO, 6TH FLOOR, JALAN CASABLANCA KAV 18",2011-09-28,2999-12-31,Cross Debarment:  ADB,X-DEBARRED,Ongoing,2026-09-23T05:00:01.779Z
190459,NORMA KUMALAWATI,Indonesia,JAKARTA,"PRESIDENT DIRECTOR, PT RIFA BESTARI, WISMA STACO, 6TH FLOOR, JALAN CASABLANCA KAV 18",2011-09-28,2999-12-31,Cross Debarment:  ADB,X-DEBARRED,Ongoing,2026-09-23T05:00:01.779Z
188413,M. BABUL M. AKHTAR,Bangladesh,DINAJPUR,"SOTO PALASH BARI POST OFFICE, SOTO PALASH BARI, UPAZILA BIRGANJ DISTRICT",2011-06-30,2999-12-31,Cross Debarment: ADB,X-DEBARRED,Ongoing,2026-09-23T05:00:01.779Z
190493,SYANI PHIROM,Cambodia,PHNOM PENH,"NO. 06 NATIONAL ROAD NO. 5 & ST. 1, SANGKET CHARNG CHAMRES II, KHAN RUSSEY KEO",2011-09-29,2999-12-31,Cross Debarment:  ADB,X-DEBARRED,Ongoing,2026-09-23T05:00:01.779Z
184281,MR. ASRUL MASIR HARAHAP,Indonesia,JAKARTA SELATAN,"PPA CONSULTANTS, JL. TEBET TIMUR RAYA 56-57",2010-12-03,2999-12-31,Cross Debarment: ADB,X-DEBARRED,Ongoing,2026-09-23T05:00:01.779Z
302542,MR. HAO ZHIYONG,Uzbekistan,TASHKENT 100015 MIRABAD DISTRICT,"VIA DRUZHBA RESTAURANT, 12 AYBEK STREET",2013-04-23,2999-12-31,Cross Debarment: ADB,X-DEBARRED,Ongoing,2026-09-23T05:00:01.779Z
100451,ZAKIR HOSSAIN,Bangladesh,COMILLA,371-KA JOBAIDA MANSION JHAWTALA - 3500,2013-11-11,2999-12-31,Cross Debarment: ADB,X-DEBARRED,Ongoing,2026-09-23T05:00:01.779Z
120203,GESAWORLD S.A.,Spain,,,2022-12-20,2032-11-13,Cross Debarment: IDB,X-DEBARRED,,2026-09-23T05:00:01.779Z
330033,"RAFAEL ""ACE"" FRESNOZA LIM",Philippines,"TAYTAY, RIZAL","BLK. 23, LOT 9, TWINPEAK DRIVE ST., RIDGEMONT EXECUTIVE VILLAGE",2016-11-29,2999-12-31,Cross-Debarment: ADB,X-DEBARRED,Ongoing,2026-09-23T05:00:01.779Z
330145,FLORENCIA M. SILVESTRE,Philippines,"MAKATI CITY, METRO MANILA","UNIT 1501 GLOBAL TOWER CONDOMINIUM, BANGKAL",2017-01-09,2999-12-31,Cross Debarment: ADB,X-DEBARRED,Ongoing,2026-09-23T05:00:01.779Z
356131,MS. SABRINA MARY WILLIAMS,Guyana,EAST BANK DEMERARA,"71 SOMERSET COURT, GARDEN OF EDEN",2018-02-20,2030-12-28,Cross-Debarment:  IDB,X-DEBARRED,,2026-09-23T05:00:01.779Z
356132,INVEPAR CONSTRUTORA LTDA - ME,Guyana,"REGION NO. 9, ESSEQUIBO","LOT 97 PHASE 2, LETHEM, RUPUNINI",2018-02-20,2030-12-28,Cross-Debarment:  IDB,X-DEBARRED,,2026-09-23T05:00:01.779Z
356126,MR. VEVAKANAND DALIP,Guyana,"REGION NO. 9, ESSEQUIBO","LOT 97 PHASE 2, LETHEM, RUPUNINI",2018-02-20,2030-12-28,Cross-Debarment:  IDB,X-DEBARRED,,2026-09-23T05:00:01.779Z
356130,MS. SABRINA MARY WILLIAMS,Guyana,"REGION NO. 9, ESSEQUIBO","LOT 97 PHASE 2, LETHEM, RUPUNINI",2018-02-20,2030-12-28,Cross-Debarment:  IDB,X-DEBARRED,,2026-09-23T05:00:01.779Z
356133,INVEPAR CONSTRUTORA LTDA - ME,Guyana,EAST BANK DEMERARA,"71 SOMERSET COURT, GARDEN OF EDEN",2018-02-20,2030-12-28,Cross-Debarment:  IDB,X-DEBARRED,,2026-09-23T05:00:01.779Z
356127,MR. VEVAKANAND DALIP,Guyana,EAST BANK DEMERARA,"71 SOMERSET COURT, GARDEN OF EDEN",2018-02-20,2030-12-28,Cross-Debarment:  IDB,X-DEBARRED,,2026-09-23T05:00:01.779Z
356128,VEVAKANAND DALIP ENTERPRISE,Guyana,"REGION NO. 9, ESSEQUIBO","LOT 97 PHASE 2, LETHEM, RUPUNINI",2018-02-20,2030-12-28,Cross-Debarment:  IDB,X-DEBARRED,,2026-09-23T05:00:01.779Z
356129,VEVAKANAND DALIP ENTERPRISE,Guyana,EAST BANK DEMERARA,"71 SOMERSET COURT, GARDEN OF EDEN",2018-02-20,2030-12-28,Cross-Debarment:  IDB,X-DEBARRED,,2026-09-23T05:00:01.779Z
392419,LEONARDO IVAN NOBLECILLA SOTOMAYOR,Ecuador,GUAYAQUIL,"URDESA, CALLE 2A CASA NO. 714 A, ENTRE FICUS Y GUAYACANES",2018-11-28,2030-10-30,Cross-Debarment: IDB,X-DEBARRED,,2026-09-23T05:00:01.779Z
361656,ENTREPRISE DE CONSTRUCTION URBAINE ET RURALES (ECUR) SARI,Mali,,"AMDALLAYE- RUE PAVÉE, FACE À LA MAIRIE",2018-04-09,2999-12-31,Cross-Debarment: AFDB,X-DEBARRED,Ongoing,2026-09-23T05:00:01.779Z
392420,NOBSACONSTRUCCIONES S.A.,Ecuador,GUAYAQUIL,"URDESA, CALLE 2A CASA NO. 714 A, ENTRE FICUS Y GUAYACANES",2018-11-28,2030-10-30,Cross-Debarment: IDB,X-DEBARRED,,2026-09-23T05:00:01.779Z
508829,CARLOS ESTUARDO CABRERA,Guatemala,GUATEMALA CITY,"3ª AVENIDA “A” 3-15, ZONA 1",2020-08-28,2033-07-27,Cross Debarment: IDB,X-DEBARRED,,2026-09-23T05:00:01.779Z
508846,REPRESENTACIONES COMERCIALES Y DISTRIBUIDORA TOTAL S.A.,Guatemala,GUATEMALA CITY,"3ª AVENIDA “A” 3-15, ZONA 1",2020-08-28,2033-07-27,Cross Debarment: IDB,X-DEBARRED,,2026-09-23T05:00:01.779Z
508847,MARÍA BENILDA SANDOVAL VALDÉZ,Guatemala,GUATEMALA CITY,"3ª AVENIDA “A” 3-15, ZONA 1",2020-08-28,2033-07-27,Cross Debarment: IDB,X-DEBARRED,,2026-09-23T05:00:01.779Z
508848,CORPORACIÓN SIRECO S.A.,Guatemala,GUATEMALA CITY,"3ª AVENIDA “A” 3-15, ZONA 1",2020-08-28,2033-07-27,Cross Debarment: IDB,X-DEBARRED,,2026-09-23T05:00:01.779Z
508830,SISTEMAS SÓLIDOS DE GUATEMALA S.A.,Guatemala,GUATEMALA CITY,"3ª AVENIDA “A” 3-15, ZONA 1",2020-08-28,2033-07-27,Cross Debarment: IDB,X-DEBARRED,,2026-09-23T05:00:01.779Z
508852,GRUPO CESA CORPORATION HOLDINGS S.A.,Costa Rica,BARRIO TOURNÓN,"CENTRO CORPORATIVO EL TOBOGÁN, PISO 9, 200 MTS NORTE Y 100 MTS ESTE DEL PERIÓDICO LA REPÚBLICA.",2020-08-28,2030-07-27,Cross Debarment: IDB,X-DEBARRED,,2026-09-23T05:00:01.779Z
508851,CESA TECNOLOGÍA DE GUATEMALA S.A.,Guatemala,GUATEMALA CITY,"18 CALLE BLVD LOS PRÓCERES 24-69, ZONA 10. EDIFICIO EMPRESARIAL ZONA PRADERA, TORRE IV, NIVEL 11, OFICINA 1107",2020-08-28,2030-07-27,Cross Debarment: IDB,X-DEBARRED,,2026-09-23T05:00:01.779Z
508850,CESA DE GUATEMALA S.A.,Guatemala,GUATEMALA CITY,"18 CALLE BLVD LOS PRÓCERES 24-69, ZONA 10. EDIFICIO EMPRESARIAL ZONA PRADERA, TORRE IV, NIVEL 11, OFICINA 1107",2020-08-28,2030-07-27,Cross Debarment: IDB,X-DEBARRED,,2026-09-23T05:00:01.779Z
516796,MASHAD INTEGRATED AND INVESTMENT CO. LIMITED,Nigeria,"KADUNA, KADUNA STATE","NO.1 SANGAR AVENUE, NTR QUARTERS",2020-09-28,2999-12-31,Cross Debarment: AfDB,X-DEBARRED,Ongoing,2026-09-23T05:00:01.779Z
516779,SANGTECH INTERNATIONAL SERVICES LIMITED,Nigeria,"KADUNA, KADUNA STATE","DD 1B RAMAT CLOSE U/ RIMI, NEW EXTENSION",2020-09-28,2999-12-31,Cross Debarment: AfDB,X-DEBARRED,Ongoing,2026-09-23T05:00:01.779Z
516780,SANGAR & ASSOCIATES (NIGERIA) LIMITED,Nigeria,"KADUNA, KADUNA STATE","CC 14, RAMAT CLOSE, UNGUWAR RIMI G.R.A.",2020-09-28,2999-12-31,Cross Debarment: AfDB,X-DEBARRED,Ongoing,2026-09-23T05:00:01.779Z
516797,MEDNIZA GLOBAL MERCHANTS LIMITED,Nigeria,"KADUNA, KADUNA STATE",DD 1B RAMAT CLOSE U/ RIMI G.R.A.,2020-09-28,2999-12-31,Cross Debarment: AfDB,X-DEBARRED,Ongoing,2026-09-23T05:00:01.779Z
475240,MR. SISIRA KUMARA KUMARAGAMAGE DON,Australia,VIC 3132,"22, VERNA AV MITCHAM",2020-03-25,2999-12-31,Cross Debarment: ADB,X-DEBARRED,Ongoing,2026-09-23T05:00:01.779Z
508849,COMERCIALIZADORA INTERCONTINENTAL CEC. S.A.,Guatemala,GUATEMALA CITY,"3ª AVENIDA “A” 3-15, ZONA 1",2020-08-28,2033-07-27,Cross Debarment: IDB,X-DEBARRED,,2026-09-23T05:00:01.779Z
483058,CHINA ZHONGHAO NIGERIA LIMITED,Nigeria,KADUNA STATE,PLOT 7 INUWA ABDUL KADIR ROAD KADUNA,2020-05-07,2999-12-31,Cross Debarment: AfDB,X-DEBARRED,Ongoing,2026-09-23T05:00:01.779Z
475246,MR. SISIRA KUMARA KUMARAGAMAGE DON,United States,ALEXANDRIA,"3808 EXECUTIVE AVENUE, APARTMENT B-12",2020-03-25,2999-12-31,Cross Debarment: ADB,X-DEBARRED,Ongoing,2026-09-23T05:00:01.779Z
467510,A.K.A. JOKO SESWANTO,Indonesia,JAKARTA SELATAN,"PPA CONSULTANTS, JL. TEBET TIMUR RAYA 56-57",2010-12-03,2999-12-31,Cross Debarment: ADB,X-DEBARRED,Ongoing,2026-09-23T05:00:01.779Z
466535,M/S SUNAULA KHIMTI,Nepal,KATHMANDU,"ANAMNAGAR, KATHMANDU; SINAMANGAL, KATHMANDU; HOUSE NO. 15/105 THAMEI",2016-10-21,2999-12-31,Cross-Debarment: ADB,X-DEBARRED,Ongoing,2026-09-23T05:00:01.779Z
463023,GARRY JEAN,Haiti,PORT-AU-PRINCE,THOMASSIN 32,2020-01-21,2034-11-11,Cross Debarment: IDB,X-DEBARRED,,2026-09-23T05:00:01.779Z
463025,RONEL JEAN BAPTISTE,Haiti,PORT-AU-PRINCE,"DELMAS 105, RUE AUDANT #2, ENTREE HÔPITAL COMMUNAUTAIRE",2020-01-21,2028-11-11,Cross Debarment: IDB,X-DEBARRED,,2026-09-23T05:00:01.779Z
463038,VICTOR FOREST,Haiti,PORT-AU-PRINCE,"28, RUE ROY, CENTRE VILLE",2020-01-21,2026-11-11,Cross Debarment: IDB,X-DEBARRED,,2026-09-23T05:00:01.779Z
467509,A.K.A. INDRALAL GUNATHILAKE,Sri Lanka,KIRIBATHGODA,"275/6 A, VITTO MAWATHA HOSPITAL ROAD",2011-01-03,2999-12-31,Cross Debarment: ADB,X-DEBARRED,Ongoing,2026-09-23T05:00:01.779Z
463039,JEAN CHARLES AND CO./APEC,Haiti,PÉTION-VILLE,"47, COMPLEXE LOUVERTURE APT 4, RUE LOUVERTURE",2020-01-21,2026-11-11,Cross Debarment: IDB,X-DEBARRED,,2026-09-23T05:00:01.779Z
463040,CANES CHARLES,Haiti,PÉTION-VILLE,"47, COMPLEXE LOUVERTURE APT 4, RUE LOUVERTURE",2020-01-21,2026-11-11,Cross Debarment: IDB,X-DEBARRED,,2026-09-23T05:00:01.779Z
463041,MAGALIE HABITANT,Haiti,PÉTION-VILLE,"47, COMPLEXE LOUVERTURE APT 4, RUE LOUVERTURE",2020-01-21,2026-11-11,Cross Debarment: IDB,X-DEBARRED,,2026-09-23T05:00:01.779Z
463024,WILNER JEAN,Haiti,PORT-AU-PRINCE,"19, RUE DESRAVINES, ROUTE MARIN, PLAINE DU CUL DE SAC",2020-01-21,2029-11-11,Cross Debarment: IDB,X-DEBARRED,,2026-09-23T05:00:01.779Z
440337,HENAN QIANKUN ROAD AND BRIDGE ENGINEERING CO. LTD.,China,"XIANXIANG CITY, HENAN PROVINCE 453000","NO. 51 GOGNYE ROAD, FENGQIU COUNTY",2019-09-25,2999-12-31,Cross Debarment: ADB,X-DEBARRED,Ongoing,2026-09-23T05:00:01.779Z
567296,MR. A K M SHAHID ULLAH,Bangladesh,DHAKA 1216,"NO. 34 BARDHAN BARI, MIRPUR - 1",2021-04-09,2999-12-31,Cross Debarment: ADB,X-DEBARRED,Ongoing,2026-09-23T05:00:01.779Z
559844,"TR CONSTRUYA PANAMÁ, S.A.",Panama,PANAMA CITY,"CENTRO EMPRESARIAL MAR DEL SUR, OFICINA 5-13, CALLE 1ERA C - NORTE, EL CARMEN, CORREGIMIENTO DE BELLA VISTA",2021-03-12,2028-02-08,Cross Debarment: IDB,X-DEBARRED,,2026-09-23T05:00:01.779Z
567285,MR. MUSTAFA HAJI ALWY,Indonesia,"BOGOR CITY 16113, WEST JAVA PROVINCE","#14 HERCULUES STREET, D.15. CURUG PERMAL RESIDENCE",2021-04-09,2999-12-31,Cross Debarment: ADB,X-DEBARRED,Ongoing,2026-09-23T05:00:01.779Z
577015,MAXICARE COMPANY NIGERIA LIMITED,Nigeria,ABUJA,"MILLENNIUM BUILDERS PLAZA, SUITE 204, BLOCK C, PLOT 251, HERBERT MACAULY WAY, CENTRAL BUSINESS DISTRICT",2021-05-19,2999-12-31,Cross Debarment: AfDB,X-DEBARRED,Ongoing,2026-09-23T05:00:01.779Z
559842,TR CONSTRUYA S.L.U.,Spain,"21440 LEPE, HUELVA","POL. IND. LA GRAVERA. AVDA DEHESA DEL PIOMO, 26",2021-03-12,2028-02-08,Cross Debarment: IDB,X-DEBARRED,,2026-09-23T05:00:01.779Z
559843,JUAN JOSÉ ACOSTA GONZÁLEZ,Spain,"21440 LEPE, HUELVA","POL. IND. LA GRAVERA. AVDA DEHESA DEL PIOMO, 26",2021-03-12,2028-02-08,Cross Debarment: IDB,X-DEBARRED,,2026-09-23T05:00:01.779Z
548310,GRUPO OLIGARRY PANAMÁ S.A.,Spain,CIUDAD REAL,"CALLE MURCIA 1, 13610 CAMPO DE CRIPTANA",2021-01-28,2029-12-22,Cross Debarment: IDB,X-DEBARRED,,2026-09-23T05:00:01.779Z
548321,AGUSTÍN OLIVARES GARRIGÓS,Spain,CIUDAD REAL,"CALLE MURCIA 1, 13610 CAMPO DE CRIPTANA",2021-01-28,2029-12-22,Cross Debarment: IDB,X-DEBARRED,,2026-09-23T05:00:01.779Z
548309,"GRUPO OLIGARRY, S.A.",Spain,CIUDAD REAL,"CALLE MURCIA 1, 13610 CAMPO DE CRIPTANA",2021-01-28,2029-12-22,Cross Debarment: IDB,X-DEBARRED,,2026-09-23T05:00:01.779Z
548308,ELGRAO S.A.,Panama,PANAMA CITY,"CALLE 50 CON CALLE ELVIRA MÉNDEZ, EDIFICIO FINANCIAL CENTER (TOWERBANK), PISO 29",2021-01-28,2030-12-22,Cross Debarment: IDB,X-DEBARRED,,2026-09-23T05:00:01.779Z
654039,MR. DAWIT WONDWOSSEN,Kenya,NAIROBI,"OFF NAMANGA ROAD, ATHI RIVER, P.O. BOX 1550-00621",2022-03-29,2999-12-31,Cross Debarment: AfDB,X-DEBARRED,Ongoing,2026-09-23T05:00:01.779Z
654038,CP POWER EAST AFRICA LIMITED,Kenya,NAIROBI,"OFF NAMANGA ROAD, ATHI RIVER, P.O. BOX 1550-00621",2022-03-29,2999-12-31,Cross Debarment: AfDB,X-DEBARRED,Ongoing,2026-09-23T05:00:01.779Z
1044596,NEW AFRICA TECHNOLOGY COMPANY,Liberia,MONROVIA,"MORRIS DENNIS COMPOUND,OFF SEKOU TOURE AVENUE,BEHIND OLD LIBERIA LAND AUTHORITY OFFICES,MAMBA POINT",2026-03-18,2029-03-17,Corrupt and Obstructive Practices,DEBARRED,,2026-09-23T05:00:01.779Z
1039676,S.N. NANDA & CO. CHARTERED ACCOUNTANTS,India,NEW DELHI – 110048,"C-43, PAMPOSH ENCLAVE, GREATER KAILASH-I",2026-03-09,2026-11-08,Obstructive Practice,DEBARRED,,2026-09-23T05:00:01.779Z
1021985,DUMDUMA CONSTRUCTION AND TRADING CORPORATION,Philippines,MANILA,"1600 ESPANA BLVD. COR. DOS CASTILLAS ST., SAMPALOC",2026-03-04,2027-09-03,Obstructive Practice,DEBARRED,,2026-09-23T05:00:01.779Z
1021996,MR. PLACIDO C. DUMDUMA,Philippines,MANILA,"1600 ESPANA BLVD. COR. DOS CASTILLAS ST., SAMPALOC",2026-03-04,2027-09-03,Obstructive Practice,DEBARRED,,2026-09-23T05:00:01.779Z
1005936,S.C. “OZUN-CONS” SRL,Moldova,"M. CHIȘINĂU, MD-2009",STR. ION NISTOR 4,2025-12-05,2027-09-04,Fraudulent Practice,DEBARRED,,2026-09-23T05:00:01.779Z
1013015,SIAT ENGINEERING,Central African Republic,BANGUI,"FACE SOCATEL, LAKOUANGA, 2EM RUE SULTAN BANGASSOU",2026-04-09,2027-04-08,Obstructive Practice,DEBARRED,,2026-09-23T05:00:01.779Z
1013051,MR. NGOUMBALA ADOUM,Central African Republic,BANGUI,"FACE SOCATEL, LAKOUANGA, 2EM RUE SULTAN BANGASSOU",2026-04-09,2027-04-08,Obstructive Practice,DEBARRED,,2026-09-23T05:00:01.779Z
1000672,MR. JAMES AYUGI,Kenya,NAIROBI,"SHILLOH RESIDENCE, BLOCK B ROOM 4, MENELIK ROAD, OFF NGONG ROAD",2026-06-08,2031-06-07,Fraudulent and Obstructive Practices,DEBARRED,,2026-09-23T05:00:01.779Z
996378,RAMIRO VALLADARES BUITRÓN,Ecuador,QUITO,ELOY ALFARO 5624,2025-11-04,2027-05-03,Obstructive Practice,DEBARRED,,2026-09-23T05:00:01.779Z
996379,VH INTERNATIONAL GROUP S.A.,Ecuador,QUITO,ELOY ALFARO 5624,2025-11-04,2027-05-03,Obstructive Practice,DEBARRED,,2026-09-23T05:00:01.779Z
1010745,"EFACEC ARABIA CO., LTD.",Saudi Arabia,RIYADH,"4294 KHALIJ ROAD, P.O. BOX 7943",2025-09-04,2999-12-31,Controlled Affiliate of a Sanctioned Entity,DEBARRED,Ongoing,2026-09-23T05:00:01.779Z
1011080,"OCEAN C&I CO., LTD.","Korea, Republic of",BUSAN,"RM 304, 21, CENTUM6-RO, HAEUNDAE-GU",2025-09-05,2026-10-01,Controlled Affiliate of a Sanctioned Entity,DEBARRED,,2026-09-23T05:00:01.779Z
1017071,MR. ABDUR RASHID,Bangladesh,DHAKA-1000,"51/51-A, PURANA PALTAN, 10TH FLOOR",2026-09-10,2029-09-09,Fraudulent Practice,DEBARRED,,2026-09-23T05:00:01.779Z
1000673,WEBMASTERS KENYA LTD.,Kenya,NAIROBI,"SHILLOH RESIDENCE, BLOCK B ROOM 4, MENELIK ROAD, OFF NGONG ROAD",2026-06-08,2031-06-07,Fraudulent and Obstructive Practices,DEBARRED,,2026-09-23T05:00:01.779Z
1017035,INSHA TRADE CORPORATION,Bangladesh,DHAKA-1000,"51/51-A, PURANA PALTAN, 10TH FLOOR",2026-09-10,2029-09-09,Fraudulent Practice,DEBARRED,,2026-09-23T05:00:01.779Z
1112457,MEDICAL ITEMS,Niger,NIAMEY,175 AVENUE DU NIGER,2026-08-04,2029-07-03,Controlled Affiliate of a Sanctioned Entity.,DEBARRED,,2026-09-23T05:00:01.779Z
1124657,AFRICAN CONSULTING SURVEYORS,South Africa,,"SURVEY HOUSE, 42 SUNBIRD DRIVE, LANGEBAAN, WESTERN CAPE 7357",2026-09-09,2029-02-08,Fraudulent and Collusive Practices,DEBARRED,,2026-09-23T05:00:01.779Z
1124660,AFRICAN CONSULTING SOLUTIONS PROPRIETARY LIMITED,Botswana,GABORONE,P.O. BOX 81207,2026-09-09,2029-02-08,Controlled Affiliate of a Sanctioned Entity.,DEBARRED,,2026-09-23T05:00:01.779Z
1124671,EVERVEST THREE PTY LTD,South Africa,"CAPE TOWN, WESTERN CAPE 7357","42 SUNBIRD DRIVE, LANGEBAAN,",2026-09-09,2029-02-08,Controlled Affiliate of a Sanctioned Entity.,DEBARRED,,2026-09-23T05:00:01.779Z
1112460,MR. BABATI SAYID ALI AHMED,Niger,NIAMEY,175 AVENUE DU NIGER,2026-08-04,2029-07-03,Fraudulent Practice,DEBARRED,,2026-09-23T05:00:01.779Z
1124672,WESTAIR ACS JV (PTY) LTD,South Africa,"CAPE TOWN, WESTERN CAPE 7357","42 SUNBIRD DRIVE, LANGEBAAN",2026-09-09,2029-02-08,Controlled Affiliate of a Sanctioned Entity.,DEBARRED,,2026-09-23T05:00:01.779Z
1112458,BABATI AUTOMOBILES,Niger,NIAMEY,175 AVENUE DU NIGER,2026-08-04,2029-07-03,Controlled Affiliate of a Sanctioned Entity.,DEBARRED,,2026-09-23T05:00:01.779Z
1124659,MR. WILLEM JAN TIMMERMAN,South Africa,,"SURVEY HOUSE, 42 SUNBIRD DRIVE, LANGEBAAN, WESTERN CAPE 7357",2026-09-09,2029-02-08,Fraudulent and Collusive Practices,DEBARRED,,2026-09-23T05:00:01.779Z
1112455,ENTREPRISE BABATI,Niger,NIAMEY,175 AVENUE DU NIGER,2026-08-04,2029-07-03,Fraudulent Practice,DEBARRED,,2026-09-23T05:00:01.779Z
1112465,UNITED AVIATION SERVICES LIMITED,Nigeria,ABUJA 904101,"14 ZAIRE CRESCENT (OFF MISSISSIPPI STREET), MAITAMA",2026-08-04,2029-03-03,Fraudulent Practice,DEBARRED,,2026-09-23T05:00:01.779Z
1112466,MR. AIR VICE MARSHAL ALKALI MAMU,Nigeria,ABUJA,"C CLOSE, APO ASSEMBLY QUARTERS, APO VILLAGE",2026-08-04,2029-03-03,Fraudulent Practice,DEBARRED,,2026-09-23T05:00:01.779Z
1092546,"CNTIC INTERNATIONAL CONTRACTING & ENGINEERING CO., LTD",China,WUHAN,"NO. 234, YAOJIALING, WUCHANG DISTRICT",2026-05-26,2027-11-25,Controlled Affiliate of a Sanctioned Entity.,DEBARRED,,2026-09-23T05:00:01.779Z
1092553,GENERTEC EUROPE TEMAX GMBH,Germany,KÖLN,,2026-05-26,2027-11-25,Controlled Affiliate of a Sanctioned Entity.,DEBARRED,,2026-09-23T05:00:01.779Z
1092544,"CNTIC ZHENGZHOU INTERNATIONAL TRADING CO., LTD.",China,,"ROOM 201-2, WAREHOUSE OFFICE BUILDING, NO.1, FUYI STREET, ZHENGZHOU AIRPORT ECONOMY COMPREHENSIVE EXPERIMENTAL ZONE",2026-05-26,2027-11-25,Controlled Affiliate of a Sanctioned Entity.,DEBARRED,,2026-09-23T05:00:01.779Z
1092545,"CNTIC (BEIJING) NEW ENERGY POWER CO., LTD",China,BEIJING,"ROOM 126, 1ST FLOOR, BUILDING 4, NANHAI JIAYUAN PHASE 5, YINGHAI TOWN, DAXING, BEIJING ECONOMIC AND TECHNOLOGICAL DEVELOPMENT ZONE",2026-05-26,2027-11-25,Controlled Affiliate of a Sanctioned Entity.,DEBARRED,,2026-09-23T05:00:01.779Z
1092585,PARAGON VISION LIMITED,"Virgin Islands, British",,,2026-05-26,2027-11-25,Controlled Affiliate of a Sanctioned Entity.,DEBARRED,,2026-09-23T05:00:01.779Z
1092587,PT. VPOWER OPERATION SERVICES,Indonesia,,,2026-05-26,2027-11-25,Controlled Affiliate of a Sanctioned Entity.,DEBARRED,,2026-09-23T05:00:01.779Z
1092589,ETERNAL BRILLIANT LIMITED,"Hong Kong SAR, China",,,2026-05-26,2027-11-25,Controlled Affiliate of a Sanctioned Entity.,DEBARRED,,2026-09-23T05:00:01.779Z
1092610,UNIQUE PALACE LIMITED,"Virgin Islands, British",,,2026-05-26,2027-11-25,Controlled Affiliate of a Sanctioned Entity.,DEBARRED,,2026-09-23T05:00:01.779Z
1092594,GLAMOROUS GARDEN LIMITED,"Virgin Islands, British",,,2026-05-26,2027-11-25,Controlled Affiliate of a Sanctioned Entity.,DEBARRED,,2026-09-23T05:00:01.779Z
1092575,CREST PACIFIC INVESTMENTS LIMITED,"Virgin Islands, British",,,2026-05-26,2027-11-25,Controlled Affiliate of a Sanctioned Entity.,DEBARRED,,2026-09-23T05:00:01.779Z
1092578,RADIANT HORIZON LIMITED,"Virgin Islands, British",,,2026-05-26,2027-11-25,Controlled Affiliate of a Sanctioned Entity.,DEBARRED,,2026-09-23T05:00:01.779Z
1092591,LUCKY CREST INVESTMENTS LIMITED,"Virgin Islands, British",,,2026-05-26,2027-11-25,Controlled Affiliate of a Sanctioned Entity.,DEBARRED,,2026-09-23T05:00:01.779Z
1092592,VENUS GARDEN GLOBAL LIMITED,"Virgin Islands, British",,,2026-05-26,2027-11-25,Controlled Affiliate of a Sanctioned Entity.,DEBARRED,,2026-09-23T05:00:01.779Z
1092597,WEALTHY VAST LIMITED,"Hong Kong SAR, China",,,2026-05-26,2027-11-25,Controlled Affiliate of a Sanctioned Entity.,DEBARRED,,2026-09-23T05:00:01.779Z
1092611,VPOWER GROUP HOLDINGS (ASIA) LIMITED,"Virgin Islands, British",,,2026-05-26,2027-11-25,Controlled Affiliate of a Sanctioned Entity.,DEBARRED,,2026-09-23T05:00:01.779Z
1092627,CNTIC VPOWER KY3 LIMITED,Myanmar,,,2026-05-26,2027-11-25,Controlled Affiliate of a Sanctioned Entity.,DEBARRED,,2026-09-23T05:00:01.779Z
1092628,CNTIC VPOWER ENERGY (MYANMAR) LIMITED,Myanmar,,,2026-05-26,2027-11-25,Controlled Affiliate of a Sanctioned Entity.,DEBARRED,,2026-09-23T05:00:01.779Z
1092595,LEADING WISDOM LIMITED,Cayman Islands,,,2026-05-26,2027-11-25,Controlled Affiliate of a Sanctioned Entity.,DEBARRED,,2026-09-23T05:00:01.779Z
1092601,VPOWER MYANMAR LIMITED,"Hong Kong SAR, China",,,2026-05-26,2027-11-25,Controlled Affiliate of a Sanctioned Entity.,DEBARRED,,2026-09-23T05:00:01.779Z
1092602,VPOWER ENGINEERING (CHINA) LIMITED,"Hong Kong SAR, China",,,2026-05-26,2027-11-25,Controlled Affiliate of a Sanctioned Entity.,DEBARRED,,2026-09-23T05:00:01.779Z
1095113,AD LUCEM SOLUTIONS INC.,Canada,"QUEBEC, J8N 1J1",19 BELVEDERE VAL-DES-MONTS,2026-06-03,2999-12-31,Controlled affiliate of a sanctioned entity.,DEBARRED,Ongoing,2026-09-23T05:00:01.779Z
1092618,CV MYANMAR YG2 LIMITED,"Hong Kong SAR, China",,,2026-05-26,2027-11-25,Controlled Affiliate of a Sanctioned Entity.,DEBARRED,,2026-09-23T05:00:01.779Z
1092622,CNTIC VPOWER ENERGY LIMITED,"Hong Kong SAR, China",,,2026-05-26,2027-11-25,Controlled Affiliate of a Sanctioned Entity.,DEBARRED,,2026-09-23T05:00:01.779Z
1092623,CNTIC VPOWER INTERNATIONAL TERMINAL (YANGON) LIMITED,"Hong Kong SAR, China",,,2026-05-26,2027-11-25,Controlled Affiliate of a Sanctioned Entity.,DEBARRED,,2026-09-23T05:00:01.779Z
1092548,"CNTIC （SUZHOU） NEW ENERGY POWER CO., LTD",China,,"ROOM 805, 8TH FLOOR, BUILDING A, NO.99 YOUXIANG ROAD, WUZHONG DISTRICT, SUZHOU CITY, JIANGSU PROVINCE",2026-05-26,2027-11-25,Controlled Affiliate of a Sanctioned Entity.,DEBARRED,,2026-09-23T05:00:01.779Z
1092583,VPOWER LATAM I S.À R.L,Luxembourg,,,2026-05-26,2027-11-25,Controlled Affiliate of a Sanctioned Entity.,DEBARRED,,2026-09-23T05:00:01.779Z
1092586,VPOWER RENTAL SERVICES (ASIA) LIMITED,"Hong Kong SAR, China",,,2026-05-26,2027-11-25,Controlled Affiliate of a Sanctioned Entity.,DEBARRED,,2026-09-23T05:00:01.779Z
1092588,VPOWER NEW ENERGY TECHNOLOGY (LINYI) LIMITED,China,"LINYI CITY, SHANDONG PROVINCE",,2026-05-26,2027-11-25,Controlled Affiliate of a Sanctioned Entity.,DEBARRED,,2026-09-23T05:00:01.779Z
1092590,VPOWER MIDDLE EAST FZCO,United Arab Emirates,,,2026-05-26,2027-11-25,Controlled Affiliate of a Sanctioned Entity.,DEBARRED,,2026-09-23T05:00:01.779Z
1092598,VPOWER MYANMAR KC1 LIMITED,"Hong Kong SAR, China",,,2026-05-26,2027-11-25,Controlled Affiliate of a Sanctioned Entity.,DEBARRED,,2026-09-23T05:00:01.779Z
1092608,VPOWER GLOBAL SERVICE SUPPORT LIMITED,"Hong Kong SAR, China",,,2026-05-26,2027-11-25,Controlled Affiliate of a Sanctioned Entity.,DEBARRED,,2026-09-23T05:00:01.779Z
1092561,BUT CHINA NATIONAL TECHNICAL IMPORT AND EXPORT CORPORATION,Indonesia,JAKARTA,,2026-05-26,2027-11-25,Controlled Affiliate of a Sanctioned Entity.,DEBARRED,,2026-09-23T05:00:01.779Z
1092562,CNTIC BANGLADESH BRANCH COMPANY,Bangladesh,DHAKA,,2026-05-26,2027-11-25,Controlled Affiliate of a Sanctioned Entity.,DEBARRED,,2026-09-23T05:00:01.779Z
1092607,VPOWER NEW ENERGY (LINYI) LIMITED,"Hong Kong SAR, China",,,2026-05-26,2027-11-25,Controlled Affiliate of a Sanctioned Entity.,DEBARRED,,2026-09-23T05:00:01.779Z
1092615,EXCELLENT RACER LIMITED,"Virgin Islands, British",,,2026-05-26,2027-11-25,Controlled Affiliate of a Sanctioned Entity.,DEBARRED,,2026-09-23T05:00:01.779Z
1092616,CNTIC VPOWER GROUP HOLDINGS LIMITED,"Hong Kong SAR, China",,,2026-05-26,2027-11-25,Controlled Affiliate of a Sanctioned Entity.,DEBARRED,,2026-09-23T05:00:01.779Z
1092617,CV MYANMAR YG1 LIMITED,"Hong Kong SAR, China",,,2026-05-26,2027-11-25,Controlled Affiliate of a Sanctioned Entity.,DEBARRED,,2026-09-23T05:00:01.779Z
1092554,CNTIC COTE D'IVOIRE,Cote d'Ivoire,,"ABIDJAN-MARCORY, ZONE 4C, RUE PIERRE ET MARIE CURIE",2026-05-26,2027-11-25,Controlled Affiliate of a Sanctioned Entity.,DEBARRED,,2026-09-23T05:00:01.779Z
1092624,CNTIC VPOWER YG1 LIMITED,Myanmar,,,2026-05-26,2027-11-25,Controlled Affiliate of a Sanctioned Entity.,DEBARRED,,2026-09-23T05:00:01.779Z
1092550,"CNTIC CAPITAL (HONG KONG) CO., LIMITED","Hong Kong SAR, China",,,2026-05-26,2027-11-25,Controlled Affiliate of a Sanctioned Entity.,DEBARRED,,2026-09-23T05:00:01.779Z
1092551,GTM GREENTECH SDN BHD,Malaysia,KUALA LUMPUR,,2026-05-26,2027-11-25,Controlled Affiliate of a Sanctioned Entity.,DEBARRED,,2026-09-23T05:00:01.779Z
1092573,CNTIC DC TECHNICAL IMP. & EXP. CORPORATION GUANGXI BRANCH,China,NANNING,"ROOM 911, WEST TOWER 2, NANNING QINGXIU WANDA PLAZA, 118 DONGGE ROAD, QINGXIU DISTRICT",2026-05-26,2027-11-25,Controlled Affiliate of a Sanctioned Entity.,DEBARRED,,2026-09-23T05:00:01.779Z
1092584,VP FLEXGEN (BRAZIL) SPE LTDA,Brazil,,,2026-05-26,2027-11-25,Controlled Affiliate of a Sanctioned Entity.,DEBARRED,,2026-09-23T05:00:01.779Z
1092593,GOLDEN HERITAGE LIMITED,Cayman Islands,,,2026-05-26,2027-11-25,Controlled Affiliate of a Sanctioned Entity.,DEBARRED,,2026-09-23T05:00:01.779Z
1092579,VPOWER GROUP HOLDINGS (SINGAPORE)PTE. LIMITED,Singapore,,,2026-05-26,2027-11-25,Controlled Affiliate of a Sanctioned Entity.,DEBARRED,,2026-09-23T05:00:01.779Z
1092580,CNTIC VPOWER THERMAL ENERGY,Uzbekistan,,,2026-05-26,2027-11-25,Controlled Affiliate of a Sanctioned Entity.,DEBARRED,,2026-09-23T05:00:01.779Z
1092552,EURL CNTIC ALGERIA,Algeria,ALGIERS,"CITE LA MADELEINE, LOT BOURESSAS N° 2, HYDRA",2026-05-26,2027-11-25,Controlled Affiliate of a Sanctioned Entity.,DEBARRED,,2026-09-23T05:00:01.779Z
1092574,VPOWER GROUP INTERNATIONAL HOLDINGS LIMITED,Cayman Islands,,,2026-05-26,2027-11-25,Controlled Affiliate of a Sanctioned Entity.,DEBARRED,,2026-09-23T05:00:01.779Z
1092621,CNTIC VPOWER SHIPPING LIMITED,"Hong Kong SAR, China",,,2026-05-26,2027-11-25,Controlled Affiliate of a Sanctioned Entity.,DEBARRED,,2026-09-23T05:00:01.779Z
1092571,CNTIC TANZANIA BRANCH OFFICE,Tanzania,DAR ES SALAAM,"ALFA PLAZA, 402, CHABRUMA ST",2026-05-26,2027-11-25,Controlled Affiliate of a Sanctioned Entity.,DEBARRED,,2026-09-23T05:00:01.779Z
1092613,VPTM TRADING COMPANY LIMITED,"Hong Kong SAR, China",,,2026-05-26,2027-11-25,Controlled Affiliate of a Sanctioned Entity.,DEBARRED,,2026-09-23T05:00:01.779Z
1092600,VPOWER HOLDINGS LIMITED,"Hong Kong SAR, China",,,2026-05-26,2027-11-25,Controlled Affiliate of a Sanctioned Entity.,DEBARRED,,2026-09-23T05:00:01.779Z
1092549,"CNTIC (XIAMEN) NEW ENERGY POWER CO., LTD",China,,"ROOM A1257, UNIT 308, NO.16 NORTH YUNDING ROAD, HULI DISTRICT, XIAMEN CITY, FUJIAN PROVINCE",2026-05-26,2027-11-25,Controlled Affiliate of a Sanctioned Entity.,DEBARRED,,2026-09-23T05:00:01.779Z
1092599,VPOWER KC1 LIMITED,Myanmar,,,2026-05-26,2027-11-25,Controlled Affiliate of a Sanctioned Entity.,DEBARRED,,2026-09-23T05:00:01.779Z
1092603,VPOWER ENGINEERING (SHENZHEN) LTD.,China,"SHENZHEN CITY, GUANGDONG PROVINCE",,2026-05-26,2027-11-25,Controlled Affiliate of a Sanctioned Entity.,DEBARRED,,2026-09-23T05:00:01.779Z
1095112,MULTI-TECH AFRICA (PTY) LTD. (FORMERLY KNOWN AS MULTI-TECH CONSULT (PTY) LTD.),Botswana,GABORONE,"PLOT 20746, BLOCK 3, INDUSTRIAL",2023-12-05,2027-06-04,Fraudulent Practices,DEBARRED,,2026-09-23T05:00:01.779Z
1092542,CHINA NATIONAL TECHNICAL IMPORT & EXPORT CORPORATION,China,BEIJING,"NO.21, NORTH WEST THIRD RING ROAD, HAIDIAN DISTRICT",2026-05-26,2027-11-25,Fraudulent Practices,DEBARRED,,2026-09-23T05:00:01.779Z
1092557,CNTIC PHILIPPINES BUSINESS CENTRE,Philippines,MANILA,,2026-05-26,2027-11-25,Controlled Affiliate of a Sanctioned Entity.,DEBARRED,,2026-09-23T05:00:01.779Z
1092547,HUBEI PROVINCIAL BUILDING MATERIALS ENERGY-SAVING TEST AND EVALUATION CENTER,China,WUHAN,"NO. 234, YAOJIALING, WUCHANG DISTRICT",2026-05-26,2027-11-25,Controlled Affiliate of a Sanctioned Entity.,DEBARRED,,2026-09-23T05:00:01.779Z
1092555,"CNTIC ENERGY GRID SOLUTION (BANGLADESH) CO., LTD.",Bangladesh,DHAKA,"BANGLADESH，59/B (1ST FLOOR), KEMAL ATATURK AVE., BANANI",2026-05-26,2027-11-25,Controlled Affiliate of a Sanctioned Entity.,DEBARRED,,2026-09-23T05:00:01.779Z
1092556,CHINA NATIONAL TECHNICAL IMPORT& EXPORT CORP. EGYPT BRANCH,"Egypt, Arab Republic of",CAIRO,,2026-05-26,2027-11-25,Controlled Affiliate of a Sanctioned Entity.,DEBARRED,,2026-09-23T05:00:01.779Z
1092558,CHINA NATIONAL TECHNICAL IMPORT & EXPORT CORPORATION - PODRUZNICA SARAJEVO,Bosnia and Herzegovina,SARAJEVO,,2026-05-26,2027-11-25,Controlled Affiliate of a Sanctioned Entity.,DEBARRED,,2026-09-23T05:00:01.779Z
1092576,WEALTH INSIGHT LIMITED,"Virgin Islands, British",,,2026-05-26,2027-11-25,Controlled Affiliate of a Sanctioned Entity.,DEBARRED,,2026-09-23T05:00:01.779Z
1092596,FIRST PARAGON LIMITED,"Virgin Islands, British",,,2026-05-26,2027-11-25,Controlled Affiliate of a Sanctioned Entity.,DEBARRED,,2026-09-23T05:00:01.779Z
1092604,VPOWER GROUP HOLDINGS LIMITED,"Hong Kong SAR, China",,,2026-05-26,2027-11-25,Controlled Affiliate of a Sanctioned Entity.,DEBARRED,,2026-09-23T05:00:01.779Z
1092605,PT CNTIC POWER INDONESIA,Indonesia,,,2026-05-26,2027-11-25,Controlled Affiliate of a Sanctioned Entity.,DEBARRED,,2026-09-23T05:00:01.779Z
1092606,VPOWER HOLDINGS (SINGAPORE) PTE. LIMITED,Singapore,,,2026-05-26,2027-11-25,Controlled Affiliate of a Sanctioned Entity.,DEBARRED,,2026-09-23T05:00:01.779Z
1092773,HUBEI PROVINCIAL BUILDING MATERIALS PRODUCT QUALITY SUPERVISION AND ASSESSMENT STATION,China,WUHAN,"NO. 234, YAOJIALING, WUCHANG DISTRICT",2026-05-26,2027-11-25,Controlled Affiliate of a Sanctioned Entity.,DEBARRED,,2026-09-23T05:00:01.779Z
1092543,CNTIC DC TECHNICAL IMP. & EXP. CORPORATION,China,BEIJING,"TOWER C, GENERAL TIMES CENTER, XIYING STREET NO.1, FENGTAI DISTRICT",2026-05-26,2027-11-25,Controlled Affiliate of a Sanctioned Entity.,DEBARRED,,2026-09-23T05:00:01.779Z
1092572,CHINA DC TECHNICAL IMPORT & EXPORT CORPORATION OGRANAK BEOGRAD,Serbia,BELGRADE,VAJARA DOKE JOVANOVICA 7,2026-05-26,2027-11-25,Controlled Affiliate of a Sanctioned Entity.,DEBARRED,,2026-09-23T05:00:01.779Z
829912,GLOBAL INTERJAPAN (KENYA) LIMITED,Kenya,NAIROBI,"PARSONIC HOTEL BUILDING, KIRINYAGA ROAD, P.O. BOX 28783, POST CODE 00200",2021-03-01,2999-12-31,Cross Debarment: AfDB,X-DEBARRED,Ongoing,2026-09-23T05:00:01.779Z
793570,ALBERT ALEJANDRO ORTIZ RINCÓN,Colombia,BOGOTÁ,CARRERA 12 97-80 OFICINA 605,2023-10-11,2031-08-31,Cross Debarment: IDB,X-DEBARRED,,2026-09-23T05:00:01.779Z
793576,PROYECTOS DE INGENIERÍA Y SERVICIOS PARA EL MEDIO AMBIENTE S.A.S.,Colombia,BOGOTÁ,CARRERA 12 97-80 OFICINA 605,2023-10-11,2031-08-31,Cross Debarment: IDB,X-DEBARRED,,2026-09-23T05:00:01.779Z
771088,"JIANGXI MINGZHENG INTELLIGENT ELECTRICAL CO., LTD.",China,JIANGXI PROVINCE,"JINCHAO AVENUE, FUZHOU HIGH-TECH INDUSTRIAL PARK",2023-07-24,2027-03-24,Cross Debarment: ADB,X-DEBARRED,,2026-09-23T05:00:01.779Z
771087,"JIANGXI MINGZHENG TRANSFORMER EQUIPMENT CO., LTD",China,"FUZHOU CITY, JIANGXI PROVINCE","ZONE C, CHONGREN INDUSTRIAL PARK",2023-07-24,2027-03-24,Cross Debarment: ADB,X-DEBARRED,,2026-09-23T05:00:01.779Z
779971,MR. SATISH CHANDRA MISHRA,Indonesia,DENPASAR 80235,"BALI, JALAN BADAK AGUNG 19, NO. 5 RENON",2020-12-16,2999-12-31,Cross Debrament: ADB,X-DEBARRED,Ongoing,2026-09-23T05:00:01.779Z
771089,"JIANGXI MINGQIANG ELECTRIC POWER TECHNOLOGY CO., LTD.",China,"FUZHOU CITY, JIANGXI PROVINCE","SECTION C, INDUSTRIAL PARK AREA, CHONGREN COUNTY",2023-07-24,2027-03-24,Cross Debarment: ADB,X-DEBARRED,,2026-09-23T05:00:01.779Z
771090,"JIANGXI MINGZHENG TRANSFORMER EQUIPMENT TECHNOLOGY SERVICE CO., LTD.",China,"FUZHOU CITY, JIANGXI PROVINCE","SECTION C, INDUSTRIAL PARK AREA, CHONGREN COUNTY",2023-07-24,2027-03-24,Cross Debarment: ADB,X-DEBARRED,,2026-09-23T05:00:01.779Z
771096,"JIANGXI MINGZHENG TECHNOLOGY SYNERGY INNOVATION CO., LTD.",China,"FUZHOU CITY, JIANGXI PROVINCE","NO.171 RENMIN AVENUE, SECTION C, INDUSTRIAL PARK AREA, CHONGREN COUNTY",2023-07-24,2027-03-24,Cross Debarment: ADB,X-DEBARRED,,2026-09-23T05:00:01.779Z
779972,PT STRATEGIC ASIA,Indonesia,DENPASAR 80235,"BALI, JALAN BADAK AGUNG 19, NO. 5 RENON",2020-12-16,2999-12-31,Cross Debarment: ADB,X-DEBARRED,Ongoing,2026-09-23T05:00:01.779Z
779973,"STRATEGIC ASIA GLOBAL, LTD.",United Kingdom,"SUSSEX, BN3 2FA","PALMEIRA MANSIONS, 29 PALMEIRA AVENUE MANSIONS, 21-23 CHURCH ROAD HOVE",2020-12-16,2999-12-31,Cross Debarment: ADB,X-DEBARRED,Ongoing,2026-09-23T05:00:01.779Z
767428,BEIJING ZHUYUAN TECHNOLOGY CO. LTD.,China,BEIJING,"ROOM 1208, BLOCK 2, 11 /F, TOWER 13, NO. 9 YARD, HUILONGGUAN WEST STREET CHANGPING DISTRICT",2019-10-04,2999-12-31,Cross Debarment: ADB,X-DEBARRED,Ongoing,2026-09-23T05:00:01.779Z
767429,FANGJUN ZHANG,China,BEIJING,"ROOM 1208, BLOCK 2, 11 /F, TOWER 13, NO. 9 YARD, HUILONGGUAN WEST STREET CHANGPING DISTRICT",2019-10-04,2999-12-31,Cross Debarment: ADB,X-DEBARRED,Ongoing,2026-09-23T05:00:01.779Z
888280,HEBEI CONSTRUCTION GROUP CORPORATION LIMITED HANDAN BRANCH,China,HEBEI PROVINCE,"ROOM 2302, 23RD FLOOR, BUILDING B, YIGAO INTELLIGENT PLAZA, HANDAN ECONOMIC DEVELOPMENT ZONE",2024-08-22,2027-07-22,Cross Debarment: ADB,X-DEBARRED,,2026-09-23T05:00:01.779Z
888344,HEBEI CONSTRUCTION GROUP CORPORATION LIMITED LANGFANG BRANCH,China,LANGFANG CITY,"ROOM 1-2016, 20TH FLOOR, UNIT 1, BUILDING 1, KAI CHUANG BUILDING, GUANGYANG DISTRICT",2024-08-22,2027-07-22,Cross Debarment: ADB,X-DEBARRED,,2026-09-23T05:00:01.779Z
888346,HEBEI CONSTRUCTION GROUP CORPORATION LIMITED DACHENG BRANCH,China,"LANGFANG CITY, HEBEI PROVINCE","BUSINESS HALL, MODERN MANUFACTURING INDUSTRIAL PARK MANAGEMENT COMMITTEE,  DACHENG COUNTY",2024-08-22,2027-07-22,Cross Debarment: ADB,X-DEBARRED,,2026-09-23T05:00:01.779Z
888157,"HEBEI CONSTRUCTION GROUP ECOLOGICAL ENVIRONMENT CO., LTD.",China,"BAODING CITY, HEBEI PROVINCE","NO. 125 , LUGANG ROAD ,JINGXIU DISTRICT",2024-08-22,2027-07-22,Cross Debarment: ADB,X-DEBARRED,,2026-09-23T05:00:01.779Z
888159,"HENGSHUI JIZHOU DISTRICT JIUCHEN CONSTRUCTION DEVELOPMENT CO., LTD.",China,HENGSHUI CITY,"HOT SPRING COMMUNITY,JIZHOU DISTRICT",2024-08-22,2027-07-22,Cross Debarment: ADB,X-DEBARRED,,2026-09-23T05:00:01.779Z
888160,"HEBEI NONGTOU CONSTRUCTION DEVELOPMENT CO., LTD.",China,"BAODING CITY, HEBEI PROVINCE","NO 1, XINHUA WEST ROAD, QINGYUAN DISTRICT",2024-08-22,2027-07-22,Cross Debarment: ADB,X-DEBARRED,,2026-09-23T05:00:01.779Z
888181,"BAODING ZHONGCHENG INVESTMENT MANAGEMENT CO., LTD.",China,BAODING CITY,"NO. 139, WUSI WEST ROAD",2024-08-22,2027-07-22,Cross Debarment: ADB,X-DEBARRED,,2026-09-23T05:00:01.779Z
888275,HEBEI CONSTRUCTION GROUP CORPORATION LIMITED GUCHENG BRANCH,China,"HENGSHUI CITY, HEBEI PROVINCE","NO B-24, ZHOUHAI TRADE CITY, ZHENGKOU TOWN, GUCHENG COUNTY",2024-08-22,2027-07-22,Cross Debarment: ADB,X-DEBARRED,,2026-09-23T05:00:01.779Z
888276,HEBEI CONSTRUCTION GROUP CORPORATION LIMITED HENGFENG BRANCH,China,"SHANGRAO CITY, JIANGXI PROVINCE","NO 218, EAST HONGQIAO ROAD, CENGYANG TOWN, HENGFENG COUNTY,(2-02, BUILDING 11, HUAHAOYUE GARDEN)",2024-08-22,2027-07-22,Cross Debarment: ADB,X-DEBARRED,,2026-09-23T05:00:01.779Z
888278,HEBEI CONSTRUCTION GROUP CORPORATION LIMITED ANGUO BRANCH,China,"ANGUO CITY, HEBEI PROVINCE","109 SHOPS, 1ST FLOOR, BUILDING 1, CHENGGUAN COMMUNITY, SOUTH OF YAOWEI ROAD, EAST OF YAOSHI STREET",2024-08-22,2027-07-22,Cross Debarment: ADB,X-DEBARRED,,2026-09-23T05:00:01.779Z
888282,HEBEI CONSTRUCTION GROUP CORPORATION LIMITED BAOTOU BRANCH,China,"BAOTOU CITY, INNER MONGOLIA AUTONOMOUS REGION","ROOM 104, BUILDING 5, C AREA, DONGHE DISTRICT",2024-08-22,2027-07-22,Cross Debarment: ADB,X-DEBARRED,,2026-09-23T05:00:01.779Z
888283,HEBEI CONSTRUCTION GROUP CORPORATION LIMITED QINGHUANGDAO BRANCH,China,"QINHUANGDAO CITY, HEBEI PROVINCE","NO 608/609, BUILDING 50, XINWENLI, HAIGANG DISTRICT",2024-08-22,2027-07-22,Cross Debarment: ADB,X-DEBARRED,,2026-09-23T05:00:01.779Z
888284,HEBEI CONSTRUCTION GROUP CORPORATION LIMITED DALIAN BRANCH,China,"DALIAN CITY, LIAONING PROVINCE","ROOM 271, 4 / F, UNIT 1, NO 119, GANGPU ROAD, ZHONGSHAN DISTRICT",2024-08-22,2027-07-22,Cross Debarment: ADB,X-DEBARRED,,2026-09-23T05:00:01.779Z
888285,HEBEI CONSTRUCTION GROUP CORPORATION LIMITED BEIDAIHE NEW DISTRICT BRANCH,China,"QINHUANGDAO CITY, HEBEI PROVINCE","NO 2-13 SHOPS,  GRAPE OCEAN MANOR, BEIDAIHE NEW DISTRICT",2024-08-22,2027-07-22,Cross Debarment: ADB,X-DEBARRED,,2026-09-23T05:00:01.779Z
888293,HEBEI CONSTRUCTION GROUP CORPORATION LIMITED QINGYUAN DISTRICT ZHONGYUAN COMPONE,China,"BAODING CITY, HEBEI PROVINCE","NO. 382 ,WEST DEVELOPMENT ROAD, QINGYUAN DISTRICT",2024-08-22,2027-07-22,Cross Debarment: ADB,X-DEBARRED,,2026-09-23T05:00:01.779Z
888300,HEBEI CONSTRUCTION GROUP CORPORATION LIMITED JINZHONG XIYANG BRANCH,China,"JINZHONG CITY, SHANXI PROVINCE","ROOM 201, XINGLI COAL INDUSTRY BUILDING, BEIDUHAI VILLAGE, LIJIAZHUANG TOWN, XIYANG COUNTY",2024-08-22,2027-07-22,Cross Debarment: ADB,X-DEBARRED,,2026-09-23T05:00:01.779Z
888301,HEBEI CONSTRUCTION GROUP CORPORATION LIMITED JINAN BRANCH,China,"JINAN CITY, SHANDONG PROVINCE","23 / F, BLOCK B, HUANGTAI INNOVATION INDUSTRIAL PARK, NO 10777, XIAOQINGHE NORTH ROAD, TIANQIAO DISTRICT",2024-08-22,2027-07-22,Cross Debarment: ADB,X-DEBARRED,,2026-09-23T05:00:01.779Z
888190,HEBEI CONSTRUCTION GROUP CORPORATION LIMITED DINGXING BRANCH,China,"BAODING CITY, HEBEI PROVINCE","ROOM 4011, BUILDING 2, ZHONGHUI CITY PLAZA, YINGBIN STREET WEST , NANHUAN ROAD NORTH, DINGXING COUNTY",2024-08-22,2027-07-22,Cross Debarment: ADB,X-DEBARRED,,2026-09-23T05:00:01.779Z
888184,"HEBEI CONSTRUCTION GROUP TIANDING CONSTRUCTION AND INSTALLATION ENGINEERING CO.,",China,"LANGFANG CITY, HEBEI PROVINCE","OFFICE 306, COMPREHENSIVE OFFICE BUILDING, WEST OF XICHANG ROAD AND SOUTH OF ANMING ROAD, ANCI HIGH-TECH INDUSTRIAL PARK, ANXI DISTRICT",2024-08-22,2027-07-22,Cross Debarment: ADB,X-DEBARRED,,2026-09-23T05:00:01.779Z
888191,HEBEI CONSTRUCTION GROUP CORPORATION LIMITED LAIYUAN BRANCH,China,"BAODING CITY, HEBEI PROVINCE","NO 112, GUANGPING STREET, LAIYUAN TOWN, LAIYUAN COUNTY",2024-08-22,2027-07-22,Cross Debarment: ADB,X-DEBARRED,,2026-09-23T05:00:01.779Z
888193,HEBEI CONSTRUCTION GROUP CORPORATION LIMITED BEIJING NO 3 BRANCH,China,BEIJING,"ROOM 2908, 2 / F, BUILDING 15, NO 55, LONGHUA STREET, DAXING DISTRICT",2024-08-22,2027-07-22,Cross Debarment: ADB,X-DEBARRED,,2026-09-23T05:00:01.779Z
888235,HEBEI CONSTRUCTION GROUP CORPORATION LIMITED SUZHOU BRANCH,China,,"ROOM 415, BUILDING 1, NO 18, QIHONG ROAD, SUZHOU INDUSTRIAL PARK",2024-08-22,2027-07-22,Cross Debarment: ADB,X-DEBARRED,,2026-09-23T05:00:01.779Z
888241,HEBEI CONSTRUCTION GROUP CORPORATION LIMITED WUXI BRANCH,China,WUXI CITY,"ROOM 315, NO 888, HONGQIAO ROAD, BINHU DISTRICT",2024-08-22,2027-07-22,Cross Debarment: ADB,X-DEBARRED,,2026-09-23T05:00:01.779Z
888302,HEBEI CONSTRUCTION GROUP CORPORATION LIMITED DEZHOU BRANCH,China,"DEZHOU CITY, SHANDONG PROVINCE","NO 506, 5TH FLOOR, GRAIN LOGISTICS COMPLEX BUILDING, COMMERCE AVENUE, CANAL STREET SUB-DISTRICT",2024-08-22,2027-07-22,Cross Debarment: ADB,X-DEBARRED,,2026-09-23T05:00:01.779Z
888308,HEBEI CONSTRUCTION GROUP CORPORATION LIMITED SHIJIAZHUANG ARCHITECTURAL,China,"SHIJIAZHUANG CITY, HEBEI PROVINCE","ROOM 2-811, WANDA PLAZA BUSINESS COMPLEX BUILDING, NO 123, HUAIAN EAST ROAD, YUHUA DISTRICT",2024-08-22,2027-07-22,Cross Debarment: ADB,X-DEBARRED,,2026-09-23T05:00:01.779Z
888309,HEBEI CONSTRUCTION GROUP CORPORATION LIMITED ARCHITECTURAL DESIGN AND RESEARCH I,China,"BAODING CITY, HEBEI PROVINCE","NO 139, WUSI WEST ROAD, JINGXIU DISTRICT",2024-08-22,2027-07-22,Cross Debarment: ADB,X-DEBARRED,,2026-09-23T05:00:01.779Z
888310,HEBEI CONSTRUCTION GROUP CORPORATION LIMITED GAOYI BRANCH,China,"SHIJIAZHUANG, HEBEI PROVINCE","NO 1, HUIFEGNYUAN COMMERCIAL BUILDING, GAOYI TOWN, GAOYI COUNTY,",2024-08-22,2027-07-22,Cross Debarment: ADB,X-DEBARRED,,2026-09-23T05:00:01.779Z
888311,HEBEI CONSTRUCTION GROUP CORPORATION LIMITED GARDEN BRANCH,China,"BAODING CITY, HEBEI PROVINCE","NO 125 , LUGANG ROAD ,JINGXIU DISTRICT",2024-08-22,2027-07-22,Cross Debarment: ADB,X-DEBARRED,,2026-09-23T05:00:01.779Z
888312,HEBEI CONSTRUCTION GROUP CORPORATION LIMITED BEIJING NO 7 BRANCH,China,BEIJING,"NO 18, WITHIN BADALING TOWN GOVERMENT , YANQING DISTRICT,",2024-08-22,2027-07-22,Cross Debarment: ADB,X-DEBARRED,,2026-09-23T05:00:01.779Z
888336,HEBEI CONSTRUCTION GROUP CORPORATION LIMITED YUTIAN BRANCH,China,"TANGSHAN CITY , HEBEI PROVINCE","FULE VILLAGE WEST, YUTIAN COUNTY",2024-08-22,2027-07-22,Cross Debarment: ADB,X-DEBARRED,,2026-09-23T05:00:01.779Z
888360,HEBEI CONSTRUCTION GROUP CORPORATION LIMITED  HUBEI BRANCH,China,HUBEI,"NO 10, 3RD FLOOR , UNIT 1, BUILDING 1, HUANLEXINGCHENG COMMUNITY, HUANGLE  ROAD, WEIJIAWAN ,HONGSHAN DISTRICT,",2024-08-22,2027-07-22,Cross Debarment: ADB,X-DEBARRED,,2026-09-23T05:00:01.779Z
888361,HEBEI CONSTRUCTION GROUP CORPORATION LIMITED HEFENG BRANCH,China,HUBEI PROVINCE,"NO 157, YANHE ROAD, RONGMEI TOWN, HEFENG COUNTY",2024-08-22,2027-07-22,Cross Debarment: ADB,X-DEBARRED,,2026-09-23T05:00:01.779Z
888373,HEBEI CONSTRUCTION GROUP CORPORATION LIMITED LUSHAN BRANCH,China,"LUSHAN CITY, JIUJIANG CITY, JIANGXI PROVINCE","EAST SIDE OF BIGUIYUAN,JINGJIU  ROAD, HEDONG VILLAGE, BAILU TOWN",2024-08-22,2027-07-22,Cross Debarment: ADB,X-DEBARRED,,2026-09-23T05:00:01.779Z
888374,HEBEI CONSTRUCTION GROUP CORPORATION LIMITED SUNIG BRANCH,China,"CANGZHOU CITY, HEBEI PROVINCE","NO. 605 HUASI FASHION STREET, SUNING DEVELOPMENT ZONE",2024-08-22,2027-07-22,Cross Debarment: ADB,X-DEBARRED,,2026-09-23T05:00:01.779Z
888175,"HEBEI TIANRUI PROJECT MANAGEMENT CO., LTD.",China,"BAODING CITY, HEBEI PROVINCE","NO 125 , LUGANG ROAD ,JINGXIU DISTRICT",2024-08-22,2027-07-22,Cross Debarment: ADB,X-DEBARRED,,2026-09-23T05:00:01.779Z
888258,HEBEI CONSTRUCTION GROUP CORPORATION LIMITED CHENGDE CONCRETE BRANCH,China,"CHENGDE CITY, HEBEI PROVINCE","SHIMENGOU VILLAGE,  DASHIMIAO TOWN",2024-08-22,2027-07-22,Cross Debarment: ADB,X-DEBARRED,,2026-09-23T05:00:01.779Z
888121,"HAIYANG LONGHAI AUTOMOBILE INNOVATION PARK DEVELOPMENT CO., LTD.",China,"HAIYANG CITY, YANTAI, SHANDONG PROVINCE",XINGCUN TOWN GOVERNMENT YARD,2024-08-22,2027-07-22,Cross Debarment: ADB,X-DEBARRED,,2026-09-23T05:00:01.779Z
888123,"BOZHOU QIHANG TRANSPORTATION CONSTRUCTION CO., LTD.",China,"BOZHOU CITY, ANHUI PROVINCE","ROOM 105, BUILDING 26, GUANGMING COMMUNITY, GUANGMING ROAD, QIAOCHENG DISTRICT",2024-08-22,2027-07-22,Cross Debarment: ADB,X-DEBARRED,,2026-09-23T05:00:01.779Z
888125,"ANHUI ZHENGRUI CONSTRUCTION ENGINEERING CO., LTD.",China,"ANQING CITY, ANHUI PROVINCE","5F, BUILDING 1, DONGKUN INNOVATION AND TECHNOLOGY INDUSTRIAL PARK, NO.10 HUANXI ROAD, YINGJIANG DISTRICT",2024-08-22,2027-07-22,Cross Debarment: ADB,X-DEBARRED,,2026-09-23T05:00:01.779Z
888693,HEBEI CONSTRUCTION GROUP CORPORATION LIMITED HANDAN YONGNIAN DISTRICT BRANCH,China,"HANDAN CITY, HEBEI PROVINCE","WEST OF FUQIANG ROAD,  NORTH OF YUWEN STREET , LINGUAN TOWN, YONGNIAN DISTRICT,",2024-08-22,2027-07-22,Cross Debarment: ADB,X-DEBARRED,,2026-09-23T05:00:01.779Z
888694,HEBEI CONSTRUCTION GROUP CORPORATION LIMITED QINGYUAN BRANCH,China,BAODING CITY,"NO 388, WEST DEVELOPMENT ROAD, QINGYUAN DISTRICT",2024-08-22,2027-07-22,Cross Debarment: ADB,X-DEBARRED,,2026-09-23T05:00:01.779Z
888038,HEBEI CONSTRUCTION GROUP CORPORATION LIMITED,China,"BAODING CITY, HEBEI PROVINCE","NO. 125, LUGANG ROAD, JINGXIU DISTRICT",2024-08-22,2027-07-22,Cross Debarment: ADB,X-DEBARRED,,2026-09-23T05:00:01.779Z
888127,"HEBEI CONSTRUCTION GROUP WUHU BAOJIAN CONSTRUCTION CO., LTD.",China,"WUHU CITY, ANHUI PROVINCE","1-701, E AREA, CONSTRUCTION HEADQUARTERS, JIANGBEI NEW DISTRICT,150 METERS SOUTH OF TONGJIANG AVENUE, JIANGBEI INDUSTRIAL",2024-08-22,2027-07-22,Cross Debarment: ADB,X-DEBARRED,,2026-09-23T05:00:01.779Z
888128,"HEBEI TIANKAI CONSTRUCTION ENGINEERING CO., LTD.",China,"BAODING CITY, HEBEI PROVINCE","O. 382, WEST DEVELOPMENT ROAD, QINGYUAN DISTRICT",2024-08-22,2027-07-22,Cross Debarment: ADB,X-DEBARRED,,2026-09-23T05:00:01.779Z
631412,OMAR ENRIQUE ÁLVAREZ ESCORCIA,Colombia,BARRANQUILLA,"CALLE 98 NO. 42 G 61, TORRE 3,APARTAMENTO 403, MIRADOR DEL MAR L.",2021-12-23,2030-11-07,Cross Debarment: IDB,X-DEBARRED,,2026-09-23T05:00:01.779Z
631395,MEDIREDES S.A.S. O GESTIÓN Y PROYECTOS CONSTRUCCIONES GROUP S.A.S.,Colombia,BARRANQUILLA,"CALLE 64 NO. 53-25, LOCALES 1 Y 10",2021-12-23,2035-11-07,Cross Debarment: IDB,X-DEBARRED,,2026-09-23T05:00:01.779Z
631417,INGENIEROS CONSULTORES Y ASESORES TÉCNICOS SOCIEDAD DE RESPONSABILIDAD LIMITADA,Honduras,TEGUCIGALPA,"COLONIA HATO DE ENMEDIO, SECTOR 8, BLOQUE 108, CASA 3902, CALLE PRINCIPAL, IN FRONT OF HOSPITAL SAN JORGE, SAME PLACE AS HOTEL LA ESTANCIA.",2021-12-23,2033-11-21,Cross Debarment: IDB,X-DEBARRED,,2026-09-23T05:00:01.779Z
623759,AGUS BASTONI,Indonesia,TANGERANG SELATAN 15000,"BUKIT PAMULANG INDAH B-1/2 RT. 003/009, KELURAHAN PAMULANG BARAT, KECAMATAN PAMULANG",2021-11-24,2999-12-31,Cross Debarment: ADB,X-DEBARRED,Ongoing,2026-09-23T05:00:01.779Z
631411,HARRY VILLALOBOS TEJADA,Colombia,BARRANQUILLA,"CALLE 64 NO. 53-25, LOCALES 1 Y 10",2021-12-23,2035-11-07,Cross Debarment: IDB,X-DEBARRED,,2026-09-23T05:00:01.779Z
631419,WALTERIO ROMERO VALLADARES,Honduras,TEGUCIGALPA,"COLONIA HATO DE ENMEDIO, SECTOR 8,BLOQUE 108, CASA 3902, CALLE PRINCIPAL, IN FRONT OF HOSPITAL SAN JORGE, SAME PLACE AS HOTEL LA ESTANCIA.",2021-12-23,2033-12-21,Cross Debarment: IDB,X-DEBARRED,,2026-09-23T05:00:01.779Z
640168,SACHA BRECKENFELD RECK,Brazil,ITAJAI – SC. BRAZIL,"AV. CORONEL MARCOS KONDER, N. 1207, SALA 98.",2022-02-03,2029-12-26,Cross Debarment: IDB,X-DEBARRED,,2026-09-23T05:00:01.779Z
608542,"S.D.C CONSULTING CO., LTD. (CAMBODIA)",Cambodia,"KHAN RUSSEY KEO, PHNOM PENH","NO. 06, NATIONAL ROAD NO. 5 AND STREET NO. 13, SANGKAT CHARNG CHAMRES II",2021-09-23,2999-12-31,Cross Debarment: ADB,X-DEBARRED,Ongoing,2026-09-23T05:00:01.779Z
621047,ORANGE CAPITAL LIMITED,"Hong Kong SAR, China",CENTRAL HONG KONG,"7TH FLOOR, RUTTONJEE HOUSE, 11 DUDDELL STREET",2021-11-12,2031-10-26,Cross Debarment: IDB,X-DEBARRED,,2026-09-23T05:00:01.779Z
621023,ASESORES BYPSA,"Venezuela, Republica Bolivariana de",CARACAS 1050,"CALLE SAN CAMILO, EDIFICIO LAS TAPARITAS PISO 2, 2-2,LAS PALMAS",2021-11-12,2031-10-26,Cross Debarment: IDB,X-DEBARRED,,2026-09-23T05:00:01.779Z
621025,BFG CONSULTING LIMITED,"Virgin Islands, British","TORTOLA, VG1110","VISTRA CORPORATE SERVICES CENTRE, WICKHAMS CAY II,ROAD TOWN",2021-11-12,2031-10-26,Cross Debarment: IDB,X-DEBARRED,,2026-09-23T05:00:01.779Z
623246,ADEMHAN MAKINE TARIM INSAAT GIDA NAKLIYAT ITHALAT IHRACAAT SANAYI VE TICARET LIM,Turkiye,DIYARBAKIR,"DICLEKENT MAHALLESI 625, SOK CENTRO PLAZA 2A/BLOK NO. 28, KAYAPINAR",2021-11-22,2999-12-31,Cross Debarment: ADB,X-DEBARRED,Ongoing,2026-09-23T05:00:01.779Z
608541,SUSTAINABLE DEVELOPMENT CONSULTANTS (CAMBODIA) LTD.,Cambodia,"KHAN RUSSEY KEO, PHNOM PENH","NO. 06, NATIONAL ROAD NO. 5 AND STREET NO. 13, SANGKAT CHARNG CHAMRES II",2021-09-23,2999-12-31,Cross Debarment: ADB,X-DEBARRED,Ongoing,2026-09-23T05:00:01.779Z
621046,DIGIMAX SERVICES LIMITED,"Hong Kong SAR, China",CENTRAL HONG KONG,"7TH FLOOR, RUTTONJEE HOUSE, 11 DUDDELL STREET",2021-11-12,2031-10-26,Cross Debarment: IDB,X-DEBARRED,,2026-09-23T05:00:01.779Z
582646,M/S BELAL & BROTHER’S,Bangladesh,DHAKA-215,"46/1, EAST TETJURI BAZAR TEJGAON",2021-06-14,2027-02-12,Cross Debarment: ADB,X-DEBARRED,,2026-09-23T05:00:01.779Z
623247,ABDULHAMIT ADEMHAN,Turkiye,DIYARBAKIR,"DICLEKENT MAHALLESI 625, SOK CENTRO PLAZA 2A/BLOK NO. 28, KAYAPINAR",2021-11-22,2999-12-31,Cross Debarment: ADB,X-DEBARRED,Ongoing,2026-09-23T05:00:01.779Z
614739,NOAH ROSENKRANTZ,United States,WASHINGTON,,2021-10-18,2029-09-19,Cross Debarment: IDB,X-DEBARRED,,2026-09-23T05:00:01.779Z
707224,MR. AMIR UDDIN SHAH,Pakistan,"TOOPO WALA, D.I. KHAN","SUNAHRI PLAZA, NOOR ELECTRICAL",2022-11-08,2028-07-13,Cross Debarment: ADB,X-DEBARRED,,2026-09-23T05:00:01.779Z
582645,M/S BELAL & BROTHER’S,Bangladesh,DHAKA 1206,"HOUSE #407 (1ST FLOOR), ROAD #39, NEW DOHS, MOHAKHALI",2021-06-14,2027-02-12,Cross Debarment: ADB,X-DEBARRED,,2026-09-23T05:00:01.779Z
595437,TUAN HUNG LTD.,Viet Nam,NGHE AN PROVINCE,"XUAN TAN WARD, XUAN THANH COMMUNE, YEN THANH DISTRICT",2021-07-30,2999-12-31,Cross Debarment: ADB,X-DEBARRED,Ongoing,2026-09-23T05:00:01.779Z
595438,TUAN HUNG LTD.,Viet Nam,"COMMUNE XUAN THANH, DISTRICT YEN THANH","NHA BA DOAN THI TAM, XOM TAN XUAN",2021-07-30,2999-12-31,Cross Debarment: ADB,X-DEBARRED,Ongoing,2026-09-23T05:00:01.779Z
595439,MR. LUU DUC TUAN,Viet Nam,NGHE AN PROVINCE,"XUAN TAN WARD, XUAN THANH COMMUNE, YEN THANH DISTRICT",2021-07-30,2999-12-31,Cross Debarment: ADB,X-DEBARRED,Ongoing,2026-09-23T05:00:01.779Z
595440,MR. LUU DUC TUAN,Viet Nam,"COMMUNE XUAN THANH, DISTRICT YEN THANH","NHA BA DOAN THI TAM, XOM TAN XUAN",2021-07-30,2999-12-31,Cross Debarment: ADB,X-DEBARRED,Ongoing,2026-09-23T05:00:01.779Z
705594,"SOMSAVANH CHALEUN CONSTRUCTION CO., LTD.",Lao People's Democratic Republic,CHAMPASAK PROVINCE,"PHONSAVANH VILLAGE, PAKSE DISTRICT",2022-11-01,2027-07-13,Cross Debarment: ADB,X-DEBARRED,,2026-09-23T05:00:01.779Z
707119,M/S PIR AZMAT SHAH & SONS,Pakistan,"HIKMAT ABAD, D.I. KHAN",ARAA GANDI UMAR KHAN ROAD,2022-11-08,2028-07-13,Cross Debarment: ADB,X-DEBARRED,,2026-09-23T05:00:01.779Z
707223,M/S PIR AZMAT SHAH & SONS,Pakistan,"TOOPO WALA, D.I. KHAN","SUNAHRI PLAZA, NOOR ELECTRICAL",2022-11-08,2028-07-13,Cross Debarment: ADB,X-DEBARRED,,2026-09-23T05:00:01.779Z
689277,MS. EILYEN NALLELY DELGADO ALFARO,Costa Rica,SAN JOSÉ,"LA ALAJUELITA, URBANIZACIÓN CHARRETEGA, BLOQUE 15, CASA 6",2022-08-31,2033-07-28,Cross Debarment: IDB,X-DEBARRED,,2026-09-23T05:00:01.779Z
705595,MR. KHAMKY SOMCHAYNEUK,Lao People's Democratic Republic,CHAMPASAK PROVINCE,"PHONSAVANH VILLAGE, PAKSE DISTRICT",2022-11-01,2027-07-13,Cross Debarment: ADB,X-DEBARRED,,2026-09-23T05:00:01.779Z
707120,MR. AMIR UDDIN SHAH,Pakistan,"HIKMAT ABAD, D.I. KHAN",ARAA GANDI UMAR KHAN ROAD,2022-11-08,2028-07-13,Cross Debarment: ADB,X-DEBARRED,,2026-09-23T05:00:01.779Z
665565,LUTOYILEX CONSTRUCT LIMITED,Nigeria,FCT-ABUJA,"SUITE 295, 1ST FLOOR, SOAR PLAZA, 1ST AVENUE",2022-05-17,2999-12-31,Cross Debarment: AfDB,X-DEBARRED,Ongoing,2026-09-23T05:00:01.779Z
658734,PRO-IMMOBLES S.L.,Spain,,,2022-04-19,2032-03-24,Cross Debarment: IDB,X-DEBARRED,,2026-09-23T05:00:01.779Z
658732,MR. JAVIER OLCINA FELIÚ,Spain,,,2022-04-19,2031-03-24,Cross Debarment: IDB,X-DEBARRED,,2026-09-23T05:00:01.779Z
658735,ULIFE AMÉRICA CENTRAL S.A.,Panama,,,2022-04-19,2030-03-24,Cross Debarment: IDB,X-DEBARRED,,2026-09-23T05:00:01.779Z
732541,SONY COMMERCIAL AGENCIES,Kenya,NAIROBI,P.O. BOX 16416 – 00100,2023-03-01,2999-12-31,Cross Debarment: AfDB,X-DEBARRED,Ongoing,2026-09-23T05:00:01.779Z
662424,MR. EDMUND MABIRO,Uganda,KAMPALA,"PLOT 24, KAMPALA ROAD, PO BOX 26534",2022-05-03,2999-12-31,Cross Debarment: AfDB,X-DEBARRED,Ongoing,2026-09-23T05:00:01.779Z
658731,MR. PAU LLOPART VIDAL,Spain,,,2022-04-19,2032-03-24,Cross Debarment: IDB,X-DEBARRED,,2026-09-23T05:00:01.779Z
662422,LIBERTY CONSTRUCTION LIMITED,Uganda,KAMPALA,"PLOT 24, KAMPALA ROAD, PO BOX 26534",2022-05-03,2999-12-31,Cross Debarment: AfDB,X-DEBARRED,Ongoing,2026-09-23T05:00:01.779Z
658737,LOGITRANS LOGÍSTICA ENGENHARIA E TRANSPORTES LTDA.,Brazil,,,2022-04-19,2028-03-24,Cross Debarment: IDB,X-DEBARRED,,2026-09-23T05:00:01.779Z
665582,MR. BAMIDELE OBINIYI,Nigeria,FCT-ABUJA,"SUITE 295, 1ST FLOOR, SOAR PLAZA, 1ST AVENUE, GWARIMPA",2022-05-17,2999-12-31,Cross Debarment: AfDB,X-DEBARRED,Ongoing,2026-09-23T05:00:01.779Z
671883,BRANCH OF ROYAL ROAD LIMITED,Cambodia,PHNOM PENH 12308,"PHUM 6, TUAI SVAY PREY MUOY, CHAMKAR MON",2022-06-13,2999-12-31,Cross Debarment: ADB,X-DEBARRED,Ongoing,2026-09-23T05:00:01.779Z
671885,M.N. MALLICK & COMPANY,Bangladesh,DHAKA 1000,87 PURANA PALTAN LINE,2022-06-13,2999-12-31,Cross Debarment: ADB,X-DEBARRED,Ongoing,2026-09-23T05:00:01.779Z
671886,MR. MAHABUB ALAM MALLICK,Bangladesh,DHAKA 1000,87 PURANA PALTAN LINE,2022-06-13,2999-12-31,Cross Debarment: ADB,X-DEBARRED,Ongoing,2026-09-23T05:00:01.779Z
666304,MR. BEN DAVID ETCHEVERRY ERGUETA,Bolivia,CHUQUISACA,"CALLE 29 DE SEPTIEMBRE NRO. 340, ZONA TERMINAL DE BUSES",2022-05-20,2028-04-18,Cross Debarment: IDB,X-DEBARRED,,2026-09-23T05:00:01.779Z
658739,MR. ANTONIO CARLOS MARCHEZETTI,Brazil,,,2022-04-19,2028-03-24,Cross Debarment: IDB,X-DEBARRED,,2026-09-23T05:00:01.779Z
671884,"ASIAN TECHNICAL ASSISTANCE CO., LTD.",Cambodia,"PHNOM PENH, 12351","PHUM SANSAM KOSAL 1, BOENG TUMPUN, MEAN CHEAY",2022-06-13,2999-12-31,Cross Debarment: ADB,X-DEBARRED,Ongoing,2026-09-23T05:00:01.779Z
671871,MR. KIMCHHEAN YIM,Cambodia,"PHNOM PENH, 12351","31BT, PHUM SANSAM KOSAL 1, BOENG TUMPUN, MEAN CHEAY",2022-06-13,2999-12-31,Cross Debarment: ADB,X-DEBARRED,Ongoing,2026-09-23T05:00:01.779Z
671872,"PROJECT CONSULT INSTITUTE PCI CO., LTD.",Cambodia,"PHNOM PENH, 12351","903, 31BT, PHUM SANSAM KOSAL 1, BOENG TUMPUN, MEAN CHEY",2022-06-13,2999-12-31,Cross Debarment: ADB,X-DEBARRED,Ongoing,2026-09-23T05:00:01.779Z
671874,PYRAMID E&C CO. LTD.,Cambodia,"PHNOM PENH, 12351","903, 31 BT, PHUM SANSAM KOSAL 1, BOENG TUMPUN, MEAN CHEY",2022-06-13,2999-12-31,Cross Debarment: ADB,X-DEBARRED,Ongoing,2026-09-23T05:00:01.779Z
671881,BRANCH OF CANADA CONSTRUCTION COOPERATION LIMITED,Cambodia,PHNOM PENH,"PHUM 6, TUAI SVAY PREY MUOY, CHAMKAR MON",2022-06-13,2999-12-31,Cross Debarment: ADB,X-DEBARRED,Ongoing,2026-09-23T05:00:01.779Z
671882,BRANCH OF CANADA CONSTRUCTION COOPERATION LIMITED,Cambodia,PHNOM PENH 12351,"PHUM SANSAM KASAL 1, BOENG TUMPUN, MEAN CHEY",2022-06-13,2999-12-31,Cross Debarment: ADB,X-DEBARRED,Ongoing,2026-09-23T05:00:01.779Z
659005,MR. MOHAN KRISHNAN PODUVAL,Malaysia,"ALOR SETAR, KEDAH, MALAYSIA","250 TAMAN PULASAN, FASA 6, JALAN ALOR MENGKUDU,",2022-04-20,2999-12-31,Cross Debarment: ADB,X-DEBARRED,Ongoing,2026-09-23T05:00:01.779Z
658736,BIENES RAÍCES Y CONSTRUCCIONES NOSTROT S.A.,Panama,,,2022-04-19,2031-03-24,Cross Debarment: IDB,X-DEBARRED,,2026-09-23T05:00:01.779Z
764998,ZHIKE ZHANG,China,"XIANXIANG CITY, HENAN PROVINCE 453300","C/O HENAN QIANKUN ROAD AND BRIDGE ENGINEERING CO. LTD. NO. 51 GOGNYE ROAD, FENGQIU COUNTY",2019-09-25,2999-12-31,Cross Debarment: ADB,X-DEBARRED,Ongoing,2026-09-23T05:00:01.779Z
750641,M/S. A.S. CONSTRUCTION,Bangladesh,"BOALIA, RAJSHAHI-6000","E-799 KADIRGONJ, GHORAMARA",2023-05-09,2030-03-14,Cross Debarment: ADB,X-DEBARRED,,2026-09-23T05:00:01.779Z
755975,TODINI COSTRUZIONI GENERALI S.P.A.,Italy,ROME,VIA AURELIA 475/477 - 00165,2023-05-31,2029-11-24,Cross Debarment: ADB,X-DEBARRED,,2026-09-23T05:00:01.779Z
750637,MR. MD. ABDUL AWAL,Bangladesh,"BOALIA, RAJSHAHI-6000","HOUSE NO. C-151, SEROIL COLONY, GHORAMA",2023-05-09,2030-03-14,Cross Debarment: ADB,X-DEBARRED,,2026-09-23T05:00:01.779Z
743619,"SHAANXI HERUI TECHNOLOGY DEVELOPMENT CO., LTD",China,"XI'AN CITY, SHAANXI PROVINCE","ROOM 20101, UNIT 2, BUILDING 2, NO. 59 OF PARK NORTH ROAD XINCHENG DISTRICT",2023-04-14,2026-11-22,Cross Debarment: ADB,X-DEBARRED,,2026-09-23T05:00:01.779Z
755981,MR. BEKHRUZ GULRUZOV,Tajikistan,DUSHANBE,"FEDIN STR. 3, QUARTER-29",2023-05-31,2027-11-24,Cross Debarment: ADB,X-DEBARRED,,2026-09-23T05:00:01.779Z
750639,M/S. A.S. CONSTRUCTION,Bangladesh,"BOALIA, RAJSHAHI-6000","HOUSE NO. C-151, SEROIL COLONY, GHORAMA",2023-05-09,2030-03-14,Cross Debarment: ADB,X-DEBARRED,,2026-09-23T05:00:01.779Z
731935,ZIMO LTD.,Georgia,TBILISI 0194,"25B AND 25 ADAM MITSKEVICHI STR,VAKE-SABURTALO DISTRICT",2023-02-27,2027-11-07,Cross Debarment: ADB,X-DEBARRED,,2026-09-23T05:00:01.779Z
731943,ZIMO LTD.,Georgia,TBILISI 0160,19A ALEKSANDRE KAZBEGI AVENUE,2023-02-27,2027-11-07,Cross Debarment: ADB,X-DEBARRED,,2026-09-23T05:00:01.779Z
716873,GESAWORLD DO BRASIL LIMITADA,Brazil,,,2022-12-20,2032-11-13,Cross Debarment: IDB,X-DEBARRED,,2026-09-23T05:00:01.779Z
734053,GENÇ İNŞAAT LIMITED ŞIRKETI,Turkiye,YILDIZ/ANKARA,"ILKBAHAR, 606. SOKAK NO: 22",2023-03-08,2026-12-05,Cross Debarment: EBRD,X-DEBARRED,,2026-09-23T05:00:01.779Z
716880,MARCELO DANIEL ROMERO,Argentina,PROVINCIA DE CATAMARCA C.P.,"NIEVA DE CASTILLA 214, ANDALGALÁ,4740",2022-12-20,2029-11-17,Cross Debarment: IDB,X-DEBARRED,,2026-09-23T05:00:01.779Z
717314,GESAWORLD USA LIMITED LIABILITY,United States,MIAMI,,2022-12-20,2032-11-13,Cross Debarment: IDB,X-DEBARRED,,2026-09-23T05:00:01.779Z
732528,SARGITTARIUS HENAN WATER CONSERVANCY ENGINEERING LIMITED,Nigeria,LAGOS,"NO. 22B, ADEBAYO DOHERTY ROAD, LEKKI PHASE 1",2023-03-01,2999-12-31,Cross Debarment: AFDB,X-DEBARRED,Ongoing,2026-09-23T05:00:01.779Z
716916,GESAWORLD GROUP S.A.,Spain,,,2022-12-20,2032-11-13,Cross Debarment: IDB,X-DEBARRED,,2026-09-23T05:00:01.779Z
716877,GESAWORLD CHILE LIMITADA,Chile,,,2022-12-20,2032-11-13,Cross Debarment: IDB,X-DEBARRED,,2026-09-23T05:00:01.779Z
716871,ROSER VICENTE RUIZ,Spain,,,2022-12-20,2032-11-13,Cross Debarment: IDB,X-DEBARRED,,2026-09-23T05:00:01.779Z
716879,ISABEL PATRICIA CARRIZO,Argentina,,,2022-12-20,2029-11-17,Cross Debarment: IDB,X-DEBARRED,,2026-09-23T05:00:01.779Z
716854,INVERSIONES ATLANTIC S.A. DE C.V.,El Salvador,,,2022-12-20,2037-10-27,Cross Debarment: IDB,X-DEBARRED,,2026-09-23T05:00:01.779Z
716855,HÉCTOR ALFONSO VELASCO RIVAS,El Salvador,,,2022-12-20,2037-10-27,Cross Debarment: IDB,X-DEBARRED,,2026-09-23T05:00:01.779Z
716872,JOSÉ ANTONIO LÁZARO ROMEU,Spain,BARCELONA,"COMTE D URQETL, 204, 5°B, 08036",2022-12-20,2032-11-13,Cross Debarment: IDB,X-DEBARRED,,2026-09-23T05:00:01.779Z
716875,GESAWORLD PANAMÁ S.A.,Panama,,,2022-12-20,2032-11-13,Cross Debarment: IDB,X-DEBARRED,,2026-09-23T05:00:01.779Z
716878,GESAWORLD MÉXICO S.A. DE C.V.,Mexico,,,2022-12-20,2032-11-13,Cross Debarment: IDB,X-DEBARRED,,2026-09-23T05:00:01.779Z
732542,BETA TRADING COMPANY,Kenya,NAIROBI,P.O. BOX 16416 – 00100,2023-03-01,2999-12-31,Cross Debarment: AfDB,X-DEBARRED,Ongoing,2026-09-23T05:00:01.779Z
732531,SARGITTARIUS NIGERIA LIMITED,Nigeria,LAGOS,"NO. 22B ADEBAYO DOHERTY ROAD, LEKKI PHASE 1",2023-03-01,2999-12-31,Cross Debarment: AfDB,X-DEBARRED,Ongoing,2026-09-23T05:00:01.779Z
732535,EVA-TOP AGENCIES,Kenya,NAIROBI,P.O. BOX 2680 – 00100,2023-03-01,2999-12-31,Cross Debarment: AfDB,X-DEBARRED,Ongoing,2026-09-23T05:00:01.779Z
732543,MADUJEY GLOBAL SERVICES,Kenya,NAIROBI,P.O. BOX 117890-00100,2023-03-01,2999-12-31,Cross Debarment: AfDB,X-DEBARRED,Ongoing,2026-09-23T05:00:01.779Z
721038,U&R CONSTRUCCIONES S.A. DE C.V.,El Salvador,,,2023-01-13,2029-12-12,Cross Debarment: IDB,X-DEBARRED,,2026-09-23T05:00:01.779Z
721041,CONSTRUCCIONES DE OBRAS CIVILES S.A. DE C.V.,El Salvador,,,2023-01-13,2028-12-12,Cross Debarment: IDB,X-DEBARRED,,2026-09-23T05:00:01.779Z
716868,FERNANDO BLADIMIR PEÑA PINEDA,El Salvador,LLOPANGO,"RESIDENCIA VILLA DEL SOL ILL, SENDA 64,NÚMERO 77",2022-12-20,2027-10-27,Cross Debarment: IDB,X-DEBARRED,,2026-09-23T05:00:01.779Z
721040,LEONCIO ANTONIO URBINA CLAROS,El Salvador,SAN MIGUEL,"CALLE 97 ELIZABETH, RESIDENCIAL PORTALES E BARCELONA NÚMERO 30, POLÍGONO 98 H.",2023-01-13,2029-12-12,Cross Debarment: IDB,X-DEBARRED,,2026-09-23T05:00:01.779Z
721042,JUAN EDGARDO ANDRADE PEÑATE,El Salvador,SAN LORENZO AHUACHAPÁN,"BARRIO LA VEGA, CALLE AL CEMENTERIO",2023-01-13,2028-12-12,Cross Debarment: IDB,X-DEBARRED,,2026-09-23T05:00:01.779Z
888272,HEBEI CONSTRUCTION GROUP CORPORATION LIMITED MOZAMBIQUE BRANCH,Mozambique,SAISAI,65/1659-CHIGUBO,2024-08-22,2027-07-22,Cross Debarment: ADB,X-DEBARRED,,2026-09-23T05:00:01.779Z
716866,NELSON ALEXANDER NÚÑEZ GONZÁLEZ,El Salvador,,,2022-12-20,2037-10-27,Cross Debarment: IDB,X-DEBARRED,,2026-09-23T05:00:01.779Z
716867,PROYECTOS DIVERSOS INTEGRADOS S.A. DE C.V.,El Salvador,SAN MARTÍN,"KILÓMETRO 14 CARRETERA PANAMERICANA,FRENTE A LA COLONIA TIERRA VIRGEN",2022-12-20,2037-10-27,Cross Debarment: IDB,X-DEBARRED,,2026-09-23T05:00:01.779Z
716869,PROYECTOS Y MECANIZADOS DIVERSOS S.A. DE C.V.,El Salvador,,,2022-12-20,2027-10-27,Cross Debarment: IDB,X-DEBARRED,,2026-09-23T05:00:01.779Z
732534,AEROSPACE AVIATION,Kenya,THIKA,P.O. BOX 1007-00100,2023-03-01,2999-12-31,Cross Debarment: AfDB,X-DEBARRED,Ongoing,2026-09-23T05:00:01.779Z
818299,FARAD DOS SANTOS MERCÊS,Brazil,"ARACAJU - SE, 49020-530","RUA TEIXEIRA DE FREITAS 272, SALGADO FILHO",2023-12-28,2029-10-30,Cross Debarment: IDB,X-DEBARRED,,2026-09-23T05:00:01.779Z
829911,MR. JORAM OPALA OTIENO,Kenya,NAIROBI,"CBD, SUNA BUILDING, SIRARE ROAD EAST/WESWETA 1/32, P.O. BOX 32, STAREHE DISTRICT, SUNA",2022-03-01,2999-12-31,Cross Debarment: AfDB,X-DEBARRED,Ongoing,2026-09-23T05:00:01.779Z
818300,F.I. COMÉRCIO EM GERAL EIRELI,Brazil,"ARACAJU - SE, 49087-250","RUA HERILDO BRITO 287, GALPÃO B, BAIRRO SANTOS DUMONT",2023-12-28,2029-10-30,Cross Debarment: IDB,X-DEBARRED,,2026-09-23T05:00:01.779Z
826459,EGIS EAU S.A.S.,France,78286 SAINT-QUENTIN-EN-YVELINES CEDEX,"15 AVENUE DU CENTRE, CS 20538 GUYANCOURT",2024-02-02,2027-01-02,Cross Debarment: IDB,X-DEBARRED,,2026-09-23T05:00:01.779Z
826460,EGIS INTERNATIONAL S.A.S,France,78286 SAINT-QUENTIN-EN-YVELINES CEDEX,"15 AVENUE DU CENTRE, CS 20538 GUYANCOURT",2024-02-02,2027-01-02,Cross Debarment: IDB,X-DEBARRED,,2026-09-23T05:00:01.779Z
818306,FUTURA DISTRIBUIDORA E COMÉRCIO EM GERAL EIRELI,Brazil,"ARACAJU - SE, 49050-170",PRAÇA VALDEMAR FONTES CARDOSO 33 BAIRRO SUIÇA,2023-12-28,2028-10-30,Cross Debarment: IDB,X-DEBARRED,,2026-09-23T05:00:01.779Z
818307,FUTURA CLIMATIZAÇÃO DISTRIBUIDORA COMÉRCIO E SERVIÇOS LTDA.,Brazil,"ARACAJU - SE, 49047-040","AV. AUGUSTO FRANCO 3097, PAVIMENTO TÉRREO PONTO NOVO",2023-12-28,2029-10-31,Cross Debarment: IDB,X-DEBARRED,,2026-09-23T05:00:01.779Z
818308,LICITA DISTRIBUIDORA COMÉRCIO E SERVIÇOS EIRELI,Brazil,"ARACAJU - SE, 49072-750",RUA VEREADOR JOÃO CLARO 219 DEZOITO DO FORTE,2023-12-28,2029-10-30,Cross Debarment: IDB,X-DEBARRED,,2026-09-23T05:00:01.779Z
818309,FREDERICO DE OLIVEIRA ROSA,Brazil,"ARACAJU - SE, 49095-750","RUA DO HORTO (COND. VILA VERDE), BLOCO EUCALIPTO, APT. 607, NO. 240, BAIRRO JABOTIANA",2023-12-28,2029-10-30,Cross Debarment: IDB,X-DEBARRED,,2026-09-23T05:00:01.779Z
818310,JLM DISTRIBUIDORA COMÉRCIO E SERVIÇOS EIRELI,Brazil,"ARACAJU - SE, 49052-125",RUA LEONEL CURVELO 1129 BAIRRO PEREIRA LOBO,2023-12-28,2029-10-31,Cross Debarment: IDB,X-DEBARRED,,2026-09-23T05:00:01.779Z
816302,LEI SITAO,China,"WEIYANG DISTRICT, XI'AN CITY, 710000",NO.6 EPANG 1ST ROAD,2020-04-06,2999-12-31,Cross Debarment: ADB,X-DEBARRED,Ongoing,2026-09-23T05:00:01.779Z
826466,EGIS COLOMBIA S.A.S.,Colombia,110221 BOGOTA DC,CALLE 75# 13-51 PISO 6,2024-02-02,2027-01-02,Cross Debarment: IDB,X-DEBARRED,,2026-09-23T05:00:01.779Z
829874,MACTEBAC CONTRACTORS LIMITED,Kenya,NAIROBI,"CBD, SUNA BUILDING, SIRARE ROAD EAST/WESWETA 1/32, P.O. BOX 32, STAREHE DISTRICT, SUNA",2022-03-01,2999-12-31,Cross Debarment: AfDB,X-DEBARRED,Ongoing,2026-09-23T05:00:01.779Z
888371,HEBEI CONSTRUCTION GROUP CORPORATION LIMITED YUNNAN BRANCH,China,,"4 / F, BUILDING 2, XINGCHEN PARK, GUANGJU ROAD, GUANDU DISTRICT, KUNMING, CHINA (YUNNAN) FREE TRADE PILOT ZONE",2024-08-22,2027-07-22,Cross Debarment: ADB,X-DEBARRED,,2026-09-23T05:00:01.779Z
888130,"GUIZHOU TIANZE CONSTRUCTION ENGINEERING CO., LTD.",China,"TONGREN CITY, GUIZHOU PROVINCE","4-17, BUILDING 24, FANJINGSHAN ECO-AGRICULTURAL SCIENCE PARK AND TONGREN YIWU COMMODITY CITY, NO 90 ,GUIHUA AVENUE, RENSHAN STREET, WANSHAN",2024-08-22,2027-07-22,Cross Debarment: ADB,X-DEBARRED,,2026-09-23T05:00:01.779Z
888140,"CHENGDE CITY FENGYUAN CONCRETE CO., LTD.",China,"CHENGDE CITY, HEBEI PROVINCE","SHOP 139, BUILDING B, XINHUIWAN TRADE CITY, SHUANGLUAN DISTRICT",2024-08-22,2027-07-22,Cross Debarment: ADB,X-DEBARRED,,2026-09-23T05:00:01.779Z
888147,"HEBEI ZHUOCHENG ENGINEERING INSPECTION CO., LTD.",China,BAODING CITY,"NO 48 ,FUCHANG ROAD , JIANSHE SOUTH ROAD STREET OFFICE, JINGXIU DISTRICT",2024-08-22,2027-07-22,Cross Debarment: ADB,X-DEBARRED,,2026-09-23T05:00:01.779Z
888266,HEBEI CONSTRUCTION GROUP CORPORATION LIMITED BAODING HIGHWAY AND MAINTENANCE BRA,China,"BAODING CITY, HEBEI PROVINCE","NO 48-1, FUCHANG ROAD, JINGXIU DISTRICT",2024-08-22,2027-07-22,Cross Debarment: ADB,X-DEBARRED,,2026-09-23T05:00:01.779Z
888268,HEBEI CONSTRUCTION GROUP CORPORATION LIMITED JULU COUNTY BRANCH,China,"XINGTAI CITY, HEBEI PROVINCE","100 METERS EAST OF THE INTERSECTION OF HUANGJIN AVENUE AND XIYUAN ROAD, JULU COUNTY",2024-08-22,2027-07-22,Cross Debarment: ADB,X-DEBARRED,,2026-09-23T05:00:01.779Z
888269,HEBEI CONSTRUCTION GROUP CORPORATION LIMITED SHUNPING BRANCH,China,"BAODING CITY, HEBEI PROVINCE","NO 3-10 ,COMMERCIAL STREET STORE (2), PUJIN ROAD, SHUNPING COUNTY",2024-08-22,2027-07-22,Cross Debarment: ADB,X-DEBARRED,,2026-09-23T05:00:01.779Z
888261,HEBEI CONSTRUCTION GROUP CORPORATION LIMITED RONGCHENG CONCRETE BRANCH,China,HEBEI PROVINCE,"XINZHUANG VILLAGE, RONGCHENG  COUNTY",2024-08-22,2027-07-22,Cross Debarment: ADB,X-DEBARRED,,2026-09-23T05:00:01.779Z
888238,HEBEI CONSTRUCTION GROUP CORPORATION LIMITED HEYUAN BRANCH,China,"HEYUAN CITY, GUANGDONG PROVINCE","TUO CHENG CENTER STREET NORTH GATE INTERSECTION, LONGCHUAN COUNTY",2024-08-22,2027-07-22,Cross Debarment: ADB,X-DEBARRED,,2026-09-23T05:00:01.779Z
888257,HEBEI CONSTRUCTION GROUP CORPORATION LIMITED CONCRETE BRANCH,China,"BAODING CITY, HEBEI PROVINCE","NO 3083,  TIANWEI WEST ROAD, JINGXIU DISTRICT",2024-08-22,2027-07-22,Cross Debarment: ADB,X-DEBARRED,,2026-09-23T05:00:01.779Z
888259,HEBEI CONSTRUCTION GROUP CORPORATION LIMITED CHENGDE SHAUNGLUAN CONCRETE BRANCH,China,"CHENGDE CITY, HEBEI PROVINCE","SANCHA VILLAGE, SHUANGTASHAN TOWN, SHUANGLUAN DISTRICT",2024-08-22,2027-07-22,Cross Debarment: ADB,X-DEBARRED,,2026-09-23T05:00:01.779Z
888263,HEBEI CONSTRUCTION GROUP CORPORATION LIMITED INFRASTRUCTURE BRANCH,China,"BAODING CITY, HEBEI PROVINCE","NO 125, LUGANG ROAD, JINGXIU DISTRICT",2024-08-22,2027-07-22,Cross Debarment: ADB,X-DEBARRED,,2026-09-23T05:00:01.779Z
888291,HEBEI CONSTRUCTION GROUP CORPORATION LIMITED SHANXI BRANCH,China,,"ROOM 619, NORTH BUILDING, KEYU PIONEER PARK, BUILDING 1, NO 5, INDUSTRIAL ROAD, TAIYUANXUEFU PARK, SHANXI COMPREHENSIVE REFORM DEMONSTRATION",2024-08-22,2027-07-22,Cross Debarment: ADB,X-DEBARRED,,2026-09-23T05:00:01.779Z
888307,HEBEI CONSTRUCTION GROUP CORPORATION LIMITED JINING BRANCH,China,"JINING CITY, SHANDONG PROVINCE","5F, BUILDING B, NEW TOWN DEVELOPMENT, XUZHUANG STREET, NORTH LAKE",2024-08-22,2027-07-22,Cross Debarment: ADB,X-DEBARRED,,2026-09-23T05:00:01.779Z
888332,HEBEI CONSTRUCTION GROUP CORPORATION LIMITED TANGSHAN BRANCH,China,TANGSHAN CITY,501S  LUGANG COMMUNITY  TANGSHAN ROAD NORTH DISTRICT,2024-08-22,2027-07-22,Cross Debarment: ADB,X-DEBARRED,,2026-09-23T05:00:01.779Z
888333,HEBEI CONSTRUCTION GROUP CORPORATION LIMITED FENGNAN BRANCH,China,"TANGSHAN CITY , HEBEI PROVINCE",TANGSHAN FENGNAN ECONOMIC DEVELOPMENT ZONE,2024-08-22,2027-07-22,Cross Debarment: ADB,X-DEBARRED,,2026-09-23T05:00:01.779Z
888350,HEBEI CONSTRUCTION GROUP CORPORATION LIMITED  NANGONG BRANCH,China,"NANGONG CITY, XINGTAI CITY, HEBEI PROVINCE","NO 29, HEXIE STREET, XILI JIAZHUANG, NANDU SUB-DISTRICT OFFICE",2024-08-22,2027-07-22,Cross Debarment: ADB,X-DEBARRED,,2026-09-23T05:00:01.779Z
888155,"HEBEI XINDACHENG REAL ESTATE DEVELOPMENT CO., LTD.",China,"BAODING CITY, HEBEI PROVINCE","NO. 125 , LUGANG ROAD ,JINGXIU DISTRICT",2024-08-22,2027-07-22,Cross Debarment: ADB,X-DEBARRED,,2026-09-23T05:00:01.779Z
888152,"HEBEI SHANGBAI CONSTRUCTION ENGINEERING CO., LTD.",China,BAODING CITY,"03-211, BUILDING 2, ZONE A, SMART SEA INDUSTRIAL PARK HEADQUARTERS,FENGQI STREET, BAODING INDUSTRIAL PARK, LIANCHI DISTRICT",2024-08-22,2027-07-22,Cross Debarment: ADB,X-DEBARRED,,2026-09-23T05:00:01.779Z
888153,"HEBEI CONSTRUCTION GROUP ZHICHUANG CONSTRUCTION ENGINEERING CO., LTD.",China,"BAODING CITY, HEBEI PROVINCE","ROOM 1801, BUSINESS BUILDING, NO. 125 LUGANG ROAD, GAOKAI DISTRICT",2024-08-22,2027-07-22,Cross Debarment: ADB,X-DEBARRED,,2026-09-23T05:00:01.779Z
888154,"HEBEI CONSTRUCTION GROUP ZHUOXIN CONSTRUCTION ENGINEERING CO., LTD.",China,"HENGSHUI CITY, HEBEI PROVINCE","ROOM 112, COMPLEX BUILDING 1, HENGSHUI TECHNOLOGY VALLEY, NO. 1999, YANGYUAN EAST ROAD, HIGH-TECH ZONE",2024-08-22,2027-07-22,Cross Debarment: ADB,X-DEBARRED,,2026-09-23T05:00:01.779Z
888164,"HEBEI ZHIPING CONSTRUCTION EQUIPMENT LEASING CO., LTD.",China,BAODING CITY,"NO. 151, FUCHANG ROAD, JINGXIU DISTRICT",2024-08-22,2027-07-22,Cross Debarment: ADB,X-DEBARRED,,2026-09-23T05:00:01.779Z
888166,"HEBEI CONSTRUCTION GROUP JILIN ENGINEERING CO., LTD.",China,CHANGCHUN CITY,"NO. 50, TUANSHAN STREET, KUANCHENG DISTRICT",2024-08-22,2027-07-22,Cross Debarment: ADB,X-DEBARRED,,2026-09-23T05:00:01.779Z
888167,"HEBEI CONSTRUCTION GROUP TIANYONG CONSTRUCTION ENGINEERING CO., LTD.",China,"LANGFANG CITY, HEBEI PROVINCE","ROOM 107, 108, 109 SHOPS, UNIT 1, COMMERCIAL S3 BUILDING, HONGAN XINYUAN COMMUNITY, GU 'AN COUNTY",2024-08-22,2027-07-22,Cross Debarment: ADB,X-DEBARRED,,2026-09-23T05:00:01.779Z
888169,"HEBEI CONSTRUCTION GROUP BINGZHENG CONSTRUCTION ENGINEERING CO., LTD.",China,"BAODING CITY, HEBEI PROVINCE","NO. 125, LUGANG ROAD, JINGXIU DISTRICT",2024-08-22,2027-07-22,Cross Debarment: ADB,X-DEBARRED,,2026-09-23T05:00:01.779Z
888174,"HEBEI TIANYING CONSTRUCTION ENGINEERING CO., LTD.",China,"SHIJIAZHUANG CITY, HEBEI PROVINCE","ROOM 1208, BLOCK A, NO.1 CHANGJIANG ROAD, TIANSHAN SCIENCE PARK, NO 530 YUHUA EAST ROAD, HIGH-TECH ZONE",2024-08-22,2027-07-22,Cross Debarment: ADB,X-DEBARRED,,2026-09-23T05:00:01.779Z
888183,"HEBEI CONSTRUCTION GROUP INFRASTRUCTURE CONSTRUCTION CO., LTD.",China,BAODING CITY,"NO. 956, JINGXIU STREET",2024-08-22,2027-07-22,Cross Debarment: ADB,X-DEBARRED,,2026-09-23T05:00:01.779Z
888224,HEBEI CONSTRUCTION GROUP CORPORATION LIMITED FENGTAI BRANCH,China,"HUAINAN CITY, ANHUI PROVINCE","3/F, INTEGRATED SERVICE BUILDING, SOUTH OF NO 4 ROAD, FENGTAI ECONOMIC DEVELOPMENT ZONE",2024-08-22,2027-07-22,Cross Debarment: ADB,X-DEBARRED,,2026-09-23T05:00:01.779Z
888185,"SHANDONG JUHE AGRICULTURAL SERVICE DEVELOPMENT CO., LTD.",China,"HEZE CITY, SHANDONG PROVINCE","HUANGZHUANG ADMINISTRATIVE VILLAGE, XIAOJING TOWN, DONGMING COUNTY",2024-08-22,2027-07-22,Cross Debarment: ADB,X-DEBARRED,,2026-09-23T05:00:01.779Z
888186,"HEBEI SHENNING CONSTRUCTION ENGINEERING CO., LTD.",China,BAODING CITY,"ROOM 1-801, JIUZHOU BUSINESS CENTER, NO 1616, QIYI MIDDLE ROAD, HANCUN NORTH ROAD SUBDISTRICT OFFICE, JINGXIU DISTRICT",2024-08-22,2027-07-22,Cross Debarment: ADB,X-DEBARRED,,2026-09-23T05:00:01.779Z
888188,HEBEI CONSTRUCTION GROUP CORPORATION LIMITED INSTALLATION BRANCH,China,"BAODING CITY, HEBEI PROVINCE","NO 125 , LUGANG ROAD ,JINGXIU DISTRICT",2024-08-22,2027-07-22,Cross Debarment: ADB,X-DEBARRED,,2026-09-23T05:00:01.779Z
888225,HEBEI CONSTRUCTION GROUP CORPORATION LIMITED ZHEJIANG BRANCH,China,"HANGZHOU CITY, ZHEJIANG PROVINCE","ROOM 301-1, UNIT 2, BUILDING 1, 360-ZERO SPACE BUILDING, GONGSHU DISTRICT",2024-08-22,2027-07-22,Cross Debarment: ADB,X-DEBARRED,,2026-09-23T05:00:01.779Z
888248,HEBEI CONSTRUCTION GROUP CORPORATION LIMITED ZHONGSHAN BRANCH,China,ZHONGSHAN  CITY,"NO. 2, 3/ F, BUILDING 1, NO 17, XINGGANG SOUTH ROAD, PORT TOWN",2024-08-22,2027-07-22,Cross Debarment: ADB,X-DEBARRED,,2026-09-23T05:00:01.779Z
888255,HEBEI CONSTRUCTION GROUP CORPORATION LIMITED HENAN BRANCH,China,,"17 / F, UNIT 1, NO 109, JINSHUI EAST ROAD, ZHENGZHOU (ZHENGDONG), HENAN PILOT FREE TRADE ZONE",2024-08-22,2027-07-22,Cross Debarment: ADB,X-DEBARRED,,2026-09-23T05:00:01.779Z
888375,HEBEI CONSTRUCTION GROUP CORPORATION LIMITED WENZHOU BRANCH,China,"WENZHOU CITY, ZHEJIANG PROVINCE","7TH FLOOR, NO.2 JINGCHUAN MIDDLE ROAD, SHUITOU TOWN, PINGYANG COUNTY",2024-08-22,2027-07-22,Cross Debarment: ADB,X-DEBARRED,,2026-09-23T05:00:01.779Z
895568,EXPRESS AUTOMATION LIMITED,Kenya,NAIROBI,"4TH FLOOR, DELTA CORNER ANNEX, P.O. BOX 22709-00400",2022-03-01,2999-12-31,Cross Debarment: AfDB,X-DEBARRED,Permanent,2026-09-23T05:00:01.779Z
895567,MR. YUEHUA BAI,Kenya,NAIROBI,"NEXTGEN APARTMENTS, BLOCK B, HOUSE NO. 41, MOMBASA ROAD",2021-10-18,2999-12-31,Cross Debarment: AfDB,X-DEBARRED,Permanent,2026-09-23T05:00:01.779Z
888137,"HEBEI HAIKUO ENVIRONMENTAL TECHNOLOGY CO., LTD.",China,"BAODING CITY, HEBEI PROVINCE","FLOOR 23, HEBEI CONSTRUCTION BUSINESS CENTER ,NO 125 , LUGANG ROAD, JINGXIU DISTRICT",2024-08-22,2027-07-22,Cross Debarment: ADB,X-DEBARRED,,2026-09-23T05:00:01.779Z
888138,"BAODING ZHONGZE WATER SUPPLY CO., LTD.",China,BAODING CITY,"XIAOMAFANG VILLAGE, ZHUANG TOWN, MANCHENG DISTRICT",2024-08-22,2027-07-22,Cross Debarment: ADB,X-DEBARRED,,2026-09-23T05:00:01.779Z
888139,"BAODING BOWANG NEW MATERIAL TECHNOLOGY CO., LTD.",China,"BAODING CITY, HEBEI PROVINCE","NO. 3083, TIANWEI WEST ROAD, JINGXIU DISTRICT",2024-08-22,2027-07-22,Cross Debarment: ADB,X-DEBARRED,,2026-09-23T05:00:01.779Z
888149,"HEBEI CONSTRUCTION GROUP (NINGBO) SUPPLY CHAIN MANAGEMENT CO., LTD.",China,"NINGBO CITY, ZHEJIANG PROVINCE","ROOM A1515-6, WEST BUILDING, NO 111 BINHAI SOUTH ROAD, DAXIE DEVELOPMENT ZONE",2024-08-22,2027-07-22,Cross Debarment: ADB,X-DEBARRED,,2026-09-23T05:00:01.779Z
888205,HEBEI CONSTRUCTION GROUP CORPORATION LIMITED  WEIFANG BRANCH,China,SHANDONG PROVINCE,"2F, SHOP 1-5, BUILDING 1, NO 12808, LIYUAN STREET, HEALTH EAST STREET COMMUNITY, XINCHENG STREET, WEIFANG HIGH-TECH ZONE",2024-08-22,2027-07-22,Cross Debarment: ADB,X-DEBARRED,,2026-09-23T05:00:01.779Z
888192,HEBEI CONSTRUCTION GROUP CORPORATION LIMITED BEIJING BRANCH,China,BEIJING,"BUILDING 3, NO.2 JINGYUAN NORTH STREET, BEIJING ECONOMIC AND TECHNOLOGICAL DEVELOPMENT ZONE",2024-08-22,2027-07-22,Cross Debarment: ADB,X-DEBARRED,,2026-09-23T05:00:01.779Z
888206,HEBEI CONSTRUCTION GROUP CORPORATION LIMITED LIAOCHENG BRANCH,China,"LIAOCHENG CITY, SHANDONG PROVINCE","ROOM 2172, 17/F, UNIT 2, BUILDING 22, RUNJINGYUAN COMMUNITY, CHANGRUNNAN ROAD, HUXI STREET",2024-08-22,2027-07-22,Cross Debarment: ADB,X-DEBARRED,,2026-09-23T05:00:01.779Z
888207,HEBEI CONSTRUCTION GROUP CORPORATION LIMITED YANTAI BRANCH,China,"YANTAI CITY, SHANDONG PROVINCE","NO 19, BUILDING A10, NO 35 GANGCHENG WEST STREET, ZHIFU DISTRICT",2024-08-22,2027-07-22,Cross Debarment: ADB,X-DEBARRED,,2026-09-23T05:00:01.779Z
888296,HEBEI CONSTRUCTION GROUP CORPORATION LIMITED RENQIU BRANCH,China,RENQIU CITY,"NORTH CHINA OIL FIELD TRANSPORT COMPANY OFFICE BUILDING,  NORTH STATION WEST ROAD",2024-08-22,2027-07-22,Cross Debarment: ADB,X-DEBARRED,,2026-09-23T05:00:01.779Z
888040,"HEBEI TONGCHUANG LIANTAI HOSPITAL MANAGEMENT CO., LTD.",China,"HENGSHUI CITY, HEBEI PROVINCE","HOSPITAL OF PEOPLE'S, NO 171, JIANKANG EAST ROAD, RAOYANG COUNTY",2024-08-22,2027-07-22,Cross Debarment: ADB,X-DEBARRED,,2026-09-23T05:00:01.779Z
888189,HEBEI CONSTRUCTION GROUP CORPORATION LIMITED ZHUHAI BRANCH,China,"XIANGZHOU DISTRICT, ZHUHAI CITY","ROOM 1302 B2, SHENZHEN DEVELOPMENT BUILDING, NO8，YINHUA ROAD",2024-08-22,2027-07-22,Cross Debarment: ADB,X-DEBARRED,,2026-09-23T05:00:01.779Z
888195,HEBEI CONSTRUCTION GROUP CORPORATION LIMITED BEIJING SHUNYI BRANCH,China,BEIJING,"ROOM B-275, NO 1, SHUNLI AVENUE, NANFAXIN TOWN, SHUNYI DISTRICT",2024-08-22,2027-07-22,Cross Debarment: ADB,X-DEBARRED,,2026-09-23T05:00:01.779Z
888256,HEBEI CONSTRUCTION GROUP CORPORATION LIMITED TANZANIA BRANCH,China,,"DODOMA REGION, DODOMA CBD DISTRICT, KILIMANI WARD, WITHIN KAMBARAGE TOWER",2024-08-22,2027-07-22,Cross Debarment: ADB,X-DEBARRED,,2026-09-23T05:00:01.779Z
888692,"FUPING FUYUAN CONCRETE CO., LTD.",China,"BAODING CITY, HEBEI PROVINCE","GAOFUKOU VILLAGE, FUPING TOWN, FUPING COUNTY",2024-08-22,2027-07-22,Cross Debarment: ADB,X-DEBARRED,,2026-09-23T05:00:01.779Z
888239,HEBEI CONSTRUCTION GROUP CORPORATION LIMITED MEIZHOU BRANCH,China,MEIZHOU CITY,"ROOM 306, 3/F, LONGPAN BUSINESS BUILDING, NO. 93, CHE SHANG ROAD, CHESHANG VILLAGE, CHENGJIANG TOWN, MEIXIAN DISTRICT",2024-08-22,2027-07-22,Cross Debarment: ADB,X-DEBARRED,,2026-09-23T05:00:01.779Z
888240,HEBEI CONSTRUCTION GROUP CORPORATION LIMITED MAOMING BRANCH,China,MAOMING CITY,"ROOM 804, ROOM 03, NO. 2, NO.123 XIYUE SOUTH ROAD, MAONAN DISTRICT",2024-08-22,2027-07-22,Cross Debarment: ADB,X-DEBARRED,,2026-09-23T05:00:01.779Z
888129,"GAOYANG TIANXIN CONSTRUCTION CO., LTD.",China,"BAODING CITY, HEBEI PROVINCE","ROOM 105, NO 109, CHAOYANG ROAD, JINHUA STREET, GAOYANG COUNTY",2024-08-22,2027-07-22,Cross Debarment: ADB,X-DEBARRED,,2026-09-23T05:00:01.779Z
888150,"HAINAN QIHUI SUPPLY CHAIN MANAGEMENT CO., LTD.",China,"CHENGMAI COUNTY, HAINAN PROVINCE","ROOM 12, 5TH FLOOR, BUILDING C8839, HAINAN ECOLOGICAL SOFTWARE PARK, SOUTH OF THE SOUTH FIRST RING ROAD",2024-08-22,2027-07-22,Cross Debarment: ADB,X-DEBARRED,,2026-09-23T05:00:01.779Z
888203,HEBEI CONSTRUCTION GROUP CORPORATION LIMITED BEIJIGN FANGSHAN BRANCH,China,BEIJING,"26 METERS SOUTH OF DAYUAN VILLAGE, QINGLONGHU TOWN, FANGSHAN DISTRICT",2024-08-22,2027-07-22,Cross Debarment: ADB,X-DEBARRED,,2026-09-23T05:00:01.779Z
888182,"SHENZHEN ZHONGRU INVESTMENT CO., LTD.",China,SHENZHEN,"NO1410-14135, MAIN TOWER, MARITIME CENTER, NO 59 LINHAI AVENUE, NANSHAN STREET, QIANHAI SHENZHEN-HONG KONG COOPERATION ZONE",2024-08-22,2027-07-22,Cross Debarment: ADB,X-DEBARRED,,2026-09-23T05:00:01.779Z
888201,HEBEI CONSTRUCTION GROUP CORPORATION LIMITED BEIJING NIULANSHAN BRANCH,China,BEIJING,"NO 9-38, FUQIAN STREET, NIULANSHAN TOWN, SHUNYI DISTRICT",2024-08-22,2027-07-22,Cross Debarment: ADB,X-DEBARRED,,2026-09-23T05:00:01.779Z
888202,HEBEI CONSTRUCTION GROUP CORPORATION LIMITED BEIJING FENGTAI BRANCH,China,BEIJING,"NO 2, KANDAN PARK, FENGTAI DISTRICT",2024-08-22,2027-07-22,Cross Debarment: ADB,X-DEBARRED,,2026-09-23T05:00:01.779Z
888356,HEBEI CONSTRUCTION GROUP CORPORATION LIMITED LUOYANG BRANCH,China,LUOYANG CITY,"ROOM 303, EAST THIRD FLOOR, WITHIN ZHUGE TOWN GOVERNMENT , YIBIN DISTRICT",2024-08-22,2027-07-22,Cross Debarment: ADB,X-DEBARRED,,2026-09-23T05:00:01.779Z
888357,HEBEI CONSTRUCTION GROUP CORPORATION LIMITED QIU COUNTY BRANCH,China,"HANDAN CITY, HEBEI PROVINCE","NO. 14-13, SOUTH GATE, FENGLINWAN COMMUNITY, JIANSHE STREET, XINMATOU TOWN, QIU COUNTY",2024-08-22,2027-07-22,Cross Debarment: ADB,X-DEBARRED,,2026-09-23T05:00:01.779Z
888370,HEBEI CONSTRUCTION GROUP CORPORATION LIMITED YINCHUAN BRANCH,China,YINCHUAN CITY,"ROOM 1410, COMPLEX BUILDING 1, XI'AN INTERNATIONAL GARDEN, JINFENG DISTRICT",2024-08-22,2027-07-22,Cross Debarment: ADB,X-DEBARRED,,2026-09-23T05:00:01.779Z
888210,HEBEI CONSTRUCTION GROUP CORPORATION LIMITED CHENGDU BRANCH,China,CHENGDU,"NO 1, 3/F, BUILDING 8, NO 2150, SHUANGNAN ROAD, PENGZHEN, SHUANGLIU DISTRICT",2024-08-22,2027-07-22,Cross Debarment: ADB,X-DEBARRED,,2026-09-23T05:00:01.779Z
888327,HEBEI CONSTRUCTION GROUP CORPORATION LIMITED BAODING MANCHENG BRANCH,China,BAODING CITY,"NORTH XINZHUANG VILLAGE , MANCHENG TOWN , MANCHENG DISTRICT",2024-08-22,2027-07-22,Cross Debarment: ADB,X-DEBARRED,,2026-09-23T05:00:01.779Z
888330,HEBEI CONSTRUCTION GROUP CORPORATION LIMITED ANXIN BRANCH,China,"BAODING CITY, HEBEI PROVINCE","NO 13, NORTH STREET, ANXIN TOWN, ANXIN COUNTY",2024-08-22,2027-07-22,Cross Debarment: ADB,X-DEBARRED,,2026-09-23T05:00:01.779Z
888337,HEBEI CONSTRUCTION GROUP CORPORATION LIMITED QIANAN BRANCH,China,QIAN 'AN CITY,"WULIGANG VILLAGE COMMITTEE OPPOSITE,WEST SIDE OF PINGQINGDA ROAD, XINGAN STREET",2024-08-22,2027-07-22,Cross Debarment: ADB,X-DEBARRED,,2026-09-23T05:00:01.779Z
888366,HEBEI CONSTRUCTION GROUP CORPORATION LIMITED  LI COUNTY BRANCH,China,"BAODING CITY, HEBEI PROVINCE","EAST OF YUEMING RIVER BRIDGE, NANGUAN VILLAGE, LIWU TOWN, LIXIAN COUNTY",2024-08-22,2027-07-22,Cross Debarment: ADB,X-DEBARRED,,2026-09-23T05:00:01.779Z
888039,"HEBEI CONSTRUCTION GROUP INSTALLATION ENGINEERING CO., LTD.",China,"BAODING CITY, HEBEI PROVINCE","NO 125, LUGANG ROAD, JINGXIU DISTRICT",2024-08-22,2027-07-22,Cross Debarment: ADB,X-DEBARRED,,2026-09-23T05:00:01.779Z
888124,"DANGSHAN SOARING GENERAL AVIATION INDUSTRY DEVELOPMENT CO., LTD.",China,"SUZHOU CITY, ANHUI PROVINCE","O.35 YUXIN NORTH STREET, DANGCHENG TOWN, DANGSHAN COUNTY",2024-08-22,2027-07-22,Cross Debarment: ADB,X-DEBARRED,,2026-09-23T05:00:01.779Z
888146,"HEBEI CONSTRUCTION GROUP ZHUOCHENG ROAD AND BRIDGE ENGINEERING CO., LTD.",China,"BAODING CITY, HEBEI PROVINCE","NO. 125 , LUGANG ROAD ,JINGXIU DISTRICT",2024-08-22,2027-07-22,Cross Debarment: ADB,X-DEBARRED,,2026-09-23T05:00:01.779Z
888212,HEBEI CONSTRUCTION GROUP CORPORATION LIMITED NO 2 BRANCH,China,"BAODING CITY, HEBEI PROVINCE","BAODING BIGUIYUAN JINGGONG HOUSE 2-1-823, NO. 101 LUGANG ROAD, JINGXIU DISTRICT",2024-08-22,2027-07-22,Cross Debarment: ADB,X-DEBARRED,,2026-09-23T05:00:01.779Z
888215,HEBEI CONSTRUCTION GROUP CORPORATION LIMITED  SHANGHAI BRANCH,China,SHANGHAI,"BLOCK 865, NO 48, SHIHUASONG NANZHI ROAD,  JINSHAN DISTRICT",2024-08-22,2027-07-22,Cross Debarment: ADB,X-DEBARRED,,2026-09-23T05:00:01.779Z
888221,HEBEI CONSTRUCTION GROUP CORPORATION LIMITED NANJING BRANCH,China,,"ROOM 809, NO 111, TIANSHENG ROAD, NANJING CHEMICAL INDUSTRY PARK",2024-08-22,2027-07-22,Cross Debarment: ADB,X-DEBARRED,,2026-09-23T05:00:01.779Z
888222,HEBEI CONSTRUCTION GROUP CORPORATION LIMITED SHAOXING BRANCH,China,"SHAOXING CITY, ZHEJIANG PROVINCE","1/F ,NO 12TH ROOM,DONGTAO VILLAGE COMMITTEE OFFICE BUILDING, PINGSHUI TOWN, KEQIAO DISTRICT",2024-08-22,2027-07-22,Cross Debarment: ADB,X-DEBARRED,,2026-09-23T05:00:01.779Z
888156,"HEBEI CONSTRUCTION GROUP ZHIBO CONSTRUCTION ENGINEERING CO., LTD.",China,ANGUO CITY,"NO 13-10, BUILDING 13, RENEWAL AREA OF PHASE I , CHINA NORTH HERBAL MEDICINE TRADING CENTER",2024-08-22,2027-07-22,Cross Debarment: ADB,X-DEBARRED,,2026-09-23T05:00:01.779Z
888194,HEBEI CONSTRUCTION GROUP CORPORATION LIMITED BEIJING NO 6 BRANCH,China,BEIJING,"NO. 2, JINGYUAN NORTH STREET, BEIJING ECONOMIC AND TECHNOLOGICAL DEVELOPMENT ZONE",2024-08-22,2027-07-22,Cross Debarment: ADB,X-DEBARRED,,2026-09-23T05:00:01.779Z
888242,HEBEI CONSTRUCTION GROUP CORPORATION LIMITED CHANGZHOU BRANCH,China,"CHANGZHOU CITY, JIANGSU PROVINCE","ROOM 1217, 1219, BUILDING 1, JIANSHENG HOME, ZHONGLOU DISTRICT",2024-08-22,2027-07-22,Cross Debarment: ADB,X-DEBARRED,,2026-09-23T05:00:01.779Z
888244,HEBEI CONSTRUCTION GROUP CORPORATION LIMITED GAOYANG BRANCH,China,"BAODING CITY, HEBEI PROVINCE","NO 336, JINHUA STREET, GAOYANG COUNTY",2024-08-22,2027-07-22,Cross Debarment: ADB,X-DEBARRED,,2026-09-23T05:00:01.779Z
888250,HEBEI CONSTRUCTION GROUP CORPORATION LIMITED GUANGZHOU BRANCH,China,GUANGZHOU,"ROOM 1301, NO 119, YINGRI ROAD, HUANGPU DISTRICT",2024-08-22,2027-07-22,Cross Debarment: ADB,X-DEBARRED,,2026-09-23T05:00:01.779Z
888260,HEBEI CONSTRUCTION GROUP CORPORATION LIMITED TANGSHAN CONCRETE BRANCH,China,"TANGSHAN CITY, HEBEI PROVINCE","SOUTH OF WAFANGZHUANG VILLAGE, LAOZHUANGZI, HIGH-TECH ZONE",2024-08-22,2027-07-22,Cross Debarment: ADB,X-DEBARRED,,2026-09-23T05:00:01.779Z
888279,HEBEI CONSTRUCTION GROUP CORPORATION LIMITED NO 6 BRANCH,China,HEBEI PROVINCE,"ROOM 2301, 23RD FLOOR,  BUILDING B, YIGAO INTELLIGENT PLAZA, HANDAN ECONOMIC DEVELOPMENT ZONE",2024-08-22,2027-07-22,Cross Debarment: ADB,X-DEBARRED,,2026-09-23T05:00:01.779Z
888304,HEBEI CONSTRUCTION GROUP CORPORATION LIMITED GAOQING BRANCH,China,"ZIBO CITY, SHANDONG PROVINCE","ROOM 2268, INNOVATION AND ENTREPRENEURSHIP INCUBATION CENTER, NO. 2, TIANXING ROAD, HUAGOU TOWN, GAOQING COUNTY",2024-08-22,2027-07-22,Cross Debarment: ADB,X-DEBARRED,,2026-09-23T05:00:01.779Z
888306,HEBEI CONSTRUCTION GROUP CORPORATION LIMITED SHANDONG BRANCH,China,"QINGDAO, SHANDONG, CHINA","ROOM 301, FLOOR 3, BUILDING 11, HEXIN PARK, QINGDAO WANGGU, NO 8 ,TONGSHUN ROAD, HIGH-TECH ZONE",2024-08-22,2027-07-22,Cross Debarment: ADB,X-DEBARRED,,2026-09-23T05:00:01.779Z
888292,HEBEI CONSTRUCTION GROUP CORPORATION LIMITED HEZE BRANCH,China,"HEZE CITY, SHANDONG PROVINCE","WEST JIAJIN ROAD MIDDLE SECTION, HETAOYUAN TOWN, JUYE COUNTY",2024-08-22,2027-07-22,Cross Debarment: ADB,X-DEBARRED,,2026-09-23T05:00:01.779Z
888298,HEBEI CONSTRUCTION GROUP CORPORATION LIMITED BAODING LIANCHI BRANCH,China,"BAODING CITY, HEBEI PROVINCE","03-210, BUILDING 2, ZONE A, HEADQUARTERS CENTER OF ""NAES • SMART SEA"" INDUSTRIAL PARK, FENGQI STREET, BAODING INDUSTRIAL PARK, LIANCHI DISTRICT,",2024-08-22,2027-07-22,Cross Debarment: ADB,X-DEBARRED,,2026-09-23T05:00:01.779Z
888319,HEBEI CONSTRUCTION GROUP CORPORATION LIMITED SHANGGAO BRANCH,China,"YICHUN CITY, JIANGXI PROVINCE","NO 16-1, WAIHUAN ROAD, AOSHAN TOWN, SHANGGAO COUNTY",2024-08-22,2027-07-22,Cross Debarment: ADB,X-DEBARRED,,2026-09-23T05:00:01.779Z
888320,HEBEI CONSTRUCTION GROUP CORPORATION LIMITED ZHANGSHU BRANCH,China,"ZHANGSHU CITY, YICHUN CITY, JIANGXI PROVINCE","NO 78, GONGHE WEST ROAD,",2024-08-22,2027-07-22,Cross Debarment: ADB,X-DEBARRED,,2026-09-23T05:00:01.779Z
888321,HEBEI CONSTRUCTION GROUP CORPORATION LIMITED LAISHUI BRANCH,China,"BAODING CITY, HEBEI PROVINCE","NO115, CHONGZHI STREET, LAISHUI COUNTY",2024-08-22,2027-07-22,Cross Debarment: ADB,X-DEBARRED,,2026-09-23T05:00:01.779Z
888325,HEBEI CONSTRUCTION GROUP CORPORATION LIMITED TIANJIN INTELLIGENT BUILDING,China,TIANJIN,"ROOM 101, BUILDING 7, TAIKANG ZHIDA TECHNOLOGY INDUSTRIAL PARK, INTERSECTION OF SOUTH POYANG ROAD AND RUIZE ROAD, SHUANGGANG TOWN, JINNAN DISTRICT",2024-08-22,2027-07-22,Cross Debarment: ADB,X-DEBARRED,,2026-09-23T05:00:01.779Z
888340,HEBEI CONSTRUCTION GROUP CORPORATION LIMITED JILIN BRANCH,China,CHANGCHUN,"GATE 201, BUILDING A13, HUAQIAO CHENG COMMUNITY, KUANCHENG DISTRICT",2024-08-22,2027-07-22,Cross Debarment: ADB,X-DEBARRED,,2026-09-23T05:00:01.779Z
888345,HEBEI CONSTRUCTION GROUP CORPORATION LIMITED XIANGHE BRANCH,China,"LANGFANG CITY, HEBEI PROVINCE","NO 2-103,  SHUXIANG NEW DISTRICT, XINKAI STREET, XIANGHE COUNTY",2024-08-22,2027-07-22,Cross Debarment: ADB,X-DEBARRED,,2026-09-23T05:00:01.779Z
888348,HEBEI CONSTRUCTION GROUP CORPORATION LIMITED FUPING BRANCH,China,"FUPING COUNTY, HEBEI PROVINCE","OPEN TRAINING BASE OFFICE BUILDING, FUPING ECONOMIC DEVELOPMENT ZONE",2024-08-22,2027-07-22,Cross Debarment: ADB,X-DEBARRED,,2026-09-23T05:00:01.779Z
888353,HEBEI CONSTRUCTION GROUP CORPORATION LIMITED DENGFENG BRANCH,China,"DENGFENG CITY, ZHENGZHOU CITY, HENAN PROVINCE","NO 58, XISHILI VILLAGE, SHAOLIN STREET OFFICE",2024-08-22,2027-07-22,Cross Debarment: ADB,X-DEBARRED,,2026-09-23T05:00:01.779Z
888358,HEBEI CONSTRUCTION GROUP CORPORATION LIMITED SHIJIAZHUANG HIGH TECH DISTRICT BRA,China,"SHIJIAZHUANG CITY, HEBEI PROVINCE","ROOM 1208, BLOCK A, NO.1 CHANGJIANG ROAD, TIANSHAN SCIENCE PARK,  NO 530, YUHUA EAST ROAD, HIGH-TECH ZONE",2024-08-22,2027-07-22,Cross Debarment: ADB,X-DEBARRED,,2026-09-23T05:00:01.779Z
888359,HEBEI CONSTRUCTION GROUP CORPORATION LIMITED HUNAN BRANCH,China,CHANGSHA,"14 / F, BUILDING 1, XIANGYU CENTRAL, WUYI AVENUE, FURONG DISTRICT",2024-08-22,2027-07-22,Cross Debarment: ADB,X-DEBARRED,,2026-09-23T05:00:01.779Z
888362,HEBEI CONSTRUCTION GROUP CORPORATION LIMITED YOUWEI BRANCH,China,"ZHANGJIAKOU CITY, HEBEI PROVINCE","ROOM 102, UNIT 2, BUILDING 1,HEXIEJIAYUAN,  WANQUAN DISTRICT",2024-08-22,2027-07-22,Cross Debarment: ADB,X-DEBARRED,,2026-09-23T05:00:01.779Z
895566,SINO-KENYA ENGINEERING GROUP COMNPANY LIMITED,Kenya,NAIROBI,"NEXTGEN APARTMENTS, BLOCK B, HOUSE NO. 41, MOMBASA ROAD",2021-10-18,2999-12-31,Cross Debarment: AfDB,X-DEBARRED,Permanent,2026-09-23T05:00:01.779Z
888262,HEBEI CONSTRUCTION GROUP CORPORATION LIMITED DINGXING CONCRETE BRANCH,China,"BAODING CITY, HEBEI PROVINCE","SOUTH RONGGU ROAD, SOUTH TAIPINGZHUANG VILLAGE, DINGXING COUNTY",2024-08-22,2027-07-22,Cross Debarment: ADB,X-DEBARRED,,2026-09-23T05:00:01.779Z
888267,HEBEI CONSTRUCTION GROUP CORPORATION LIMITED WUJI COUNTY BRANCH,China,"SHIJIAZHUANG CITY, HEBEI PROVINCE","4 / F, PROPERTY BUILDING, LUYIN SHUI 'AN COMMUNITY, NO. 4-102, WEST HOPE ROAD, WUJI COUNTY",2024-08-22,2027-07-22,Cross Debarment: ADB,X-DEBARRED,,2026-09-23T05:00:01.779Z
888277,HEBEI CONSTRUCTION GROUP CORPORATION LIMITED KUCHE BRANCH,China,"KUCHE CITY, AKSU REGION, XINJIANG","NO. 90, WUQIE 3 GROUP, DUNKUOTAN TOWN",2024-08-22,2027-07-22,Cross Debarment: ADB,X-DEBARRED,,2026-09-23T05:00:01.779Z
888245,HEBEI CONSTRUCTION GROUP CORPORATION LIMITED NO. 7 BRANCH,China,"BAODING CITY, HEBEI PROVINCE","NO 125 , LUGANG ROAD ,JINGXIU DISTRICT",2024-08-22,2027-07-22,Cross Debarment: ADB,X-DEBARRED,,2026-09-23T05:00:01.779Z
898553,EGIS WATER AND MARITIME,France,,"15 AVENUE DU CENTRE, 78280 GUYANCOURT",2024-09-24,2027-01-02,Cross Debarment: IDB,X-DEBARRED,,2026-09-23T05:00:01.779Z
888177,"HEBEI CONSTRUCTION GROUP HARBIN AIRPORT CONSTRUCTION CO., LTD.",China,"HARBIN CITY, HEILONGJIANG PROVINCE","NO 5, BALI STREET, TAIPINGZHUANG TOWN, DAOLI DISTRICT",2024-08-22,2027-07-22,Cross Debarment: ADB,X-DEBARRED,,2026-09-23T05:00:01.779Z
888322,HEBEI CONSTRUCTION GROUP CORPORATION LIMITED TIANJIN BRANCH,China,TIANJIN,"NO. 464, ROOM 1808, BUILDING A, CREATIVE CENTER, BINHAI PRIVATE ECONOMIC GROWTH DEMONSTRATION BASE, GEGU TOWN, JINNAN DISTRICT",2024-08-22,2027-07-22,Cross Debarment: ADB,X-DEBARRED,,2026-09-23T05:00:01.779Z
888323,HEBEI CONSTRUCTION GROUP CORPORATION LIMITED GAOBEIDIAN BRANCH,China,"GAOBEIDIAN CITY, BAODING CITY, HEBEI PROVINCE","ROOM 102, BUILDING 2, CENTURY JIAYUAN SOUTH COMMERCIAL BUILDING, WEST OF XINGFU SOUTH ROAD",2024-08-22,2027-07-22,Cross Debarment: ADB,X-DEBARRED,,2026-09-23T05:00:01.779Z
888324,HEBEI CONSTRUCTION GROUP CORPORATION LIMITED DINGZHOU BRANCH,China,DINGZHOU CITY,"ROOM 2503, 25 / F, XIANGJIANG BUILDING, ZHONGXING WEST ROAD,",2024-08-22,2027-07-22,Cross Debarment: ADB,X-DEBARRED,,2026-09-23T05:00:01.779Z
888233,HEBEI CONSTRUCTION GROUP CORPORATION LIMITED DANGSHAN BRANCH,China,"SUZHOU CITY, ANHUI PROVINCE","EAST OF YAOCHI ROAD, SOUTH OF 310 NATIONAL ROAD, HUIMIN COMMUNITY, ECONOMIC DEVELOPMENT ZONE, DANGSHAN COUNTY",2024-08-22,2027-07-22,Cross Debarment: ADB,X-DEBARRED,,2026-09-23T05:00:01.779Z
888234,HEBEI CONSTRUCTION GROUP CORPORATION LIMITED ZHENJIANG BRANCH,China,ZHENJIANG CITY,"SME ENTREPRENEURSHIP PARK, NO 300, GANGNAN ROAD, NEW DISTRICT",2024-08-22,2027-07-22,Cross Debarment: ADB,X-DEBARRED,,2026-09-23T05:00:01.779Z
888178,"HEBEI CONSTRUCTION GROUP HONG KONG CO., LTD.",China,"WANCHAI, HONGKONG",DAH SING FINACIAL CENTRE 248 QUEEEN'S ROAD EAST,2024-08-22,2027-07-22,Cross Debarment: ADB,X-DEBARRED,,2026-09-23T05:00:01.779Z
888179,"HEBEI CONSTRUCTION GROUP DECORATION ENGINEERING CO., LTD.",China,"BAODING CITY, HEBEI PROVINCE","NO. 388, WEST DEVELOPMENT ROAD, QINGYUAN DISTRICT",2024-08-22,2027-07-22,Cross Debarment: ADB,X-DEBARRED,,2026-09-23T05:00:01.779Z
888180,"HEBEI ZHONGRU SOFTWARE TECHNOLOGY CO., LTD.",China,BAODING CITY,"FLOOR 4, NO 329, WUSI WEST ROAD",2024-08-22,2027-07-22,Cross Debarment: ADB,X-DEBARRED,,2026-09-23T05:00:01.779Z
888243,HEBEI CONSTRUCTION GROUP CORPORATION LIMITED STEEL STRUCTURE BRANCH,China,"BAODING CITY, HEBEI PROVINCE","NO. 139, WUSI WEST ROAD, JINGXIU DISTRICT",2024-08-22,2027-07-22,Cross Debarment: ADB,X-DEBARRED,,2026-09-23T05:00:01.779Z
888271,HEBEI CONSTRUCTION GROUP CORPORATION LIMITED ETHIOPIA BRANCH,Ethiopia,,"BOLE, 12 ADDIS ABABA",2024-08-22,2027-07-22,Cross Debarment: ADB,X-DEBARRED,,2026-09-23T05:00:01.779Z
888273,HEBEI CONSTRUCTION GROUP CORPORATION LIMITED XIHUA BRANCH,China,"ZHOUKOU CITY, HENAN PROVINCE","500 METERS EAST OF LI DAZHUANG TOWN GOVERNMENT, XIHUA COUNTY",2024-08-22,2027-07-22,Cross Debarment: ADB,X-DEBARRED,,2026-09-23T05:00:01.779Z
888294,HEBEI CONSTRUCTION GROUP CORPORATION LIMITED XINJIANG BRANCH,China,"URUMQI, XINJIANG","ROOM 1801, SECTION A, SHENGDA PLAZA, NO 499, YUNTAISHAN STREET, ECONOMIC AND TECHNOLOGICAL DEVELOPMENT ZONE",2024-08-22,2027-07-22,Cross Debarment: ADB,X-DEBARRED,,2026-09-23T05:00:01.779Z
888295,HEBEI CONSTRUCTION GROUP CORPORATION LIMITED BINZHOU BRANCH,China,"BINZHOU CITY, SHANDONG PROVINCE","ROOM 172, BUILDING 16, XUEYUAN GARDEN COMMUNITY, SOUTH OF HUANGHE 8TH ROAD AND WEST OF BOHAI 11TH ROAD",2024-08-22,2027-07-22,Cross Debarment: ADB,X-DEBARRED,,2026-09-23T05:00:01.779Z
888297,HEBEI CONSTRUCTION GROUP CORPORATION LIMITED HENGSHUI BRANCH,China,"HENGSHUI CITY, HEBEI PROVINCE","12 / F, LESHENG CENTER, NO 66, PENGCHENG ROAD, BINHU NEW DISTRICT",2024-08-22,2027-07-22,Cross Debarment: ADB,X-DEBARRED,,2026-09-23T05:00:01.779Z
888326,HEBEI CONSTRUCTION GROUP CORPORATION LIMITED NO 1 BRANCH,China,"BAODING CITY, HEBEI PROVINCE","NO 125 , LUGANG ROAD ,JINGXIU DISTRICT",2024-08-22,2027-07-22,Cross Debarment: ADB,X-DEBARRED,,2026-09-23T05:00:01.779Z
888329,HEBEI CONSTRUCTION GROUP CORPORATION LIMITED XIONGXIAN BRANCH,China,"BAODING CITY, HEBEI PROVINCE","NO. 30, QINGHE PARK WEST STREET, NORTH CAIYUAN VILLAGE, XIONGZHOU TOWN, XIONGXIAN COUNTY",2024-08-22,2027-07-22,Cross Debarment: ADB,X-DEBARRED,,2026-09-23T05:00:01.779Z
888165,"HEBEI XINGXI CORPORATE MANAGEMENT CO., LTD.",China,"LANGFANG CITY, HEBEI PROVINCE","ROOM 206, 2ND FLOOR, CENTRAL HEATING OFFICE, NO.169 AIMIN WEST ROAD, ANCHI DISTRICT",2024-08-22,2027-07-22,Cross Debarment: ADB,X-DEBARRED,,2026-09-23T05:00:01.779Z
888158,"HEBEI CONSTRUCTION GROUP TIANCHEN CONSTRUCTION ENGINEERING CO., LTD.",China,BAODING CITY,"BUILDING 6, NO 139 WUSI WEST ROAD, JINGXIU DISTRICT",2024-08-22,2027-07-22,Cross Debarment: ADB,X-DEBARRED,,2026-09-23T05:00:01.779Z
888161,"HEBEI TIANYU CONSTRUCTION DEVELOPMENT CO., LTD.",China,"GAOBEIDIAN CITY, BAODING CITY, HEBEI PROVINCE",,2024-08-22,2027-07-22,Cross Debarment: ADB,X-DEBARRED,,2026-09-23T05:00:01.779Z
888162,"YUNCAI NETWORK TECHNOLOGY CO., LTD.",China,"BAODING CITY, HEBEI PROVINCE","ROOM 2410, HEBEI CONSTRUCTION BUSINESS CENTER ,NO 125 , LUGANG ROAD, JINGXIU DISTRICT",2024-08-22,2027-07-22,Cross Debarment: ADB,X-DEBARRED,,2026-09-23T05:00:01.779Z
888163,"YUNNAN TIANYI CONSTRUCTION CO., LTD.",China,KUNMING,"4 / F, BUILDING J, YINHE SCIENCE PARK, NO 168, YUNJING ROAD, GUOLIN COMMUNITY, LUOYANG SUB-DISTRICT, JINGKAI DISTRICT",2024-08-22,2027-07-22,Cross Debarment: ADB,X-DEBARRED,,2026-09-23T05:00:01.779Z
888170,"SHAANXI TIANQIN JIANAN ENGINEERING CO., LTD.",China,SHAANXI PROVINCE,"NO. 221-10, BUILDING 2, CHONGWEN TOWER SCENIC AREA, CHONGWEN TOWN, JINGHE NEW TOWN, XIXIAN NEW DISTRICT",2024-08-22,2027-07-22,Cross Debarment: ADB,X-DEBARRED,,2026-09-23T05:00:01.779Z
888172,"HEBEI CONSTRUCTION GROUP TIANFU CONSTRUCTION ENGINEERING CO., LTD.",China,"BAODING CITY, HEBEI PROVINCE","FLOOR 3, 5-4 BUILDING ,PHASE I OF INDUSTRIAL PLATFORM STANDARDIZED PLANT, NO 3 FUPING COUNTY ECONOMIC DEVELOPMENT ZONE",2024-08-22,2027-07-22,Cross Debarment: ADB,X-DEBARRED,,2026-09-23T05:00:01.779Z
888173,"HEBEI CONSTRUCTION GROUP TIANMIAN CONSTRUCTION ENGINEERING CO., LTD.",China,,"ROOM 701, BUILDING 6, SCIENCE PARK, HEBEI UNIVERSITY OF TECHNOLOGY, XINGTAI ECONOMIC DEVELOPMENT ZONE",2024-08-22,2027-07-22,Cross Debarment: ADB,X-DEBARRED,,2026-09-23T05:00:01.779Z
888204,HEBEI CONSTRUCTION GROUP CORPORATION LIMITED  JIAOZHOU BRANCH,China,"QINGDAO CITY, SHANDONG PROVINCE","ROOM 602, UNIT 2, BUILDING 4, HAIYUN MINGBANG, JIAOZHOU ECONOMIC AND TECHNOLOGICAL DEVELOPMENT ZONE",2024-08-22,2027-07-22,Cross Debarment: ADB,X-DEBARRED,,2026-09-23T05:00:01.779Z
888208,HEBEI CONSTRUCTION GROUP CORPORATION LIMITED BEIJING NO 8 BRANCH,China,BEIJING,"NO. 2 GOVERNMENT ROAD, TONGZHOU PARK, ZHONGGUANCUN SCIENCE AND TECHNOLOGY PARK, TONGZHOU DISTRICT",2024-08-22,2027-07-22,Cross Debarment: ADB,X-DEBARRED,,2026-09-23T05:00:01.779Z
888209,HEBEI CONSTRUCTION GROUP CORPORATION LIMITED FUJIAN BRANCH,China,XIAMEN,"UNIT 1104, NO 167, TAPU EAST ROAD, SIMING DISTRICT",2024-08-22,2027-07-22,Cross Debarment: ADB,X-DEBARRED,,2026-09-23T05:00:01.779Z
888223,HEBEI CONSTRUCTION GROUP CORPORATION LIMITED QINGYUAN BRANCH,China,"LISHUI CITY, ZHEJIANG PROVINCE.","2-3/F, NO 22, SECOND ROAD, GU CITY, SONGYUAN STREET, QINGYUAN COUNTY,",2024-08-22,2027-07-22,Cross Debarment: ADB,X-DEBARRED,,2026-09-23T05:00:01.779Z
888231,HEBEI CONSTRUCTION GROUP CORPORATION LIMITED NINGGUO BRANCH,China,"NINGGUO CITY, XUANCHENG CITY, ANHUI PROVINCE","NO  5, LVBAO GARDEN CITY WEST PHASE I, SHANMEN NORTH ROAD",2024-08-22,2027-07-22,Cross Debarment: ADB,X-DEBARRED,,2026-09-23T05:00:01.779Z
888232,HEBEI CONSTRUCTION GROUP CORPORATION LIMITED SHITAI BRANCH,China,"CHIZHOU CITY, ANHUI PROVINCE","ROOM 401, UNIT 2, BUILDING 9, NO 468,JIN QIANSHAN NORTH ROAD, RENLI TOWN, SHITAI COUNTY",2024-08-22,2027-07-22,Cross Debarment: ADB,X-DEBARRED,,2026-09-23T05:00:01.779Z
888247,HEBEI CONSTRUCTION GROUP CORPORATION LIMITED DONGGUAN BRANCH,China,DONGGUAN CITY,"ROOM 301, 3/F, XINXING BUILDING, KEJI ROAD, NANCHENG DISTRICT",2024-08-22,2027-07-22,Cross Debarment: ADB,X-DEBARRED,,2026-09-23T05:00:01.779Z
888303,HEBEI CONSTRUCTION GROUP CORPORATION LIMITED PINGYUAN BRANCH,China,"DEZHOU CITY, SHANDONG PROVINCE","NO 2-4, HEJIAXING NORTH EAST SIDE ,LONGMEN STREET, PINGYUAN COUNTY",2024-08-22,2027-07-22,Cross Debarment: ADB,X-DEBARRED,,2026-09-23T05:00:01.779Z
888334,HEBEI CONSTRUCTION GROUP CORPORATION LIMITED LUANNAN BRANCH,China,"TANGSHAN CITY , HEBEI PROVINCE","NO A18, HANLIN YAYUAN PHASE II, LUANNAN COUNTY",2024-08-22,2027-07-22,Cross Debarment: ADB,X-DEBARRED,,2026-09-23T05:00:01.779Z
888368,HEBEI CONSTRUCTION GROUP CORPORATION LIMITED BAODING XUSHUI DISTRICT BRANCH,China,"BAODING CITY, HEBEI PROVINCE","NO 46, BUILDING 3, SHANGPIN COMMUNITY, EAST SIDE OF SHENGYUAN STREET, XUSHUI DISTRICT",2024-08-22,2027-07-22,Cross Debarment: ADB,X-DEBARRED,,2026-09-23T05:00:01.779Z
888363,HEBEI CONSTRUCTION GROUP CORPORATION LIMITED BEIJING AIRPORT BRANCH,China,BEIJING,"ROOM 501, 5TH FLOOR, NO 2, ELISHENG COMMERCIAL BUILDING, TIANZHU TOWN, SHUNYI DISTRICT",2024-08-22,2027-07-22,Cross Debarment: ADB,X-DEBARRED,,2026-09-23T05:00:01.779Z
888364,HEBEI CONSTRUCTION GROUP CORPORATION LIMITED AIRPORT BRANCH,China,,"ROOM 201, UNIT 3, NO 8, LVYUAN COMMUNITY, QIAOSHIYING TOWN, HELINGER COUNTY, HOHHOT CITY, INNER MONGOLIA AUTONOMOUS REGION",2024-08-22,2027-07-22,Cross Debarment: ADB,X-DEBARRED,,2026-09-23T05:00:01.779Z
888365,HEBEI CONSTRUCTION GROUP CORPORATION LIMITED XI'AN BRANCH,China,"XI 'AN CITY, SHAANXI PROVINCE","NO 3 ,CHENGLE EAST ROAD,BAQIAO DISTRICT",2024-08-22,2027-07-22,Cross Debarment: ADB,X-DEBARRED,,2026-09-23T05:00:01.779Z
888367,HEBEI CONSTRUCTION GROUP CORPORATION LIMITED DECORATION BRANCH,China,"BAODING CITY, HEBEI PROVINCE","NO.139 WUSI WEST ROAD, JINGXIU DISTRICT",2024-08-22,2027-07-22,Cross Debarment: ADB,X-DEBARRED,,2026-09-23T05:00:01.779Z
888369,HEBEI CONSTRUCTION GROUP CORPORATION LIMITED TENGCHONG SHITOUSHAN BRANCH,China,"TENGCHONG CITY, BAOSHAN CITY, YUNNAN PROVINCE","NO. 2, BUILDING 28, MAOJIAYING TENGCHONG XINGHUA INTERNATIONAL LOGISTICS TRADE CITY, DONGPING COMMUNITY, ZHONGHE TOWN",2024-08-22,2027-07-22,Cross Debarment: ADB,X-DEBARRED,,2026-09-23T05:00:01.779Z
888372,HEBEI CONSTRUCTION GROUP CORPORATION LIMITED KUNMING BRANCH,China,,"4 / F, BUILDING J, YINHE SCIENCE AND TECHNOLOGY PARK, NO 168 YUNJING ROAD, LUOYANG SUB-DISTRICT, JINGKAI DISTRICT, KUNMING, CHINA (YUNNAN) PILOT FREE TRADE ZONE",2024-08-22,2027-07-22,Cross Debarment: ADB,X-DEBARRED,,2026-09-23T05:00:01.779Z
888381,HEBEI CONSTRUCTION GROUP CORPORATION LIMITED QINGLONG BRANCH,China,"QINHUANGDAO CITY, HEBEI PROVINCE","FENGANMINGBAO WEST BUILDING, NO 225 ZUSHAN ROAD ，QINGLONG MANCHU AUTONOMOUS COUNTY",2024-08-22,2027-07-22,Cross Debarment: ADB,X-DEBARRED,,2026-09-23T05:00:01.779Z
888265,HEBEI CONSTRUCTION GROUP CORPORATION LIMITED TIANSHAN BRANCH,China,,"NO 22, ANTAI HOME, EAST HONGXING ROAD, TIANSHAN TOWN, CHIFENG CITY, INNER MONGOLIA AUTONOMOUS REGION",2024-08-22,2027-07-22,Cross Debarment: ADB,X-DEBARRED,,2026-09-23T05:00:01.779Z
888151,"RONGCHENG COUNTY XINRONG CITY DEVELOPMENT CO., LTD.",China,"BAODING CITY, HEBEI PROVINCE","NO. 2-7, ZHONGJIN GARDEN COMMUNITY, SOUTH OF AOWEI ROAD, RONGCHENG COUNTY",2024-08-22,2027-07-22,Cross Debarment: ADB,X-DEBARRED,,2026-09-23T05:00:01.779Z
888126,"HUAINAN FENGRUI INFRASTRUCTURE CONSTRUCTION CO., LTD.",China,"HUAINAN CITY, ANHUI PROVINCE","THIRD FLOOR, INTEGRATED SERVICE BUILDING, SOUTH OF NO. 4 ROAD, FENGTAI ECONOMIC DEVELOPMENT ZONE",2024-08-22,2027-07-22,Cross Debarment: ADB,X-DEBARRED,,2026-09-23T05:00:01.779Z
1046186,ZASAGT KHAN KHUGJIL LLC,Mongolia,ULAANBAATAR 16092,"APARTMENT 15, BUILDING 2, 12TH MICRODISTRICT, 3RD KHOROO, BAYANGOL DISTRICT",2025-12-16,2030-05-25,Cross Debarment: EBRD,X-DEBARRED,,2026-09-23T05:00:01.779Z
1046188,KHAN TAISHIR INDSUTRY LLC,Mongolia,ULAANBAATAR 15141,"SUITE 1601, M PLAZA, SAMBUU STREET 24",2025-12-16,2030-05-25,Cross Debarment: EBRD,X-DEBARRED,,2026-09-23T05:00:01.779Z
1046182,KHAN ALTAI RESOURCE LLC,Mongolia,ULAANBAATAR 15141,"17TH FLOOR, M PLAZA, SAMBUU STREET 24",2025-12-16,2030-05-25,Cross Debarment: EBRD,X-DEBARRED,,2026-09-23T05:00:01.779Z
1046203,JIGUURDEL LLC,Mongolia,ULAANBAATAR 13381,"15, 3RD KHOROO, BAYANZURH DISTRICT",2025-12-16,2030-05-25,Cross Debarment: EBRD,X-DEBARRED,,2026-09-23T05:00:01.779Z
1046205,ALTGANA RESOURCE LLC,Mongolia,ULAANBAATAR 15141,"SUITE 1702, 17TH FLOOR, M PLAZA, SAMBUU STREET, 5TH KHOROO, CHINGELTEI DISTRICT",2025-12-16,2030-05-25,Cross Debarment: EBRD,X-DEBARRED,,2026-09-23T05:00:01.779Z
1046192,SHUT LLC,Mongolia,ULAANBAATAR 15141,"16TH FLOOR, ROOM 1601, M PLAZA, SAMBUU STREET, CHINGELTEI DISTRICT",2025-12-16,2030-05-25,Cross Debarment: EBRD,X-DEBARRED,,2026-09-23T05:00:01.779Z
1051956,J&J CONSTRUCTION COMPANY,Malawi,P.O. BOX 2442 BLANTYRE,"KINGS TIN COMPLE, LUNZU INDUSTRIAL SITE, NEXT TO AFIASAN",2026-01-13,2028-11-26,Cross Debarment: AfDB,X-DEBARRED,,2026-09-23T05:00:01.779Z
1051934,TETRALINK TAYLOR & ASSOCIATES (TANZANIA) LIMITED,Kenya,NAIROBI,"RE-INSURANCE PLAZA,8 FLOOR TAIFA ROAD, OPPOSITE HIGH COURT",2026-01-13,2027-12-09,Cross Debarment: AfDB,X-DEBARRED,,2026-09-23T05:00:01.779Z
1051935,TETRALINK TAYLOR & ASSOCIATES (RWANDA) LIMITED,Kenya,NAIROBI,"RE-INSURANCE PLAZA,8 FLOOR TAIFA ROAD, OPPOSITE HIGH COURT",2026-01-13,2027-12-09,Cross Debarment: AfDB,X-DEBARRED,,2026-09-23T05:00:01.779Z
1058485,IYA S.A.R.L,Mali,BAMAKO,"LAFIABOUGOU, RUE 496, PORTE 28/30 BOÎTE POSTALE E 5132",2026-02-03,2027-09-06,Cross Debarment: AfDB,X-DEBARRED,,2026-09-23T05:00:01.779Z
1046185,KHAN URNUD MINING LLC,Mongolia,ULAANBAATAR 15141,"SUITE 1601, M PLAZA, SAMBUU STREET 24",2025-12-16,2030-05-25,Cross Debarment: EBRD,X-DEBARRED,,2026-09-23T05:00:01.779Z
1046196,ARJ CAPITAL LLC,Mongolia,ULAANBAATAR 15141,"14TH FLOOR, M PLAZA, SAMBUU STREET 24",2025-12-16,2030-05-25,Cross Debarment: EBRD,X-DEBARRED,,2026-09-23T05:00:01.779Z
1046197,MAX URGUU LLC,Mongolia,ULAANBAATAR 15170,"MAX TOWER, JUULCHIN STREET 4/4, CHINGELTEI DISTRICT",2025-12-16,2030-05-25,Cross Debarment: EBRD,X-DEBARRED,,2026-09-23T05:00:01.779Z
1046202,TOP OIL TRADING LLC,Mongolia,ULAANBAATAR 15141,"14TH FLOOR, ROOM 1401, M PLAZA, SAMBUU STREET, 5 KHOROO, CHINGELTEI DISTRICT",2025-12-16,2030-05-25,Cross Debarment: EBRD,X-DEBARRED,,2026-09-23T05:00:01.779Z
1051933,TETRALINK TAYLOR & ASSOCIATES EAST AFRICA LIMITED,Kenya,NAIROBI,"RE-INSURANCE PLAZA, 8 FLOOR TAIFA ROAD, OPPOSITE HIGH COURT",2026-01-13,2027-12-09,Cross Debarment: AfDB,X-DEBARRED,,2026-09-23T05:00:01.779Z
1046195,MAX ROAD LLC,Mongolia,ULAANBAATAR 15141,"14TH FLOOR, M PLAZA, SAMBUU STREET 24",2025-12-16,2030-05-25,Cross Debarment: EBRD,X-DEBARRED,,2026-09-23T05:00:01.779Z
1046771,ERLING RASK,Denmark,KASTRUP,"LADEGAARDSVEJ , 2770",2025-12-18,2032-11-23,Cross Debarment: IDB,X-DEBARRED,,2026-09-23T05:00:01.779Z
1046773,NEWCO AF 2018 IV,Denmark,DRAGOR,"GERDSVEJ 5B, 2791",2025-12-18,2032-11-23,Cross Debarment: IDB,X-DEBARRED,,2026-09-23T05:00:01.779Z
1046191,TUVSHIN INTERNATIONAL LLC,Mongolia,ULAANBAATAR 15141,"SUITE 1604, M PLAZA, SAMBUU STREET 24",2025-12-16,2030-05-25,Cross Debarment: EBRD,X-DEBARRED,,2026-09-23T05:00:01.779Z
1046193,SUU JSC,Mongolia,ULAANBAATAR 18072,"STOCK COMPANY LOBAR UNION STREET - 37, SONGINOKHAIRKHAN DISTRICT",2025-12-16,2030-05-25,Cross Debarment: EBRD,X-DEBARRED,,2026-09-23T05:00:01.779Z
1046194,MINING GOLD FIELD LLC,Mongolia,ULAANBAATAR 15170,"MAX TOWER, JUULCHIN STREET 4/4, CHINGELTEI DISTRICT",2025-12-16,2030-05-25,Cross Debarment: EBRD,X-DEBARRED,,2026-09-23T05:00:01.779Z
1055955,"SOCIÉTÉ MALIENNE DE CONSTRUCTION, DE TRANSPORT ET D'HYDROCARBURE (SOMACOTH SA)",Mali,BAMAKO,"HAMDALLAYE ACI 2000, À 200 M DI MONUMENT DE LA GRANDE BOUGIE",2026-01-27,2028-05-27,Cross Debarment: AfDB,X-DEBARRED,,2026-09-23T05:00:01.779Z
1056007,YESSAN SARLU,Togo,ATAKPAMÉ,"QUARTIER AGBONOU, 201BP.60",2026-01-27,2027-05-27,Cross Debarment: AfDB,X-DEBARRED,,2026-09-23T05:00:01.779Z
1056008,M. AYITÉVI YAO MAWULOLO AMADOTE,Togo,ATAKPAMÉ,"QUARTIER AGBONOU, 201BP.60",2026-01-27,2027-05-27,Cross Debarment: AfDB,X-DEBARRED,,2026-09-23T05:00:01.779Z
1062674,MR. MARTIN OBIERO ACHIENG,Kenya,NAIROBI,"GREFAM CONSULTANTS,NO. 213/02, KISUMU SIAYA ROAD, P.O. BOX 15285-00100",2026-02-18,2028-01-27,Cross Debarment: AfDB,X-DEBARRED,,2026-09-23T05:00:01.779Z
1037275,OMRAB ENGINEERING COMPANY (P.J.S.),"Iran, Islamic Republic of",TEHRAN,"NO. 1, KAJOUR ST. MIRDAMAD BOULEVARD, PO BOX: 1918973116",2025-11-18,2026-11-27,Cross Debarment: EBRD,X-DEBARRED,,2026-09-23T05:00:01.779Z
1027876,ROVIN ADRIAN SUKHRAJ,Guyana,GEORGETOWN,"LOT 64, SANDY BABB STREET",2025-10-24,2028-10-01,Cross Debarment: IDB,X-DEBARRED,,2026-09-23T05:00:01.779Z
1037274,OMRAB CANADA INC.,Canada,OTTAWA,"2283 SAINT BOULEVARD, SUITE 201, ON K1G 5A2",2025-11-18,2026-11-27,Cross Debarment: EBRD,X-DEBARRED,,2026-09-23T05:00:01.779Z
1032823,M/S DON ENTERPRISE,Bangladesh,RAJSHAHI-6000,"161, BAHARAMPUR, CITY BYPASS RAJPARA",2025-11-05,2035-07-28,Cross Debarment: ADB,X-DEBARRED,,2026-09-23T05:00:01.779Z
1032824,MD. HARUN UR RASHID,Bangladesh,RAJSHAHI-6000,"161, BAHARAMPUR, CITY BYPASS RAJPARA",2025-11-05,2035-07-28,Cross Debarment: ADB,X-DEBARRED,,2026-09-23T05:00:01.779Z
1037273,"HANGZHOU FUCHUAN ELECTRIC EQUIPMENT CO., LTD",China,HANGZHOU,"NO.138, BUILDING 1, JIANGBIN EAST ROAD, FUCHUN STREET, FUYANG DISTRICT, ZHEJIANG PROVINCE",2025-11-18,2028-10-24,Cross Debarment: AFDB,X-DEBARRED,,2026-09-23T05:00:01.779Z
1005435,"SICHUAN YITU LANDSCAPE ENGINEERING CO., LTD.",China,CHENGDU,"NO.1, 1/F, UNIT 1, BUILDING 3, NO.4, YUTONG ALLEY, SOUTH THIRD SECTION, 2ND RING ROAD, WUHOU DISTRICT",2025-08-19,2030-02-21,Cross Debarment: ADB,X-DEBARRED,,2026-09-23T05:00:01.779Z
1009999,"SICHUAN YITU GARDENING AND ENGINEERING CO., LTD. SICHUAN YITU'S HUINING COUNTY BRANCH",China,BAIYIN CITY,"ROOM 901, 9/F, YANTAIGE, HUISHI TOWN, HUINING COUNTY,GANSU PROVINCE",2025-08-19,2030-02-21,Cross Debarment: ADB,X-DEBARRED,,2026-09-23T05:00:01.779Z
1009998,SICHUAN YITU GARDENING AND GREENING ENGINEERING CO. LTD.- LUZHOU HIGH-TECH BRANCH,China,LUZHOU,"NO. 19, SECTION 5, JIUGU AVENUE,JIANGYANG DISTRICT,SICHUAN, PEOPLE'S REPUBLIC OF",2025-08-19,2030-02-21,Cross Debarment: ADB,X-DEBARRED,,2026-09-23T05:00:01.779Z
1005434,MR. HUANG YONGXIANG,China,BEIJING,"NO. 104, ZHOUJIAZHUANG VILLAGE, CHAOYANG DISTRICT",2025-08-19,2029-02-24,Cross Debarment: ADB,X-DEBARRED,,2026-09-23T05:00:01.779Z
1113334,MLP INVESTMENTS DOO BEOGRAD-CUKARICA,Serbia,BELGRADE,OBRENOVACKI DRUM 101 CUKARICA,2026-08-06,2029-10-21,Cross Debarment: EBRD,X-DEBARRED,,2026-09-23T05:00:01.779Z
1113335,LOTEX REAL ESTATE D.O.O. BEOGRAD,Serbia,BELGRADE,OBRENOVACKI DRUM 101 CUKARICA,2026-08-06,2029-10-21,Cross Debarment: EBRD,X-DEBARRED,,2026-09-23T05:00:01.779Z
1113333,LOTEX GROUP DOO BEOGRAD-CUKARICA,Serbia,BELGRADE,KNEZA MILOŠA 88A SAVSKI VENAC,2026-08-06,2029-10-21,Cross Debarment: EBRD,X-DEBARRED,,2026-09-23T05:00:01.779Z
1102385,"APPLUS NORCONTROL PANAMÁ, SA",Panama,CIUDAD DE PANAMÁ,"CIUDAD DEL SABER EDIFICIO 223, PISO 4, LOCAL A Y C",2026-06-26,2027-07-10,Cross Debarment: EBRD,X-DEBARRED,,2026-09-23T05:00:01.779Z
1102462,NORCONTROL INSPECCIÓN SA DE CV,Mexico,CIUDAD DE MEXICO,"LAGO ZÚRICH Nº245. Nº INT. 1501 Y 1502, COL. AMPLIACIÓN GRANADA, ALCALDÍA MIGUEL HIDALGO, CP 11529",2026-06-26,2027-07-10,Cross Debarment: EBRD,X-DEBARRED,,2026-09-23T05:00:01.779Z
1102459,APPLUS NORCONTROL GUATAMELA SA,Guatemala,FRAIJANES,KILÓMETRO 22 CARRETERA A EL SALVADOR ECOPLAZA BODEGA 403,2026-06-26,2027-07-10,Cross Debarment: EBRD,X-DEBARRED,,2026-09-23T05:00:01.779Z
1102469,"APPLUS SERVICIOS INTEGRALES, SAS",Colombia,BOGOTÁ,"DIAGONAL CALLE 71 A BIS # 20-69, D.C., 111211",2026-06-26,2027-07-10,Cross Debarment: EBRD,X-DEBARRED,,2026-09-23T05:00:01.779Z
1104195,BLUEHOUSE CAPITAL SYMVOULOI PROOTHISIS AGORAS POLISIS KAI ANAPTYXIS AKINITON SINGLE MEMBER SOCIÉTÉ ANONYME,Greece,ATHENS,32 VOUKOURESTIOU STR,2026-07-08,2028-09-18,Cross Debarment: EBRD,X-DEBARRED,,2026-09-23T05:00:01.779Z
1104262,DIGGER HOLDINGS LIMITED,Cyprus,NICOSIA,"ARCHIEPISKOPOU MAKARIOU III 2-4, CAPITAL CENTER, FLOOR 9, 1065",2026-07-08,2028-09-18,Cross Debarment: EBRD,X-DEBARRED,,2026-09-23T05:00:01.779Z
1097974,AGROBUDSERVIS LLC,Ukraine,VILLAGE OF TROSTYANETS,"UKRAINE, 81614, LVIV REGION, MYKOLAYIVSKYY DISTRICT",2026-06-12,2027-08-20,Cross Debarment: EBRD,X-DEBARRED,,2026-09-23T05:00:01.779Z
1103433,"ZHEJIANG RUINENG INVESTMENT CO., LTD.",China,ZHEJIANG,"RM 327, 8 EAST FENGQI RD., HANGZHOU",2026-07-06,2029-06-11,Cross Debarment: ADB,X-DEBARRED,,2026-09-23T05:00:01.779Z
1102461,NORCONTROL NICARAGUA SA,Nicaragua,MANAGUA,"COLONIA LOS ROBLES, DEL REST. HIPPOS KM. 6,500 CARRETERA MASAYA, APTDO. LM-249",2026-06-26,2027-07-10,Cross Debarment: EBRD,X-DEBARRED,,2026-09-23T05:00:01.779Z
1102460,APPLUS PORTUGAL LDA,Portugal,VILA DO CONDE,"RUA JOAO DE RIANHO, 33, VILA DO CONDE, FREGUESIA E CONCELHO",2026-06-26,2027-07-10,Cross Debarment: EBRD,X-DEBARRED,,2026-09-23T05:00:01.779Z
1103432,"ZHEJIANG ZECHUAN INTELLIGENT TECHNOLOGY CO., LTD",China,ZHEJIANG,"RM 10170, BUILDING 9, 336 CHANGJIANG RD., CHANGHE SUBDISTRICT, BINJIANG DIST., HANGZHOU",2026-07-06,2029-06-11,Cross Debarment: ADB,X-DEBARRED,,2026-09-23T05:00:01.779Z
1103434,"ZHEJIANG JIANGNENG EQUIPMENT INTELLIGENT MANUFACTURING CO., LTD.",China,ZHEJIANG,"725 WEST ZHENXING RD., XIGANG IND. PARK, YUYUE TOWN, DEQING, HUZHOU",2026-07-06,2029-06-11,Cross Debarment: ADB,X-DEBARRED,,2026-09-23T05:00:01.779Z
1097998,ATLAS VOLOVETS ENERGY LLC,Ukraine,ZAKARPATSKA REGION,"UKRAINE, 89100, MUKACHIVSKY DISTRICT, VOLOVETS VILLAGE, GEROIV UKRAINY STREET, BUILDING 7",2026-06-12,2027-08-20,Cross Debarment: EBRD,X-DEBARRED,,2026-09-23T05:00:01.779Z
1097992,KITSMANSKA SPP LLC,Ukraine,"CHERNIVETSKA REGION,","UKRAINE, 59342, KITSMANSKYY DISTRICT, LUZHANY, VYSHNEVA STREET, BUILDING 5 B",2026-06-12,2027-08-20,Cross Debarment: EBRD,X-DEBARRED,,2026-09-23T05:00:01.779Z
1097996,SUNVIN 22 LLC,Ukraine,LVIV,"UKRAINE, 79069, LVIV REGION, TARAS SHEVCHENKO STREET, BUILDING 317 H",2026-06-12,2027-08-20,Cross Debarment: EBRD,X-DEBARRED,,2026-09-23T05:00:01.779Z
1102466,APPLUS INGENIERÍA Y CONSULTORIA SAS,Colombia,BOGOTÁ,"DIAGONAL CALLE 71 A BIS # 20-69, D.C., 111211",2026-06-26,2027-07-10,Cross Debarment: EBRD,X-DEBARRED,,2026-09-23T05:00:01.779Z
1097963,ONUR HAVACILIK TICARET A.S.,Turkiye,ANKARA,"MUSTAFA KEMAL MAHALLESI 2118.CAD. B BLOK, NO.4B/130 06510, ÇANKAYA",2026-06-12,2027-08-20,Cross Debarment: EBRD,X-DEBARRED,,2026-09-23T05:00:01.779Z
1097969,"S.R.L. ""ONUR TAAHHUT TASIMACILIK INSAAT TICARET VE SANAYI""",Moldova,HINÇESTI,"STR. CHISINAULUI, NO: 27/A,MD-3401, MUN.",2026-06-12,2027-08-20,Cross Debarment: EBRD,X-DEBARRED,,2026-09-23T05:00:01.779Z
1097977,SYNERGY ALLIANCE LLC,Ukraine,LVIV,"UKRAINE, 79040, LVIV REGION, AVIATSIINA STREET, BUILDING 7A",2026-06-12,2027-08-20,Cross Debarment: EBRD,X-DEBARRED,,2026-09-23T05:00:01.779Z
1105382,RCR COMERCIALIZADORA Y PROCESADORA SOCIEDAD ANONIMA CERRADA,Peru,MADRE DE DIOS,"JR. LOS EBANISTAS MZ. I LT.1A, LAS PIEDRAS, TAMBOPATA",2026-07-13,2030-06-11,Cross Debarment: IDB,X-DEBARRED,,2026-09-23T05:00:01.779Z
1097989,SPYS UKRAYINA LLC,Ukraine,LVIV,"UKRAINE, 79014, LVIV REGION,LYCHAKIVSKA STREET, BUILDING 84 A, APARTMENT 3",2026-06-12,2027-08-20,Cross Debarment: EBRD,X-DEBARRED,,2026-09-23T05:00:01.779Z
1097993,LURTZ ENERGY LLC,Ukraine,KHMELNYTSKYI REGION,"UKRAINE 32408, KAMYANETS-PODILSKY DISTRICT, ZELENCHE VILLAGE, MOLODIZHNA STREET, BUILDING 1A",2026-06-12,2027-08-20,Cross Debarment: EBRD,X-DEBARRED,,2026-09-23T05:00:01.779Z
1102463,APPLUS AND PARTNER ENGINEERING CONSULTANCY - SAUDI ARABIA,Saudi Arabia,RIYADH,"BUILDING NO. 500, OFFICE 20, AL SAHABA RD CROSSING WITH IMAM ABDULLAH IBN SAUD IBN ABDULAZIZ RD, ISHBILIYAH, 3795.",2026-06-26,2027-07-10,Cross Debarment: EBRD,X-DEBARRED,,2026-09-23T05:00:01.779Z
1103441,JIANGNENG PHILIPPINES BRANCH,Philippines,TAGUIG NCR,"UNIT 1617, HIGH STREET SOUTH CORPORATE PLAZA, TOWER 2, FORT BONIFACIO, 1635, FOURTH DISTRICT PHILIPPINES",2026-07-06,2029-06-11,Cross Debarment: ADB,X-DEBARRED,,2026-09-23T05:00:01.779Z
1103437,"LONGQUAN YANGYUAN HYDROPOWER DEVELOPMENT CO., LTD.",China,LONGQUAN,"NO.18, BUILDING 33, DAYANG COMMUNITY, ZHEJIANG PROVINCE",2026-07-06,2029-06-11,Cross Debarment: ADB,X-DEBARRED,,2026-09-23T05:00:01.779Z
1103438,JIANGNENG LINPING BRANCH,China,ZHEJIANG,"RM 301, BLDG 4, 171 ZHANGJIADUN RD., TANGQI TOWN, LINPING DIST, HANGZHOU",2026-07-06,2029-06-11,Cross Debarment: ADB,X-DEBARRED,,2026-09-23T05:00:01.779Z
1103440,JIANGNENG JIANGSU BRANCH,China,JIANGSU,"22 NEW BAIXUE RD., SHAJIABANG TOWN, CHANGSHU",2026-07-06,2029-06-11,Cross Debarment: ADB,X-DEBARRED,,2026-09-23T05:00:01.779Z
1104264,BLUEHOUSE DEVELOPMENT SMSA,Greece,ATHENS,32 VOUKOURESTIOU STR,2026-07-08,2028-09-18,Cross Debarment: EBRD,X-DEBARRED,,2026-09-23T05:00:01.779Z
1102458,"NORCONTROL CHILE, SA",Chile,SANTIAGO DE CHILE,"FRANCISCO DE AGUIRRE 200, PISO 10, PROVIDENCIA",2026-06-26,2027-07-10,Cross Debarment: EBRD,X-DEBARRED,,2026-09-23T05:00:01.779Z
1102470,"INGELOG COSTA RICA, S.A.",Costa Rica,OFICINA T&L CONSULTORES,"PROVINCIA 01 SAN JOSÉ, CANTON 01 SAN JOSE, MATA REDONDA, SABANA SUR, OFICENTRO EJECUTIVO LA SABANA, TORRE 6, 4º PISO",2026-06-26,2027-07-10,Cross Debarment: EBRD,X-DEBARRED,,2026-09-23T05:00:01.779Z
1097966,PRIZMA AGAÇ ISLEME VE DIS TICARET A.S.,Turkiye,ISTANBUL,"MERDIVENKÖY MAH. BORA SOK. NO: 1 NIDAKULE A BLOK KAT: 9, 34732, KADIKÖY",2026-06-12,2027-08-20,Cross Debarment: EBRD,X-DEBARRED,,2026-09-23T05:00:01.779Z
1097987,IKOPOT ENERDZHI LLC,Ukraine,VILLAGE OF KREMENCHUKY (Z),"UKRAINE, 31026, KHMELNYTSKYI REGION, KRASYLIV DISTRICT, MYRU STREET, BUILDING 40",2026-06-12,2027-08-20,Cross Debarment: EBRD,X-DEBARRED,,2026-09-23T05:00:01.779Z
888148,"INNER MONGOLIA JIANTOU DEVELOPMENT CONSTRUCTION ENGINEERING CO., LTD.",China,"HOHHOT, INNER MONGOLIA AUTONOMOUS REGION","ROOM 1717, 17TH FLOOR, BUILDING 4, WANZHENG SHANGDU, NO 4 UNIVERSITY EAST STREET, SAIHAN DISTRICT",2024-08-22,2027-07-22,Cross Debarment: ADB,X-DEBARRED,,2026-09-23T05:00:01.779Z
888211,HEBEI CONSTRUCTION GROUP CORPORATION LIMITED CHONGQING BRANCH,China,CHONGQING,"8-8, NO 196, BIN YI ROAD, JIANGBEI DISTRICT",2024-08-22,2027-07-22,Cross Debarment: ADB,X-DEBARRED,,2026-09-23T05:00:01.779Z
888213,HEBEI CONSTRUCTION GROUP CORPORATION LIMITED SHENGZHOU CITY BRANCH,China,"SHENGZHOU CITY, SHAOXING CITY, ZHEJIANG PROVINCE","3/F, BUILDING 17, RIVERSIDE YULIN ,JINWAN INTERNATIONAL FLOWER CITY, NO 388, JINGHUAN WEST ROAD, PUKOU STREET",2024-08-22,2027-07-22,Cross Debarment: ADB,X-DEBARRED,,2026-09-23T05:00:01.779Z
888214,HEBEI CONSTRUCTION GROUP CORPORATION LIMITED ANHUI BRANCH,China,"HEFEI CITY, ANHUI PROVINCE","8F, CHANGHE BUILDING, NO 677, WEST CHANGJIANG ROAD, HIGH-TECH ZONE",2024-08-22,2027-07-22,Cross Debarment: ADB,X-DEBARRED,,2026-09-23T05:00:01.779Z
888249,HEBEI CONSTRUCTION GROUP CORPORATION LIMITED SHENZHEN BRANCH,China,SHENZHEN,"ROOM 307A004, BUILDING 14, GONGMING COMMUNITY, NO  64, ZHENMING ROAD, GONGMING COMMUNITY, GONGMING STREET, GUANGMING DISTRICT",2024-08-22,2027-07-22,Cross Debarment: ADB,X-DEBARRED,,2026-09-23T05:00:01.779Z
888251,HEBEI CONSTRUCTION GROUP CORPORATION LIMITED GUANGXI BRANCH,China,NANNING,"BUILDING 3, SOUTH 5/F WEST SIDE , NO12, XINZHU ROAD, QINGXIU DISTRICT",2024-08-22,2027-07-22,Cross Debarment: ADB,X-DEBARRED,,2026-09-23T05:00:01.779Z
888286,HEBEI CONSTRUCTION GROUP CORPORATION LIMITED BEIDAIHE BRANCH,China,"QINHUANGDAO CITY, HEBEI PROVINCE","NO 72, LIANFENG ROAD, BEIDAIHE DISTRICT",2024-08-22,2027-07-22,Cross Debarment: ADB,X-DEBARRED,,2026-09-23T05:00:01.779Z
888288,HEBEI CONSTRUCTION GROUP CORPORATION LIMITED KANGPING BRANCH,China,"YANG CITY, LIAONING PROVINCE","ROOM 2-1-1,NO. 1 YUJIA ROAD, KANGPING COUNTY",2024-08-22,2027-07-22,Cross Debarment: ADB,X-DEBARRED,,2026-09-23T05:00:01.779Z
888289,HEBEI CONSTRUCTION GROUP CORPORATION LIMITED SHANHAIGUAN BRANCH,China,"QINHUANGDAO CITY, HEBEI PROVINCE","NO 21, TAICHANG ROAD, SHANHAIGUAN DISTRICT",2024-08-22,2027-07-22,Cross Debarment: ADB,X-DEBARRED,,2026-09-23T05:00:01.779Z
888281,HEBEI CONSTRUCTION GROUP CORPORATION LIMITED  INNER MONGOLIA BRANCH,China,INNER MONGOLIA,"BUILDING 4, WANZHENG SQUARE, EAST UNIVERSITY STREET, RUYI DEVELOPMENT ZONE, HOHHOT",2024-08-22,2027-07-22,Cross Debarment: ADB,X-DEBARRED,,2026-09-23T05:00:01.779Z
888313,HEBEI CONSTRUCTION GROUP CORPORATION LIMITED BEIJING NO 9 BRANCH,China,BEIJING,"NO 2, AIRPORT EAST ROAD, NATIONAL BUSINESS DISTRICT, SHUNYI DISTRICT",2024-08-22,2027-07-22,Cross Debarment: ADB,X-DEBARRED,,2026-09-23T05:00:01.779Z
888317,HEBEI CONSTRUCTION GROUP CORPORATION LIMITED BEIJING NO 5 BRANCH,China,BEIJING,"ROOM 210-27, DONGSHAOQU TOWN GOVERNMENT OFFICE BUILDING, MIYUN DISTRICT",2024-08-22,2027-07-22,Cross Debarment: ADB,X-DEBARRED,,2026-09-23T05:00:01.779Z
888252,HEBEI CONSTRUCTION GROUP CORPORATION LIMITED ZHANJIANG BRANCH,China,"ZHANJIANG CITY, GUANGDONG PROVINCE","NO 33, NORTH BRIDGE ROAD, CHIKAN DISTRICT",2024-08-22,2027-07-22,Cross Debarment: ADB,X-DEBARRED,,2026-09-23T05:00:01.779Z
888253,HEBEI CONSTRUCTION GROUP CORPORATION LIMITED HUIZHOU BRANCH,China,"JIANGBEI, HUIZHOU","NO 03A, 18 / F, UNIT 2, HUAMAO BUILDING, NO 7, WENCHANG 1ST ROAD",2024-08-22,2027-07-22,Cross Debarment: ADB,X-DEBARRED,,2026-09-23T05:00:01.779Z
888630,HEBEI CONSTRUCTION GROUP CORPORATION LIMITED TANG COUNTY BRANCH,China,"BAODING CITY, HEBEI PROVINCE","NO 18, CENTRAL RESIDENCE, SOUTH OF TANGYAO EAST ROAD, TANG COUNTY",2024-08-22,2027-07-22,Cross Debarment: ADB,X-DEBARRED,,2026-09-23T05:00:01.779Z
888691,"HEBEI CONSTRUCTION GROUP ZHENGYUAN CONCRETE CO., LTD.",China,"BAODING CITY, HEBEI PROVINCE","NO 3083, TIANWEI WEST ROAD, JINGXIU DISTRICT",2024-08-22,2027-07-22,Cross Debarment: ADB,X-DEBARRED,,2026-09-23T05:00:01.779Z
888305,HEBEI CONSTRUCTION GROUP CORPORATION LIMITED DONGYING BRANCH,China,"DONGYING CITY, SHANDONG PROVINCE","NO 19 ,FEICHENG ROAD, DONGYING DISTRICT",2024-08-22,2027-07-22,Cross Debarment: ADB,X-DEBARRED,,2026-09-23T05:00:01.779Z
888315,HEBEI CONSTRUCTION GROUP CORPORATION LIMITED HAIKOU BRANCH,China,HAIKOU CITY,"ROOM 1908, 19TH FLOOR, JIALING INTERNATIONAL BUILDING, NO 36, GUOMAO AVENUE",2024-08-22,2027-07-22,Cross Debarment: ADB,X-DEBARRED,,2026-09-23T05:00:01.779Z
888316,HEBEI CONSTRUCTION GROUP CORPORATION LIMITED HUAILAI BRANCH,China,HUAILAI COUNTY,"NO 7,COMMERCIAL RESIDENTIAL BUILDING EAST , BEIMEI FENGQING COMMUNITY,YONGAN  STREET , SHANGCHENG TOWN",2024-08-22,2027-07-22,Cross Debarment: ADB,X-DEBARRED,,2026-09-23T05:00:01.779Z
888290,HEBEI CONSTRUCTION GROUP CORPORATION LIMITED NO. 3 BRANCH,China,BAODING CITY,"NO 219, XIANGYANG SOUTH ROAD, JINGXIU DISTRICT",2024-08-22,2027-07-22,Cross Debarment: ADB,X-DEBARRED,,2026-09-23T05:00:01.779Z
888264,HEBEI CONSTRUCTION GROUP CORPORATION LIMITED ROAD AND BRIDGE BRANCH,China,"HENGSHUI CITY, HEBEI PROVINCE","ROOM 101, FLOOR 1-2, BUILDING 2, PLATINUM MANSION, NO1962, YONGXING WEST ROAD, YONGXING STREET, TAOCHENG DISTRICT",2024-08-22,2027-07-22,Cross Debarment: ADB,X-DEBARRED,,2026-09-23T05:00:01.779Z
888299,HEBEI CONSTRUCTION GROUP CORPORATION LIMITED BAODING BAIGOU NEW CITY BRANCH,China,"BAODING CITY, HEBEI PROVINCE","NO F-33, COMMERCIAL STREET, FUMIN ROAD,  AISHANGZONGHECHENG  COMMUNITY,WEST  OF JINGBAI ROAD, BAIGOU TOWN, BAIGOU NEW TOWN,",2024-08-22,2027-07-22,Cross Debarment: ADB,X-DEBARRED,,2026-09-23T05:00:01.779Z
888314,HEBEI CONSTRUCTION GROUP CORPORATION LIMITED BEIJING NO 4 BRANCH,China,BEIJING,"B1-07, BUILDING 3, NO 1, ZHONGGUANCUN EAST ROAD, HAIDIAN DISTRICT",2024-08-22,2027-07-22,Cross Debarment: ADB,X-DEBARRED,,2026-09-23T05:00:01.779Z
888270,HEBEI CONSTRUCTION GROUP CORPORATION LIMITED CAMBODIA BRANCH,Cambodia,JINBIAN CITY,CAMBODIA,2024-08-22,2027-07-22,Cross Debarment: ADB,X-DEBARRED,,2026-09-23T05:00:01.779Z
888287,HEBEI CONSTRUCTION GROUP CORPORATION LIMITED LULONG BRANCH,China,"QINHUANGDAO CITY, HEBEI PROVINCE","HENGXIANG LONGZE COMMUNITY, EAST ZIQIANG ROAD, NORTH SIDE OF YONGPING STREET, LULONG COUNTY",2024-08-22,2027-07-22,Cross Debarment: ADB,X-DEBARRED,,2026-09-23T05:00:01.779Z
888318,HEBEI CONSTRUCTION GROUP CORPORATION LIMITED BOYE BRANCH,China,"BAODING CITY, HEBEI PROVINCE","NO 179, XINGHUA NORTH STREET, BOYE COUNTY",2024-08-22,2027-07-22,Cross Debarment: ADB,X-DEBARRED,,2026-09-23T05:00:01.779Z
888328,HEBEI CONSTRUCTION GROUP CORPORATION LIMITED PINGQUAN BRANCH,China,PINGQUAN CITY,"ROOM 108,  WITHIN CHENGDE QUANSHENG INVESTMENT CO., LTD., PINGQUAN TOWN,",2024-08-22,2027-07-22,Cross Debarment: ADB,X-DEBARRED,,2026-09-23T05:00:01.779Z
888331,HEBEI CONSTRUCTION GROUP CORPORATION LIMITED WANGDU BRANCH,China,"BAODING CITY, HEBEI PROVINCE","NO 1, MENGNIU ROAD, ECONOMIC DEVELOPMENT ZONE, WANGDU COUNTY",2024-08-22,2027-07-22,Cross Debarment: ADB,X-DEBARRED,,2026-09-23T05:00:01.779Z
888338,HEBEI CONSTRUCTION GROUP CORPORATION LIMITED MATERIALS AND EQUIPMENT LEASING BRA,China,BAODING CITY,"NO 859, XIANGYANG SOUTH STREET, JINGXIU DISTRICT, BAODING CITY; NO.151, FUCHANG ROAD, JINGXIU DISTRICT",2024-08-22,2027-07-22,Cross Debarment: ADB,X-DEBARRED,,2026-09-23T05:00:01.779Z
888339,HEBEI CONSTRUCTION GROUP CORPORATION LIMITED CHENGDE BRANCH,China,,"1-2/F, WITHIN  NORTHEAST OF CHENGDE DEVELOPMENT ZONE CHENGXIN FIBERGLASS CO., LTD. INTEGRATED OFFICE BUILDING, NO 12, CHENGDE DEVELOPMENT ZONE",2024-08-22,2027-07-22,Cross Debarment: ADB,X-DEBARRED,,2026-09-23T05:00:01.779Z
888341,HEBEI CONSTRUCTION GROUP CORPORATION LIMITED XINGLONG BRANCH,China,"CHENGDE CITY, HEBEI PROVINCE","NO. 11, BUILDING 8, TIANMA BUILDING, ANDING WEST STREET, XINGLONG TOWN, XINGLONG COUNTY",2024-08-22,2027-07-22,Cross Debarment: ADB,X-DEBARRED,,2026-09-23T05:00:01.779Z
888342,HEBEI CONSTRUCTION GROUP CORPORATION LIMITED  CONSTRUCTION INSTALLATION B,China,"LANGFANG CITY, HEBEI PROVINCE","ROOM 205, CENTRAL HEATING OFFICE BUILDING, NO.169 AIMIN WEST ROAD, ANCHI DISTRICT",2024-08-22,2027-07-22,Cross Debarment: ADB,X-DEBARRED,,2026-09-23T05:00:01.779Z
888343,HEBEI CONSTRUCTION GROUP CORPORATION LIMITED GUAN BRANCH,China,"LANGFANG CITY, HEBEI PROVINCE","NO 43, LIUQUAN TIGER CAMP, GU 'AN COUNTY",2024-08-22,2027-07-22,Cross Debarment: ADB,X-DEBARRED,,2026-09-23T05:00:01.779Z
888347,HEBEI CONSTRUCTION GROUP CORPORATION LIMITED WENAN BRANCH,China,"LANGFANG CITY, HEBEI PROVINCE","DEYUAN BUILDING，MODERN HOME MANUFACTURING INDUSTRIAL PARK,  WEN 'AN COUNTY",2024-08-22,2027-07-22,Cross Debarment: ADB,X-DEBARRED,,2026-09-23T05:00:01.779Z
888349,HEBEI CONSTRUCTION GROUP CORPORATION LIMITED SHIJIAZHUANG BRANCH,China,"SHIJIAZHUANG CITY, HEBEI PROVINCE","NO 118, SHIQING ROAD, XINHUA DISTRICT",2024-08-22,2027-07-22,Cross Debarment: ADB,X-DEBARRED,,2026-09-23T05:00:01.779Z
888351,HEBEI CONSTRUCTION GROUP CORPORATION LIMITED GUANGZONG COUNTY BRANCH,China,"XINGTAI CITY, HEBEI PROVINCE","SOUTH SIDE OF LIMAO STREET, GUANGZONG COUNTY",2024-08-22,2027-07-22,Cross Debarment: ADB,X-DEBARRED,,2026-09-23T05:00:01.779Z
888352,HEBEI CONSTRUCTION GROUP CORPORATION LIMITED XINGTAI BRANCH,China,"XINGTAI CITY, HEBEI PROVINCE","ROOM 608, 6TH FLOOR, NO 328, XINHUANAN ROAD, XIANGDU DISTRICT",2024-08-22,2027-07-22,Cross Debarment: ADB,X-DEBARRED,,2026-09-23T05:00:01.779Z
952518,MAFAP S.A.,Argentina,CATAMARCA,"SAN MARTÍN 749, ANDALGALÁ C.P.4740",2025-03-04,2030-01-02,Cross Debarment: IDB,X-DEBARRED,,2026-09-23T05:00:01.779Z
888122,"BEIJING TIANJIA CONSTRUCTION ENGINEERING CO., LTD.",China,BEIJING,"ROOM 206, 2ND FLOOR, BUILDING 3, NO.2 JINGYUAN NORTH STREET, ECONOMIC AND TECHNOLOGICAL DEVELOPMENT ZONE",2024-08-22,2027-07-22,Cross Debarment: ADB,X-DEBARRED,,2026-09-23T05:00:01.779Z
888136,"HEBEI LVJIAN INVESTMENT CO., LTD.",China,"BAODING CITY, HEBEI PROVINCE","NO 382, WEST DEVELOPMENT ROAD, QINGYUAN DISTRICT",2024-08-22,2027-07-22,Cross Debarment: ADB,X-DEBARRED,,2026-09-23T05:00:01.779Z
888246,HEBEI CONSTRUCTION GROUP CORPORATION LIMITED JIEYANG BRANCH,China,JIEYANG CITY,"WEST AREA SIX ROAD,  DONGSHAN VILLAGE, RONGCHENG DISTRICT",2024-08-22,2027-07-22,Cross Debarment: ADB,X-DEBARRED,,2026-09-23T05:00:01.779Z
880208,"XIAOXIAO ""KITTY"" LIANG",China,BEIJING,"204, BUILDING 4 MYTOWN II. CHANGPING DISTRICT",2019-10-04,2999-12-31,Cross Debarment: ADB,X-DEBARRED,Permanent,2026-09-23T05:00:01.779Z
873291,OGON ASU LIMITED,Nigeria,"ASOKORO, ABUJA, FCT",47 HAILE SELASSIE STREET,2023-03-28,2999-12-31,Cross Debarment: AfDB,X-DEBARRED,Permanent,2026-09-23T05:00:01.779Z
873292,MR WILLIAM TUKU OGON,Nigeria,"ASOKORO, ABUJA, FCT",47 HAILE SELASSIE STREET,2023-03-28,2999-12-31,Cross Debarment: AfDB,X-DEBARRED,Permanent,2026-09-23T05:00:01.779Z
874185,MR. ROMAIN PISON,Belgium,BRUSSELS 1000,APT. 8 8 RUE CHARLES MARTEL,2024-07-04,2027-12-30,Cross Debarment: EBRD,X-DEBARRED,,2026-09-23T05:00:01.779Z
841651,“AGIDEL-AS” LLP,Kazakhstan,"ZHAMBYL REGION, ALMATY OBLAST, 040628","MICRODISTRICT NO. 2, 10, ULKEN VILLAGE,",2024-03-19,2026-12-10,Cross Debarment: EBRD,X-DEBARRED,,2026-09-23T05:00:01.779Z
987212,“ADOLAT QURILISH SERVIS” MAS'ULIYATI CHEKLANGAN JAMIYAT,Uzbekistan,FERGANA,"FERGANA REGION, MA'RIFAT MFY, ALISHER NAVOI SHOH KO'CHASI, 6A-UY",2025-06-12,2027-04-21,Cross Debarment: EBRD,X-DEBARRED,,2026-09-23T05:00:01.779Z
987211,“FERGANA OMEGAMET” MAS'ULIYATI CHEKLANGAN JAMIYATI,Uzbekistan,FERGANA,"FERGANA REGION, KOKALAMZOR STREET 6",2025-06-12,2027-04-21,Cross Debarment: EBRD,X-DEBARRED,,2026-09-23T05:00:01.779Z
947308,JOYCOT GENERAL CONTRACTORS LIMITED,Kenya,NYAHURURU,VIKAS NYAHURURU P.O. BOX 2027-20300,2024-03-01,2999-12-31,Cross Debarment: AfDB,X-DEBARRED,Permanent,2026-09-23T05:00:01.779Z
961343,OLIVER OTTO,Germany,BUXTEHUDE,"ESTEBRÜGGER STR. 4A, 216.14",2025-03-27,2036-02-07,Cross Debarment: IDB,X-DEBARRED,,2026-09-23T05:00:01.779Z
961346,ON'S INDUSTRY GERMANY LIMITED ZWIEGNIEDERLASSUNG,Germany,BUXTEHUDE,"ESTEBRÜGGER STR. 4A, 216.14",2025-03-27,2036-02-07,Cross Debarment: IDB,X-DEBARRED,,2026-09-23T05:00:01.779Z
960051,CONSTRUTORA COESA S.A.,Brazil,SALVADOR,"LUIS VIANA FILHO AVENUE, 6462, WALL STREET BUILDING, 41730-101",2022-03-18,2999-12-31,Cross Debarment: IDB,X-DEBARRED,Permanent,2026-09-23T05:00:01.779Z
947307,GOLDSUN INVESTMENTS COMPANY LIMITED,Kenya,NAIROBI,"209/5017/16 LUSAKA ROAD, OFF ENTERPRISE P.O. BOX 18793-00500",2023-05-25,2999-12-31,Cross Debarment: AfDB,X-DEBARRED,Permanent,2026-09-23T05:00:01.779Z
952517,MARINO VÁSQUEZ ROJAS,Guatemala,GUATEMALA,"18 CALLE BLVR. LOS PRÓCERES 24-69 ZONA 10 EDIFICIO EMPRESARIAL ZONA PRADERA, TORRE IV, NIVEL 11, OFICINA 1107",2025-03-04,2029-11-19,Cross Debarment: IDB,X-DEBARRED,,2026-09-23T05:00:01.779Z
952519,LUIS MARCELO ROJANO,Argentina,CATAMARCA,"SAN MARTÍN 749, ANDALGALÁ C.P.4740",2025-03-04,2030-01-02,Cross Debarment: IDB,X-DEBARRED,,2026-09-23T05:00:01.779Z
952520,JUAN PABLO HADDAD,Argentina,CATAMARCA,"ROJAS 623, SAN FERNANDO DEL VALLE DE CATAMARCA C.P.4700",2025-03-04,2028-01-02,Cross Debarment: IDB,X-DEBARRED,,2026-09-23T05:00:01.779Z
1046184,MAX OIL LLC,Mongolia,ULAANBAATAR 16040,"502, 5TH FLOOR, BUILDING LOCATED AT 35 PEACE AVENUE, GANDAN 16TH KHOROO, BAYANGOL DISTRICT",2025-12-16,2030-05-25,Cross Debarment: EBRD,X-DEBARRED,,2026-09-23T05:00:01.779Z
1046204,NITROSIBIR MONGOLIA LLC,Mongolia,ULAANBAATAR 15170,"MAX TOWER, JUULCHIN STREET 4/4, CHINGELTEI DISTRICT",2025-12-16,2030-05-25,Cross Debarment: EBRD,X-DEBARRED,,2026-09-23T05:00:01.779Z
1046201,MARKO POLO LLC,Mongolia,ULAANBAATAR 15170,"MAX TOWER, JUULCHIN STREET 4/4, CHINGELTEI DISTRICT",2025-12-16,2030-05-25,Cross Debarment: EBRD,X-DEBARRED,,2026-09-23T05:00:01.779Z
1043839,MS. DUONG VANNARY,Cambodia,PHNOM PENH,"BATONG POUNG PEAY, PHNOM PENH THMEI, SEN SOK",2025-12-08,2029-07-17,Cross Debarment: ADB,X-DEBARRED,,2026-09-23T05:00:01.779Z
1046187,SUU TRADE LLC,Mongolia,ULAANBAATAR 18072,"STOCK COMPANY LOBAR UNION STREET - 37, SONGINOKHAIRKHAN DISTRICT",2025-12-16,2030-05-25,Cross Debarment: EBRD,X-DEBARRED,,2026-09-23T05:00:01.779Z
961345,INGE OTTO,Germany,BUXTEHUDE,"ESTEBRÜGGER STR. 4A, 216.14",2025-03-27,2036-02-07,Cross Debarment: IDB,X-DEBARRED,,2026-09-23T05:00:01.779Z
941178,MARION TOMISLAV TOPIC GRANADOS,Ecuador,SAMBORONDON,"URBANIZACIÓN LAGUNA DORADA, VILLA #8 KILÓMETRO 2",2025-01-29,2035-12-18,Cross Debarment: IDB,X-DEBARRED,,2026-09-23T05:00:01.779Z
941202,CABLE ANDINO USA INC.,United States,MIAMI,1100 NW 163RD DRIVE,2025-01-29,2035-12-18,Cross Debarment: IDB,X-DEBARRED,,2026-09-23T05:00:01.779Z
941204,CABLE ANDINO INC.,"Bahamas, The",NASSAU,"SASSOON HOUSE, SHIRLEY STREET & VICTORIA AVE. P.O. BOX SS-5383",2025-01-29,2035-12-18,Cross Debarment: IDB,X-DEBARRED,,2026-09-23T05:00:01.779Z
941201,MEGADATOS S.A.,Ecuador,QUITO,NÚÑEZ DE VELA Y ATAHUALPA NO. E3-13 BARRIO LA CAROLINA,2025-01-29,2035-12-18,Cross Debarment: IDB,X-DEBARRED,,2026-09-23T05:00:01.779Z
941203,CABLE ANDINO S.A. CORPANDINO,Ecuador,MANTA,"CALLE 15, AVENIDA 24 EDIFICO BARRE II, 1ER PISO",2025-01-29,2035-12-18,Cross Debarment: IDB,X-DEBARRED,,2026-09-23T05:00:01.779Z
941179,JAN TOMISLAV TOPIC FERAUD,Ecuador,GUAYAQUIL,EDIFICIO CAJAMARCA CAMPUS TECNOLÓGICO TELCONET CONECTOR CEIBOS/ESPOL (FRENTE A COLEGIO CRUZ DEL SUR),2025-01-29,2035-12-18,Cross Debarment: IDB,X-DEBARRED,,2026-09-23T05:00:01.779Z
941180,TELCONET S.A.,Ecuador,GUAYAQUIL,"AVENIDA DR. LUIS ORRANTÍA CORNEJO Y AVENIDA KENNEDY NORTE MANZANA 109, SOLAR 2, DIAGONAL IGLESIA SAN GABRIEL CONDOMINIO HERMANOS MORLA",2025-01-29,2035-12-18,Cross Debarment: IDB,X-DEBARRED,,2026-09-23T05:00:01.779Z
946315,CARLOS XAVIER ARAY MERINO,Ecuador,SANBORONDÓN,"URBANIZACIÓN PALMA MALLORCA KM. 3,5 VÍA SANBORONDÓN",2025-02-13,2027-12-17,Cross Debarment: IDB,X-DEBARRED,,2026-09-23T05:00:01.779Z
1056006,M. BOUBACAR BAH,Mali,BAMAKO,"HAMDALLAYE ACI 2000,À 200 M DI MONUMENT DE LA GRANDE BOUGIE",2026-01-27,2028-05-27,Cross Debarment: AfDB,X-DEBARRED,,2026-09-23T05:00:01.779Z
1046198,MAX SHIL LLC,Mongolia,ULAANBAATAR 16040,"BUILDING NO. 35, PEACE AVENUE, GANDAN 16TH KHOROO, BAYANGOL DISTRICT",2025-12-16,2030-05-25,Cross Debarment: EBRD,X-DEBARRED,,2026-09-23T05:00:01.779Z
1046199,TSEN GAZAR LLC,Mongolia,ULAANBAATAR 15141,"3RD FLOOR, M PLAZA, SAMBUU STREET, 5TH KHOROO, CHINGELTEI DISTRICT",2025-12-16,2030-05-25,Cross Debarment: EBRD,X-DEBARRED,,2026-09-23T05:00:01.779Z
1046181,MAX IMPEX LLC,Mongolia,ULAANBAATAR 15170,"MAX TOWER, JUULCHIN STREET 4/4, CHINGELTEI DISTRICT",2025-12-16,2030-05-25,Cross Debarment: EBRD,X-DEBARRED,,2026-09-23T05:00:01.779Z
1046189,MAX CAPITAL LLC,Mongolia,ULAANBAATAR 15170,"MAX TOWER, JUULCHIN STREET 4/4, CHINGELTEI DISTRICT",2025-12-16,2030-05-25,Cross Debarment: EBRD,X-DEBARRED,,2026-09-23T05:00:01.779Z
1046200,NUTGIIN ORD LLC,Mongolia,ULAANBAATAR 15141,"SUITE 1601, M PLAZA, SAMBUU STREET 24",2025-12-16,2030-05-25,Cross Debarment: EBRD,X-DEBARRED,,2026-09-23T05:00:01.779Z
1046772,RASK HOLDING AF 2017 AP,Denmark,DRAGOR,"GERDSVEJ 5B, 2791",2025-12-18,2032-11-23,Cross Debarment: IDB,X-DEBARRED,,2026-09-23T05:00:01.779Z
1043835,CM-4 LLC DUSHANBESTROY,Tajikistan,DUSHANBE CITY,"BORDAD STR., 34",2025-12-08,2031-04-25,Cross Debarment: ADB,X-DEBARRED,,2026-09-23T05:00:01.779Z
1043836,MR. JAMSHED SHARIFOV,Tajikistan,DUSHANBE CITY,"21/12-5, DEKHOTI STR.",2025-12-08,2031-04-25,Cross Debarment: ADB,X-DEBARRED,,2026-09-23T05:00:01.779Z
1043837,"CHHUONG SING ENGINEERING & DESIGN CO., LTD.",Cambodia,PHNOM PENH,"NO. 212D, NATIONAL ROAD 6, KHTOR VILLAGE, SANGKAT PREKLEAP, KHAN CHROY CHANGVAR",2025-12-08,2030-07-17,Cross Debarment: ADB,X-DEBARRED,,2026-09-23T05:00:01.779Z
1043838,MR. CHIM CHAMROEUN,Cambodia,PHNOM PENH,"NO. 212D, NATIONAL ROAD 6, KHTOR VILLAGE, SANGKAT PREKLEAP, KHAN CHROY CHANGVAR",2025-12-08,2030-07-17,Cross Debarment: ADB,X-DEBARRED,,2026-09-23T05:00:01.779Z
1046774,TERACON IT APS,Denmark,2800 KGS. LYNGBY,DIPLOMVEJ 377,2025-12-18,2032-11-23,Cross Debarment: IDB,X-DEBARRED,,2026-09-23T05:00:01.779Z
1046183,LAND-ORE LLC,Mongolia,ULAANBAATAR 15141,"SUITE 1601, M PLAZA, SAMBUU STREET 24",2025-12-16,2030-05-25,Cross Debarment: EBRD,X-DEBARRED,,2026-09-23T05:00:01.779Z
1103435,"ZHEJIANG JIANGNENG HANGTANG ELECTROMECHANICAL ENGINEERING CO., LTD.",China,ZHEJIANG,"171 ZHANGJIADUN RD., TANGQI TOWN, LINPING DIST., HANGZHOU",2026-07-06,2029-06-11,Cross Debarment: ADB,X-DEBARRED,,2026-09-23T05:00:01.779Z
1098008,ARTMEDICAL LLC,Ukraine,LVIV,"UKRAINE, 79002, LVIV REGION, 1A VELYCHKOVSKOGO STREET, APARTMENT 82",2026-06-12,2027-08-20,Cross Debarment: EBRD,X-DEBARRED,,2026-09-23T05:00:01.779Z
1098016,“COMPANY LOGIST-LVIV-TRANS” LLC,Ukraine,LVIV,"UKRAINE, 79013, GRABOVSKOGO STREET, BUILDING 11",2026-06-12,2027-08-20,Cross Debarment: EBRD,X-DEBARRED,,2026-09-23T05:00:01.779Z
1097968,ONUR POLSKA SP. Z O.O.,Poland,WARSAW,"OKREZNA ST. NO: 83-A/7, 02-933",2026-06-12,2027-08-20,Cross Debarment: EBRD,X-DEBARRED,,2026-09-23T05:00:01.779Z
1097973,SHCHYRETSKYI ZZBV LLC,Ukraine,LVIV,"UKRAINE, 81160, LVIV REGION, PUSTOMYTIVSKYY DISTRICT, SHCHYRETS, ZOLOTOHIRSKA STREET, BUILDING 44",2026-06-12,2027-08-20,Cross Debarment: EBRD,X-DEBARRED,,2026-09-23T05:00:01.779Z
1097980,SONYACHNA ENERHIYA PODILLYA LLC,Ukraine,VILLAGE OF MARKIVKA (Z),"UKRAINE, 32215, KHMELNYTSKYI REGION, DERAZHNIA DISTRICT, KOZATSKA STREET, BUILDING 39",2026-06-12,2027-08-20,Cross Debarment: EBRD,X-DEBARRED,,2026-09-23T05:00:01.779Z
1097986,SONYACHNA ENERHIYA HORODOCHCHYNY LLC,Ukraine,VILLAGE VELYKA,"UKRAINE, 32054, KHMELNYTSKYI REGION, KHMELNYTSKYI DISTRICT, YAROMIRKA, VISHNEVA STREET, BUILDING 43",2026-06-12,2027-08-20,Cross Debarment: EBRD,X-DEBARRED,,2026-09-23T05:00:01.779Z
1097999,ROKYTNIVSKYI SPETSKARIER LLC,Ukraine,VILLAGE OF ROKYTNE,"UKRAINE, 34208, RIVNE REGION, SARNENSKY DISTRICT, IVANA FRANKA STREET, BUILDING 101",2026-06-12,2027-08-20,Cross Debarment: EBRD,X-DEBARRED,,2026-09-23T05:00:01.779Z
1098002,ACTU PRO LLC,Ukraine,VILLAGE OF TROSTYANETS,"UKRAINE, 81614, LVIV REGION, STRYYSKYY DISTRICT, ZELENA STREET, BUILDING 3G",2026-06-12,2027-08-20,Cross Debarment: EBRD,X-DEBARRED,,2026-09-23T05:00:01.779Z
1098003,NADRA EKSPERT PE,Ukraine,VILLAGE OF TROSTYANETS,"UKRAINE, 81614, LVIV REGION, MYKOLAYIVSKYY DISTRICT",2026-06-12,2027-08-20,Cross Debarment: EBRD,X-DEBARRED,,2026-09-23T05:00:01.779Z
1098004,FES ENERDZHI STANDART LLC,Ukraine,VINNYTSIA REGION,"UKRAINE, 23316, VINNYTSKYY DISTRICT, SELICHE VILLAGE, GNIVANSKA, TRAVNEVA STREET, BUILDING 19A",2026-06-12,2027-08-20,Cross Debarment: EBRD,X-DEBARRED,,2026-09-23T05:00:01.779Z
1098011,STARBETON LLC,Ukraine,LVIV REGION,"UKRAINE, 82600, STRIYSKY DISTRICT, SKOLE, GEROIV MAKIVKY STREET, BUILDING 18/A",2026-06-12,2027-08-20,Cross Debarment: EBRD,X-DEBARRED,,2026-09-23T05:00:01.779Z
1098012,EFE CONSTRUCTION LLC,Ukraine,LVIV REGION,"UKRAINE, 81160, LVIV DISTRICT, SHCHYRETS, ZOLOTOHIRSKA STREET, BUILDING 44",2026-06-12,2027-08-20,Cross Debarment: EBRD,X-DEBARRED,,2026-09-23T05:00:01.779Z
1098014,ONDEM ENERGY SYSTEM LLC,Ukraine,LVIV,"UKRAINE, 79002, LVIV REGION, IVAN VELYCHKOVSKOGO STREET, BUILDING 1A, APARTMENT 82",2026-06-12,2027-08-20,Cross Debarment: EBRD,X-DEBARRED,,2026-09-23T05:00:01.779Z
1098015,ALTUNAR GROUP LLC,Ukraine,LVIV,"UKRAINE, 79040, LVIV REGION, AVIATSIINA STREET, BUILDING 7",2026-06-12,2027-08-20,Cross Debarment: EBRD,X-DEBARRED,,2026-09-23T05:00:01.779Z
1104271,BLUEHOUSE INVESTMENT ADVISORS LTD,Cyprus,NICOSIA,"AVLONOS, 1, MARIA HOUSE, 2ND FLOOR, FLAT/OFFICE 6, 1075",2026-07-08,2028-09-18,Cross Debarment: EBRD,X-DEBARRED,,2026-09-23T05:00:01.779Z
1102471,APPLUS NORCONTROL CAPACITACIÓN SA,Chile,SANTIAGO DE CHILE,"ALBERTO HENCKEL 2317, PROVIDENCIA",2026-06-26,2027-07-10,Cross Debarment: EBRD,X-DEBARRED,,2026-09-23T05:00:01.779Z
1102464,"APPLUS NORCONTROL COLOMBIA, LTDA.",Colombia,BOGOTÁ,"DIAGONAL CALLE 71 A BIS # 20-69, D.C., 111211",2026-06-26,2027-07-10,Cross Debarment: EBRD,X-DEBARRED,,2026-09-23T05:00:01.779Z
1102467,"APPLUS NORCONTROL PERÚ, SAC",Peru,LIMA,"AV. EL DERBY 254, INT. 901. SANTIAGO DE SURCO",2026-06-26,2027-07-10,Cross Debarment: EBRD,X-DEBARRED,,2026-09-23T05:00:01.779Z
1097964,ÇETINLER ASFALT YOL YAPI INSAAT TAAH.MAD.TUR.SAN.VE TIC.LTD.STI.,Turkiye,ANKARA,"SÖGÜTÖZÜ MAH. 2177. CAD. VIA TWINS IS MERK. NO: 10 B/160 06510, ÇANKAYA",2026-06-12,2027-08-20,Cross Debarment: EBRD,X-DEBARRED,,2026-09-23T05:00:01.779Z
1097965,OPAL ON PREFABRIK YAPILAR INSAAT SANAYI VE TICARET A.S.,Turkiye,ANKARA,"ASO 1. OSB HAZAR CAD. NO: 5 06935, SINCAN",2026-06-12,2027-08-20,Cross Debarment: EBRD,X-DEBARRED,,2026-09-23T05:00:01.779Z
1097967,BERGAMA ENDÜSTRIYEL MINERALLERI ÜRETIM VE SAN.TIC.A.S.,Turkiye,ANKARA,"ILKBAHAR MAH. FAHREDDIN PASA SOK. NO: 14/1 06550, ÇANKAYA",2026-06-12,2027-08-20,Cross Debarment: EBRD,X-DEBARRED,,2026-09-23T05:00:01.779Z
1102465,"APPLUS NORCONTROL REPUBLICA DOMINICANA, SRL",Dominican Republic,DISTRITO NACIONAL,"ANDRÉS JULIO AYBAR Nº49, SUITE 102, PIANITNI, SANTO DOMINGO DE GUZMÁN,",2026-06-26,2027-07-10,Cross Debarment: EBRD,X-DEBARRED,,2026-09-23T05:00:01.779Z
1097949,SOLAR PAUER FARM LLC,Ukraine,LVIV,"UKRAINE, 79069, LVIV REGION, TARAS SHEVCHENKO STREET, BUILDING 317 H",2026-06-12,2027-08-20,Cross Debarment: EBRD,X-DEBARRED,,2026-09-23T05:00:01.779Z
1097979,KHMELNYTSKA ENERHETYCHNA KOMPANIYA LLC,Ukraine,VILLAGE OF SUTKIVTSI,"UKRAINE, 32134, KHMELNYTSKYI REGION, YARMOLYNTSI DISTRICT, DOVZHENKA STREET, BUILDING 8",2026-06-12,2027-08-20,Cross Debarment: EBRD,X-DEBARRED,,2026-09-23T05:00:01.779Z
1098001,GEPARDTECH LLC,Ukraine,LVIV,"UKRAINE, 79069, LVIV REGION, TARAS SHEVCHENKO STREET, BUILDING 323",2026-06-12,2027-08-20,Cross Debarment: EBRD,X-DEBARRED,,2026-09-23T05:00:01.779Z
1103442,JIANGNENG KYRGYZSTAN BRANCH,Kyrgyz Republic,BISHKEK CITY,"SVERDLOVSKY DISTRICT, CHOKAN VAALIHANOV STREET, HOUSE 2/9, OFFICE 3",2026-07-06,2029-06-11,Cross Debarment: ADB,X-DEBARRED,,2026-09-23T05:00:01.779Z
1105383,MR. RODRIGO CALDERON ROSAS,Peru,LIMA,"JR. LAS MORAS 625, LA MOLINA",2026-07-13,2030-06-11,Cross Debarment: IDB,X-DEBARRED,,2026-09-23T05:00:01.779Z
1103431,"ZHEJIANG JIANGNENG CONSTRUCTION CO., LTD.",China,ZHEJIANG,"ROOM 302, BLDG 5, 336 CHANGJIANG RD., CHANGHE SUBDIST, BINJIANG DIST, HANGZHOU,",2026-07-06,2029-06-11,Cross Debarment: ADB,X-DEBARRED,,2026-09-23T05:00:01.779Z
1103436,"ZHEJIANG WISDOM JIANGNENG TECHNOLOGY SERVICE CO., LTD.",China,ZHEJIANG,"RM 30042, 3RD FLOOR, NO.615 BINFEN STREET, XIXING SUBDISTRICT, BINJIANG DISTRICT, HANGZHOU",2026-07-06,2029-06-11,Cross Debarment: ADB,X-DEBARRED,,2026-09-23T05:00:01.779Z
1104263,BLUEHOUSE CAPITAL HOLDINGS LTD,Cyprus,NICOSIA,"ARCHIEPISKOPOU MAKARIOU III 2-4, CAPITAL CENTER, FLOOR 9, 1065",2026-07-08,2028-09-18,Cross Debarment: EBRD,X-DEBARRED,,2026-09-23T05:00:01.779Z
1104265,BLUEHOUSE CAPITAL LTD,Cyprus,NICOSIA,"ARCHIEPISKOPOU MAKARIOU III 2-4, CAPITAL CENTER, FLOOR 9, 1065",2026-07-08,2028-09-18,Cross Debarment: EBRD,X-DEBARRED,,2026-09-23T05:00:01.779Z
1103439,JIANGNENG NINGBO BRANCH,China,ZHEJIANG,"SHIJIUMIAO VILLAGE, DONGQIAO TOWN, HAISHU DIST, NINGBO",2026-07-06,2029-06-11,Cross Debarment: ADB,X-DEBARRED,,2026-09-23T05:00:01.779Z
1097961,ONUR TAAHHÜT TASIMACILIK INSAAT TICARET VE SANAYI A.S.,Turkiye,ANKARA,"B BLOK APARTMANI, NO:4 B-118, MUSTAFA KEMAL MAHALLESI, 2118 CADDESI,ÇANKAYA,06530",2026-06-12,2027-08-20,Cross Debarment: EBRD,X-DEBARRED,,2026-09-23T05:00:01.779Z
1097962,ÇETIN ISLETMELERI INSAAT TAAH.PRO.MUH.TAS.TURZ.MAD.TIC.VE SAN.A.S.,Turkiye,ANKARA,"SÖGÜTÖZÜ MAH. 2177. CAD. VIA TWINS IS MERK.NO: 10 B/159,06510, ÇANKAYA",2026-06-12,2027-08-20,Cross Debarment: EBRD,X-DEBARRED,,2026-09-23T05:00:01.779Z
1097970,ONUR CONSTRUCTION INTERNATIONAL LLC,Ukraine,LVIV,"UKRAINE, 79040, LVIV REGION,AVIATSIINA STREET, BUILDING 7",2026-06-12,2027-08-20,Cross Debarment: EBRD,X-DEBARRED,,2026-09-23T05:00:01.779Z
1097971,YUNASHKIVSKYI GRANQUARRY LLC,Ukraine,VILLAGE OF YUNASHKY,"UKRAINE, 22232, POHREBYSHCHE DISTRICT, VINNYTSIA REGION,",2026-06-12,2027-08-20,Cross Debarment: EBRD,X-DEBARRED,,2026-09-23T05:00:01.779Z
1097991,SONIACHNA ENERHIIA KHMELNYCHCHYNY LLC,Ukraine,SHEPETIVKA,"UKRAINE, 30405, KHMELNYTSKYI REGION, SUDYLKIVSKA STREET, BUILDING 189A",2026-06-12,2027-08-20,Cross Debarment: EBRD,X-DEBARRED,,2026-09-23T05:00:01.779Z
1098018,"INDUSTRIAL PARK ""ECOCENTER"" LLC",Ukraine,LVIV,"UKRAINE, 79000, LVIV REGION, GRABOVSKOGO P. STREET, BUILDING 11",2026-06-12,2027-08-20,Cross Debarment: EBRD,X-DEBARRED,,2026-09-23T05:00:01.779Z
1091292,MR. NIHAT DEMIROGLU,Turkiye,BURSA,"ALAADDINBEY MAH. ADALET(380) SK. NO: 36, 16285 NILÜFER",2026-05-21,2028-09-05,Cross Debarment: EBRD,X-DEBARRED,,2026-09-23T05:00:01.779Z
1098000,ONAN ENERGY SYSTEMS LLC,Ukraine,LVIV,"UKRAINE, 79040, LVIV REGION, 7A AVIATSIINA STREET",2026-06-12,2027-08-20,Cross Debarment: EBRD,X-DEBARRED,,2026-09-23T05:00:01.779Z
1098005,SMART EVOLIUSHYN LLC,Ukraine,VINNYTSIA REGION,"UKRAINE, 23316, VINNYTSKYY DISTRICT, SELICHE VILLAGE, GNIVANSKA, TRAVNEVA STREET, BUILDING 19A",2026-06-12,2027-08-20,Cross Debarment: EBRD,X-DEBARRED,,2026-09-23T05:00:01.779Z
1098006,VEKTOR SES LLC,Ukraine,VINNYTSIA REGION,"UKRAINE, 23316, VINNYTSKYY DISTRICT, SELICHE VILLAGE, GNIVANSKA, TRAVNEVA STREET, BUILDING 19A",2026-06-12,2027-08-20,Cross Debarment: EBRD,X-DEBARRED,,2026-09-23T05:00:01.779Z
1098007,ONUR ENERGY SOLUTIONS LLC,Ukraine,LVIV,"UKRAINE, 79002, LVIV REGION, 1A VELYCHKOVSKOGO STREET, APARTMENT 30",2026-06-12,2027-08-20,Cross Debarment: EBRD,X-DEBARRED,,2026-09-23T05:00:01.779Z
1098009,OKTAVIIABUD LLC,Ukraine,LVIV,"UKRAINE, 79005, TARAS SHEVCHENKO AVENUE, BUILDING 36, OFFICE 4",2026-06-12,2027-08-20,Cross Debarment: EBRD,X-DEBARRED,,2026-09-23T05:00:01.779Z
1091280,MR. AHMET YALÇIN YAZICI,Turkiye,BURSA,"ALAADDINBEY MAH. ADALET(380) SK. NO: 36, 16285 NILÜFER",2026-05-21,2029-05-05,Cross Debarment: EBRD,X-DEBARRED,,2026-09-23T05:00:01.779Z
1091291,GET YAPI INSAAT SAN TIC LTD STI,Turkiye,BURSA,"ALAADDINBEY MAH. ADALET(380) SK. NO: 36, 16285 NILÜFER",2026-05-21,2029-05-05,Cross Debarment: EBRD,X-DEBARRED,,2026-09-23T05:00:01.779Z
1097975,STAR SECURITY LLC,Ukraine,LVIV,"UKRAINE, 82547, LVIV REGION, SAMBIRSKY DISTRICT, BORYNYA VILLAGE, SONYACHNA STREET,BUILDING 34",2026-06-12,2027-08-20,Cross Debarment: EBRD,X-DEBARRED,,2026-09-23T05:00:01.779Z
1097976,WOOD INDUSTRIES LLC,Ukraine,LVIV,"UKRAINE, 81700, LVIV REGION, STRIYSKY DISTRICT ZHYDACHIV, HNIZDYCHIVSKA STREET, BUILDING 8",2026-06-12,2027-08-20,Cross Debarment: EBRD,X-DEBARRED,,2026-09-23T05:00:01.779Z
1097994,SOLAR STREAM LLC,Ukraine,KHMELNYTSKYI REGION,"UKRAINE, 31652, KAMYANETS-PODILSKY DISTRICT, ZARICHANKA VILLAGE, DUNAEVSKE STREET, BUILDING 2",2026-06-12,2027-08-20,Cross Debarment: EBRD,X-DEBARRED,,2026-09-23T05:00:01.779Z
1097997,ORESTA LLC,Ukraine,KYIV,"UKRAINE, 01001, HRUSHEVSKOGO STREET, BUILDING 10, OFFICE 324",2026-06-12,2027-08-20,Cross Debarment: EBRD,X-DEBARRED,,2026-09-23T05:00:01.779Z
1098017,ALIANS-TSENTRBUD LLC,Ukraine,LVIV,"UKRAINE, 79002, VELYCHKOVSKOGO STREET, BUILDING 1A, APARTMENT 29",2026-06-12,2027-08-20,Cross Debarment: EBRD,X-DEBARRED,,2026-09-23T05:00:01.779Z
1065900,GÖKSIN INSAAT GIDA TURIZM BILISIM TUKETIM MALLARI PAZARLAMA MADENCILIK VE PROJE MÜSAVIRLIK HIZMETLERI SANAYI (ET.AL),Turkiye,BURSA,"ÇALI MAHALLESI, AHISKA CADDESI, NO:219/A NILÜFER",2026-03-03,2031-08-11,Cross Debarment: EBRD,X-DEBARRED,,2026-09-23T05:00:01.779Z
1104194,MR. VICTOR PISANTE,Greece,ATHENS,32 VOUKOURESTIOU STR,2026-07-08,2028-09-18,Cross Debarment: EBRD,X-DEBARRED,,2026-09-23T05:00:01.779Z
1102456,APPLUS NORCONTROL SARL,Morocco,CASABLANCA,"INDUSPARC MODULE N°11BD AHL LOGHLAM, ROUTE DE TIT MELLIL CHEMIN TERTIAIRE, 1015 SIDI MOUMEN,20400",2026-06-26,2027-07-10,Cross Debarment: EBRD,X-DEBARRED,,2026-09-23T05:00:01.779Z
1102468,"APPLUS NORCONTROL CONSULTORÍAS E INGENIERÍAS, S.A.S.",Colombia,BOGOTÁ,"DIAGONAL CALLE 71 A BIS # 20-69, D.C., 111211",2026-06-26,2027-07-10,Cross Debarment: EBRD,X-DEBARRED,,2026-09-23T05:00:01.779Z
1097990,SOLAR POWER LLC,Ukraine,KHMELNYTSKYI REGION,"UKRAINE, 32140, YARMOLYNETSKYY DISTRICT, VILLAGE MYKHAYLIVKA, TSENTRALNA STREET, BUILDING 55",2026-06-12,2027-08-20,Cross Debarment: EBRD,X-DEBARRED,,2026-09-23T05:00:01.779Z
1098010,ALMER DRUM S.R.L.,Romania,"BUCURESTI-PLOIESTI,","BUCURESTI SECTORUL 1, SOS. NR. 9-13,",2026-06-12,2027-08-20,Cross Debarment: EBRD,X-DEBARRED,,2026-09-23T05:00:01.779Z
1098013,ONUR ENERGY INVESTMENT LLC,Ukraine,LVIV,"UKRAINE, 79069, LVIV REGION, TARAS SHEVCHENKO STREET, BUILDING 317 H",2026-06-12,2027-08-20,Cross Debarment: EBRD,X-DEBARRED,,2026-09-23T05:00:01.779Z
1097978,SONYACHNA ENERHIYA SOLOBKIVTSI LLC,Ukraine,VILLAGE OF SOLOBKIVTSI,"UKRAINE, 32162, KHMELNYTSKYI REGION, YARMOLYNTSI DISTRICT, MOLODIZHNA STREET, BUILDING 50",2026-06-12,2027-08-20,Cross Debarment: EBRD,X-DEBARRED,,2026-09-23T05:00:01.779Z
1097995,SMART ECO ENERGY LLC,Ukraine,KHMELNYTSKYI REGION,"UKRAINE, 30403, SHEPETIVSKA DISTRICT, SHEPETIVKA, CHISLYUKA VALERIIA STREET, BUILDING 2",2026-06-12,2027-08-20,Cross Debarment: EBRD,X-DEBARRED,,2026-09-23T05:00:01.779Z
1102457,"APPLUS FOMENTO CONTROL, SA",Morocco,CASABLANCA,"RUE EL WAHDA, RÉSIDENCE IMAM ALI, APT 2",2026-06-26,2027-07-10,Cross Debarment: EBRD,X-DEBARRED,,2026-09-23T05:00:01.779Z
1104261,BH INVESTMENT PROPERTY VIII LTD,Cyprus,NICOSIA,"ARCHIEPISKOPOU MAKARIOU III 2-4, CAPITAL CENTER, FLOOR 9, 1065",2026-07-08,2028-09-18,Cross Debarment: EBRD,X-DEBARRED,,2026-09-23T05:00:01.779Z
1102384,"APPLUS NORCONTROL, S.L.U.",Spain,SADA A CORUÑA,"CARRETERA NACIONAL VI, KM 582, 15160",2026-06-26,2027-07-10,Cross Debarment: EBRD,X-DEBARRED,,2026-09-23T05:00:01.779Z
1097972,EFE BETON LLC,Ukraine,LVIV,"UKRAINE, 79040, LVIV REGION, AVIATSIINA STREET, BUILDING 7",2026-06-12,2027-08-20,Cross Debarment: EBRD,X-DEBARRED,,2026-09-23T05:00:01.779Z
1097988,NOVI SONYACHNI TEKHNOLOHIYI LLC,Ukraine,KHMELNYTSKYI REGION,"UKRAINE, 29000, KHMELNYTSKYI DISTRICT, ROZSOSHANSKA TERRITORIAL COMMUNITY, STRYI–TERNOPIL–KROPYVNYTSKYI–ZNAMIANKA HIGHWAY, KM 261, BUILDING WITHOUT NUMBER",2026-06-12,2027-08-20,Cross Debarment: EBRD,X-DEBARRED,,2026-09-23T05:00:01.779Z
1065931,GÖL ÇEVRE TEKNOLOJILER MIMARLIK MÜHENDISLIK INSAAT TURIZM TEKSTIL TEMIZLIK PROJE MÜSAVIRLIK SANAYI VE TICARET (ET AL.),Turkiye,BURSA,"BESEVLER MAHALLESI PAPATYA SOKAK, NO: 26 NILÜFER",2026-03-03,2029-11-11,Cross Debarment: EBRD,X-DEBARRED,,2026-09-23T05:00:01.779Z
1066254,GOL CHEVRE TECHNOLOGY ARCHITECTS MIMARLYK MUHENDSILIK INSHAAT TOURISM TEXTILE TEMIZLIK PROJE MUSHAVIRLIK LLC,Ukraine,LVIV CITY,"79005, LVIV REGION, SHEVCHENKO AVENUE, BUILDING 36, OFFICE 4",2026-03-03,2029-11-11,Cross Debarment: EBRD,X-DEBARRED,,2026-09-23T05:00:01.779Z
1066253,GÖL ÇEVRE TEKNOLOJILERI KIBRIS LIMITED,Cyprus,NICOSIA,"BEDRETTIN DEMIREL STREET, BUILDING NO. 100 2ND FLOOR",2026-03-03,2029-11-11,Cross Debarment: EBRD,X-DEBARRED,,2026-09-23T05:00:01.779Z
1072577,MR. DENIS BEJAN,Moldova,CHISINAU,"3/6 STUDENTILOR STREET, 2045",2026-03-23,2027-09-04,Cross Debarment: EBRD,X-DEBARRED,,2026-09-23T05:00:01.779Z
1072579,“BLACK FOREST” D.O.O. SARAJEVO,Bosnia and Herzegovina,SARAJEVO,"SKENDERPAŠINA NO. 33, 71000",2026-03-23,2027-09-04,Cross Debarment: EBRD,X-DEBARRED,,2026-09-23T05:00:01.779Z
1072578,MR. MIRZA RESIC,Bosnia and Herzegovina,SARAJEVO,"SKENDERPAŠINA NO. 20, 71000",2026-03-23,2027-09-04,Cross Debarment: EBRD,X-DEBARRED,,2026-09-23T05:00:01.779Z
1066255,ONETEAM CONSULTING SOLUTIONS LIMITED,Cyprus,NICOSIA,BÜLENT ECEVIT STREET OPPOSITE HASPOLAT ROUNDABOUT NEXT TO TÜFEKÇI LTD. HASPOLAT,2026-03-03,2031-08-11,Cross Debarment: EBRD,X-DEBARRED,,2026-09-23T05:00:01.779Z
